transaction_amount,transaction_hour,distance_from_home_km,account_age_days,previous_transactions,distance_home_txn_hours,txn_within_age,txn_amount_within_odd_hours,is_fraud
4114.55,19,40.57,982,19,0,0,0,0
53347.71,10,3.55,75,25,0,0,0,0
3237.31,16,16.19,2332,34,0,0,0,0
3947.71,21,5.65,2491,19,0,0,0,0
3741.25,15,10.22,3038,31,0,0,0,0
77067.41,14,6.09,978,24,0,0,0,0
12538.51,3,13.1,687,28,0,0,0,0
9329.93,22,29.09,272,29,0,0,0,0
10332.04,18,11.58,2527,28,0,0,0,0
6212.98,11,13.33,2162,23,0,0,0,0
2326.72,10,6.69,610,21,0,0,0,0
9138.9,22,1.37,1553,13,0,0,0,0
6328.53,3,0.92,2146,22,0,0,0,0
7979.97,0,26.18,378,30,0,0,0,0
3986.06,3,9.84,1040,22,0,0,0,0
3596.07,18,33.89,133,18,0,0,0,0
6742.23,10,0.18,3449,21,0,0,0,0
4907.88,3,1.5,462,20,0,0,0,0
1721.65,2,20.05,2128,30,0,0,0,0
6429.8,8,21.06,1553,23,0,0,0,0
15148.66,11,5.48,2976,16,0,0,0,0
13056.49,16,4.65,424,15,0,0,0,0
12352.16,21,41.08,947,21,0,0,0,0
3856.5,18,1.54,2082,24,0,0,0,0
1635.54,23,48.59,2925,19,0,0,0,0
3166.99,1,8.14,3616,28,0,0,0,0
4551.03,11,4.14,3048,22,0,0,0,0
15090.34,13,4.11,2912,21,0,0,0,0
20590.62,15,10.42,3110,31,0,0,0,0
10728.26,4,4.27,1212,26,0,0,0,0
5702.08,5,13.74,1088,28,0,0,0,0
8881.74,22,5.85,3585,27,0,0,0,0
3057.39,21,18.57,139,33,0,0,0,0
4345.34,21,10.24,1996,26,0,0,0,0
8765.99,13,19.7,354,26,0,0,0,0
1961.83,6,3.07,774,20,0,0,0,0
16643.22,11,7.65,3018,22,0,0,0,0
4533.96,4,9.4,3460,26,0,0,0,0
7370.02,10,2.49,210,31,0,0,0,0
13266.36,12,16.38,2617,22,0,0,0,0
3866.98,2,21.49,2639,31,0,0,0,0
16051.69,15,38.07,2824,28,0,0,0,0
10554.09,14,8.68,2320,31,0,0,0,0
6542.08,2,34.02,1335,24,0,0,0,0
20315.8,18,5.17,100,25,0,0,0,0
6700.66,9,21.12,33,22,0,0,0,0
46507.24,20,2.29,606,28,0,0,0,0
13535.97,4,42.3,2341,24,0,0,0,0
2082.71,16,1.49,397,21,0,0,0,0
3903.52,13,0.22,2805,23,0,0,0,0
407.02,20,10.97,1892,28,0,0,0,0
2435.36,21,1.05,3382,26,0,0,0,0
1232.56,23,11.76,3115,17,0,0,0,0
3440.95,22,14.0,2051,20,0,0,0,0
12243.87,1,20.26,3420,18,0,0,0,0
5387.97,12,1.67,595,26,0,0,0,0
4994.61,2,16.38,2804,30,0,0,0,0
1835.55,22,22.18,3181,24,0,0,0,0
12738.34,0,0.23,2511,26,0,0,0,0
10852.96,23,4.17,2112,24,0,0,0,0
10168.34,19,23.88,2691,21,0,0,0,0
8578.49,7,10.66,505,25,0,0,0,0
15495.12,9,2.36,2243,24,0,0,0,0
52748.88,14,3.98,2590,26,0,0,0,0
107965.14,0,21.01,2994,17,0,0,1,1
8560.67,13,4.82,1601,33,0,0,0,0
1371.64,23,2.81,1751,31,0,0,0,0
12690.84,6,6.45,2666,22,0,0,0,0
2752.2,1,0.34,982,26,0,0,0,0
3299.52,19,28.39,2336,31,0,0,0,0
2723.3,13,35.7,2892,20,0,0,0,0
22755.14,0,0.53,1364,25,0,0,0,0
23393.42,15,3.76,449,25,0,0,0,0
15770.94,12,0.38,2084,29,0,0,0,0
3888.68,3,8.23,1314,20,0,0,0,0
13833.07,15,0.24,2564,17,0,0,0,0
1264.08,7,9.99,492,27,0,0,0,0
2910.18,19,14.65,724,22,0,0,0,0
5510.04,6,12.71,1894,26,0,0,0,0
1538.37,6,13.71,268,23,0,0,0,0
14087.46,14,13.21,2620,23,0,0,0,0
2651.32,15,6.82,2287,25,0,0,0,0
1539.04,2,10.3,2626,20,0,0,0,0
10418.27,0,0.49,3209,24,0,0,0,0
7250.12,12,5.2,231,20,0,0,0,0
17228.0,12,16.55,1971,28,0,0,0,0
33615.69,12,26.15,667,31,0,0,0,0
2036.43,11,19.51,950,26,0,0,0,0
16296.23,23,11.8,369,28,0,0,0,0
21093.12,3,31.27,2251,29,0,0,0,0
18645.01,18,4.86,230,22,0,0,0,0
28271.77,15,10.47,3633,21,0,0,0,0
6229.86,13,27.14,3383,19,0,0,0,0
3575.21,19,29.5,1401,28,0,0,0,0
5874.43,8,16.15,3358,27,0,0,0,0
10710.65,5,1.7,2336,26,0,0,0,0
26462.76,21,9.9,1078,27,0,0,0,0
17911.1,17,0.89,1596,26,0,0,0,0
4444.23,7,8.32,100,23,0,0,0,0
11458.69,2,3.64,3208,23,0,0,0,0
8384.6,12,22.32,959,29,0,0,0,0
5187.75,15,1.89,1721,37,0,0,0,0
3626.6,11,11.51,1653,25,0,0,0,0
6409.86,4,10.37,3335,24,0,0,0,0
3640.81,1,12.54,3506,28,0,0,0,0
16526.36,3,28.54,399,21,0,0,0,0
10088.49,9,10.81,3378,27,0,0,0,0
4155.63,12,18.45,1434,20,0,0,0,0
14055.9,19,12.66,884,28,0,0,0,0
2491.25,0,17.05,3545,32,0,0,0,0
4949.29,10,21.38,2129,26,0,0,0,0
7288.49,13,5.4,2717,27,0,0,0,0
1219.73,0,20.11,1971,24,0,0,0,0
2166.25,19,2.22,959,32,0,0,0,0
16846.04,21,0.97,2557,26,0,0,0,0
17714.34,14,19.44,1775,22,0,0,0,0
8929.16,15,20.75,1659,24,0,0,0,0
16629.83,20,5.75,2706,36,0,0,0,0
1644.67,10,0.7,1503,28,0,0,0,0
645.77,9,10.14,3103,36,0,0,0,0
14470.35,21,1.88,3215,17,0,0,0,0
26758.09,7,6.1,461,16,0,0,0,0
21204.89,5,1.93,796,29,0,0,0,0
5764.08,0,2.31,1122,19,0,0,0,0
4024.98,14,24.28,1552,23,0,0,0,0
2215.36,19,0.42,3452,25,0,0,0,0
21708.29,2,1.98,2995,25,0,0,0,0
74052.61,0,3.42,1142,26,0,0,1,1
8840.04,4,1.0,1303,19,0,0,0,0
8832.06,21,9.13,2411,28,0,0,0,0
8336.99,3,1.65,947,15,0,0,0,0
5495.33,0,8.2,1700,29,0,0,0,0
4705.91,9,21.23,281,26,0,0,0,0
38196.55,12,9.79,3267,33,0,0,0,0
7604.35,10,10.12,3197,22,0,0,0,0
4434.54,22,23.13,1407,21,0,0,0,0
10796.27,2,21.7,1118,27,0,0,0,0
16329.04,22,2.97,2034,23,0,0,0,0
84886.96,11,0.17,1355,23,0,0,0,0
9901.68,4,7.94,183,25,0,0,0,0
19085.85,10,2.93,2725,30,0,0,0,0
12077.94,20,35.71,2822,25,0,0,0,0
12188.56,22,0.9,943,24,0,0,0,0
45932.88,23,32.06,1071,18,0,0,1,1
5379.3,16,0.77,378,29,0,0,0,0
4462.08,16,1.26,581,28,0,0,0,0
13009.14,5,7.03,2558,24,0,0,0,0
5054.67,16,5.05,3364,20,0,0,0,0
9843.9,17,6.76,3516,25,0,0,0,0
19735.98,0,12.16,3213,30,0,0,0,0
3262.72,0,12.09,2740,29,0,0,0,0
8755.88,20,15.33,3536,28,0,0,0,0
4789.21,22,21.58,2628,25,0,0,0,0
45208.51,3,35.39,2255,23,0,0,1,1
5855.69,8,0.47,3444,28,0,0,0,0
65410.81,0,5.27,1293,23,0,0,1,1
13122.28,17,11.82,3235,19,0,0,0,0
7599.3,2,1.62,3230,25,0,0,0,0
69143.83,3,1.95,3496,21,0,0,1,1
14975.44,5,26.29,1502,28,0,0,0,0
13950.88,12,2.84,2228,27,0,0,0,0
5784.37,23,8.85,259,20,0,0,0,0
2594.55,15,0.22,2768,24,0,0,0,0
16150.52,11,4.88,1806,19,0,0,0,0
25031.97,2,2.85,833,22,0,0,0,0
5570.16,21,4.96,1047,31,0,0,0,0
19783.38,3,11.48,3085,29,0,0,0,0
2719.97,19,4.45,1602,26,0,0,0,0
1717.26,15,1.99,1732,36,0,0,0,0
4744.17,12,12.07,594,28,0,0,0,0
2164.57,2,5.44,1699,29,0,0,0,0
13828.76,5,0.23,3278,39,0,0,0,0
1782.07,19,9.46,3023,24,0,0,0,0
14712.33,7,13.63,127,23,0,0,0,0
3993.13,4,1.04,3441,22,0,0,0,0
3507.78,23,4.7,3583,27,0,0,0,0
2053.98,9,0.83,1116,29,0,0,0,0
21430.16,8,4.76,1774,22,0,0,0,0
2937.29,20,7.87,1953,30,0,0,0,0
5795.65,10,23.02,3502,22,0,0,0,0
8896.14,8,2.08,1256,21,0,0,0,0
2051.17,21,0.35,1738,14,0,0,0,0
13464.82,23,59.31,1478,23,0,0,0,0
3461.58,15,1.06,1076,26,0,0,0,0
2644.88,16,74.35,116,26,0,0,0,0
10605.49,22,18.8,3643,24,0,0,0,0
8311.44,9,3.89,1538,21,0,0,0,0
1001.94,21,0.44,3051,32,0,0,0,0
9711.47,0,4.29,2382,26,0,0,0,0
2624.13,9,9.67,552,21,0,0,0,0
7969.6,15,17.85,994,21,0,0,0,0
8277.63,1,1.47,2131,29,0,0,0,0
14006.33,1,3.56,1197,28,0,0,0,0
11947.91,18,21.02,2522,32,0,0,0,0
52513.09,2,8.72,2074,20,0,0,1,1
35278.7,12,8.9,173,26,0,0,0,0
13602.31,15,27.48,3114,17,0,0,0,0
6230.76,4,51.7,771,18,0,0,0,0
1967.72,18,28.37,676,19,0,0,0,0
27129.21,16,3.84,441,28,0,0,0,0
6380.92,2,2.46,2578,20,0,0,0,0
15665.96,2,7.11,1839,24,0,0,0,0
8829.85,20,22.54,3387,19,0,0,0,0
12063.35,3,26.93,413,27,0,0,0,0
24363.01,23,0.96,3482,21,0,0,0,0
5891.42,23,0.21,2287,30,0,0,0,0
4529.28,8,0.12,1729,23,0,0,0,0
13253.53,0,19.71,572,27,0,0,0,0
4417.37,1,20.28,1719,23,0,0,0,0
13273.97,6,0.28,583,22,0,0,0,0
4165.44,12,5.96,3410,20,0,0,0,0
3544.38,8,9.81,2468,28,0,0,0,0
1008.16,3,1.25,3061,37,0,0,0,0
6104.5,3,48.61,1752,21,0,0,0,0
13656.1,21,5.44,977,21,0,0,0,0
4611.35,3,11.12,84,19,0,0,0,0
1392.97,3,0.81,2777,28,0,0,0,0
3996.23,10,1.54,806,23,0,0,0,0
14362.71,2,6.75,999,28,0,0,0,0
7824.47,19,11.41,500,31,0,0,0,0
4224.44,2,12.31,2332,24,0,0,0,0
2985.77,6,22.14,1118,35,0,0,0,0
6465.42,6,8.47,2016,29,0,0,0,0
9767.02,0,16.48,937,34,0,0,0,0
5130.22,9,14.31,3564,22,0,0,0,0
3205.58,1,1.0,1631,24,0,0,0,0
7914.47,5,14.73,3461,21,0,0,0,0
2707.35,16,5.04,163,26,0,0,0,0
1014.54,23,11.68,2657,27,0,0,0,0
5750.95,8,20.2,2763,21,0,0,0,0
3566.42,21,13.7,2790,26,0,0,0,0
30345.82,7,35.45,1142,17,0,0,0,0
8393.93,10,29.59,2593,30,0,0,0,0
5099.2,10,16.73,1512,36,0,0,0,0
24071.16,9,5.23,1595,18,0,0,0,0
4230.91,13,3.0,2387,30,0,0,0,0
8678.14,4,0.39,2505,24,0,0,0,0
3582.38,5,1.1,3270,23,0,0,0,0
4842.65,9,26.66,3106,17,0,0,0,0
22719.97,15,6.72,648,20,0,0,0,0
35521.52,19,12.84,826,20,0,0,0,0
2109.34,8,19.63,2164,23,0,0,0,0
14153.13,12,1.23,2265,21,0,0,0,0
8373.25,17,0.39,1427,30,0,0,0,0
17271.08,18,17.38,1010,25,0,0,0,0
12598.17,3,0.14,1437,19,0,0,0,0
1759.58,5,6.03,346,25,0,0,0,0
7299.42,4,17.25,3510,25,0,0,0,0
3884.69,14,9.01,1453,17,0,0,0,0
2955.57,1,8.24,2380,31,0,0,0,0
5828.72,8,4.74,774,16,0,0,0,0
6765.02,9,3.52,1792,26,0,0,0,0
12877.11,10,0.83,99,35,0,0,0,0
7795.15,16,17.93,3328,31,0,0,0,0
2474.18,14,2.39,198,26,0,0,0,0
8952.17,5,0.19,1211,20,0,0,0,0
5947.88,18,3.65,1987,21,0,0,0,0
13644.92,20,26.01,1702,19,0,0,0,0
3354.73,17,10.37,731,24,0,0,0,0
477.16,2,5.93,3591,14,0,0,0,0
18267.2,10,11.49,1626,19,0,0,0,0
8317.28,9,2.76,1836,25,0,0,0,0
13668.31,6,0.27,634,17,0,0,0,0
2952.09,23,6.88,483,26,0,0,0,0
4795.5,9,25.12,225,33,0,0,0,0
11660.6,2,8.47,2289,31,0,0,0,0
53513.42,20,3.49,1832,33,0,0,0,0
6486.8,13,10.89,1543,24,0,0,0,0
4410.63,16,2.46,3341,23,0,0,0,0
31463.5,1,31.82,1449,28,0,0,0,0
1042.78,1,6.51,3231,26,0,0,0,0
8335.83,9,38.2,3470,17,0,0,0,0
9589.85,22,2.06,1635,31,0,0,0,0
34267.24,16,5.62,423,23,0,0,0,0
15251.82,7,2.48,3021,18,0,0,0,0
47356.26,8,17.97,1377,24,0,0,0,0
8934.51,1,12.35,1900,24,0,0,0,0
4555.92,17,7.85,3245,18,0,0,0,0
4650.83,7,26.58,2874,27,0,0,0,0
7048.38,5,34.64,223,19,0,0,0,0
38336.6,23,14.08,2815,27,0,0,0,0
17235.62,15,14.21,1926,23,0,0,0,0
19317.61,17,22.21,1172,27,0,0,0,0
46543.24,22,4.72,2291,25,0,0,0,0
1773.36,22,5.86,590,28,0,0,0,0
47679.25,7,1.29,1534,20,0,0,0,0
3400.6,4,0.4,2812,27,0,0,0,0
1057.62,18,8.05,2322,23,0,0,0,0
11482.68,3,15.69,1386,30,0,0,0,0
25556.25,10,9.47,3263,26,0,0,0,0
9096.77,8,4.32,3519,18,0,0,0,0
7635.66,8,12.25,334,24,0,0,0,0
9234.86,14,10.1,543,22,0,0,0,0
2562.78,9,4.47,3244,32,0,0,0,0
30082.34,15,10.14,1905,23,0,0,0,0
8588.75,1,15.91,1116,28,0,0,0,0
5799.34,6,10.38,591,23,0,0,0,0
3036.59,10,7.02,3073,28,0,0,0,0
10630.64,23,5.08,2219,26,0,0,0,0
2939.82,21,32.98,2353,20,0,0,0,0
20759.75,23,2.62,71,25,0,0,0,0
7670.26,23,20.74,1405,25,0,0,0,0
1496.4,3,73.63,1522,26,1,0,0,1
5358.21,5,22.59,1603,23,0,0,0,0
3548.73,15,2.43,1962,32,0,0,0,0
13280.66,13,7.31,1481,19,0,0,0,0
22243.77,21,0.54,3638,29,0,0,0,0
1348.7,12,6.22,2900,27,0,0,0,0
2449.88,21,21.39,2074,25,0,0,0,0
898.92,11,10.82,1002,21,0,0,0,0
8416.96,8,4.74,1368,24,0,0,0,0
1623.5,0,9.97,868,27,0,0,0,0
57675.47,0,2.53,81,25,0,0,1,1
9245.83,3,5.59,33,28,0,0,0,0
8831.77,19,9.83,1193,22,0,0,0,0
27081.56,18,12.62,3441,22,0,0,0,0
23390.61,9,4.52,1093,28,0,0,0,0
5318.87,8,5.45,3346,24,0,0,0,0
6192.61,3,4.87,2806,18,0,0,0,0
9132.37,3,1.57,2407,31,0,0,0,0
5623.33,4,19.02,173,28,0,0,0,0
44454.21,4,16.28,2134,24,0,0,1,1
2721.76,5,24.05,1959,19,0,0,0,0
37550.19,5,11.06,3324,30,0,0,0,0
3215.59,7,9.89,2720,21,0,0,0,0
37086.42,4,1.21,3559,29,0,0,0,0
4495.03,20,11.54,537,31,0,0,0,0
34634.89,23,12.89,146,24,0,0,0,0
5364.65,11,96.18,114,30,0,0,0,0
15453.45,10,2.25,1095,27,0,0,0,0
12983.25,2,38.5,2011,17,0,0,0,0
458.4,9,4.04,1236,25,0,0,0,0
5466.92,15,6.25,3036,32,0,0,0,0
3335.93,8,38.37,2791,22,0,0,0,0
9111.82,16,2.98,1101,27,0,0,0,0
46879.74,18,8.05,338,29,0,0,0,0
40831.64,8,16.04,2819,28,0,0,0,0
4763.73,19,13.14,1597,14,0,0,0,0
1732.29,9,18.77,1484,30,0,0,0,0
7533.92,12,0.42,1567,26,0,0,0,0
11174.14,10,4.65,630,29,0,0,0,0
8274.11,9,84.03,268,27,0,0,0,0
24257.21,15,7.1,1408,27,0,0,0,0
12433.95,20,0.59,3581,32,0,0,0,0
30037.2,16,3.16,2203,26,0,0,0,0
16465.19,10,9.02,2790,21,0,0,0,0
3975.0,4,0.81,1066,24,0,0,0,0
6052.98,8,1.82,2340,21,0,0,0,0
8641.06,11,28.93,2045,27,0,0,0,0
1224.71,1,2.39,570,31,0,0,0,0
1999.58,18,1.65,2134,16,0,0,0,0
1072.99,13,0.93,452,19,0,0,0,0
2747.51,0,7.08,2674,25,0,0,0,0
7330.84,12,4.25,1070,23,0,0,0,0
21277.33,17,0.45,2727,22,0,0,0,0
3416.96,6,14.35,1993,18,0,0,0,0
104828.88,5,5.05,3386,16,0,0,0,0
10335.5,13,10.38,2642,28,0,0,0,0
43193.79,15,19.78,1839,30,0,0,0,0
13658.84,6,43.16,1804,41,0,0,0,0
40630.66,22,27.72,642,17,0,0,0,0
14596.74,22,15.12,564,30,0,0,0,0
21500.18,18,0.06,1345,22,0,0,0,0
4975.57,7,1.91,1096,27,0,0,0,0
4105.06,19,11.1,964,20,0,0,0,0
10631.52,7,13.77,2280,30,0,0,0,0
7464.02,14,22.57,2108,15,0,0,0,0
940.69,13,0.74,2575,23,0,0,0,0
7055.37,5,1.56,1455,19,0,0,0,0
3137.19,13,2.16,1948,21,0,0,0,0
1249.2,6,18.84,231,16,0,0,0,0
7651.14,2,13.98,3325,19,0,0,0,0
21409.09,15,2.85,1373,19,0,0,0,0
5190.04,0,17.46,393,26,0,0,0,0
7407.62,19,4.12,876,25,0,0,0,0
6957.18,2,16.36,2366,32,0,0,0,0
20770.95,9,7.4,343,25,0,0,0,0
1005.23,16,1.46,2714,25,0,0,0,0
11082.61,16,3.9,303,22,0,0,0,0
5432.21,15,3.37,166,31,0,0,0,0
3480.94,3,2.04,3313,22,0,0,0,0
17267.21,5,13.22,1556,26,0,0,0,0
16094.94,10,6.36,3434,24,0,0,0,0
7268.02,19,4.27,1825,26,0,0,0,0
2098.39,21,0.73,1627,32,0,0,0,0
6553.74,10,23.88,2238,27,0,0,0,0
9802.81,18,7.76,1571,26,0,0,0,0
36439.91,14,10.68,2320,21,0,0,0,0
39680.97,15,8.36,459,23,0,0,0,0
3955.98,9,1.29,1428,29,0,0,0,0
4410.08,6,19.85,1246,30,0,0,0,0
29171.27,20,5.29,2367,11,0,0,0,0
7654.54,10,4.06,1061,16,0,0,0,0
3807.08,20,22.52,1053,32,0,0,0,0
10118.63,15,21.69,894,23,0,0,0,0
6471.38,12,8.66,2968,26,0,0,0,0
2487.88,5,2.1,842,21,0,0,0,0
1120.77,11,25.7,2812,22,0,0,0,0
6750.9,22,13.44,3234,27,0,0,0,0
2479.89,18,14.56,3097,27,0,0,0,0
28435.78,3,2.04,192,33,0,0,0,0
6317.23,23,6.29,2478,27,0,0,0,0
9748.18,13,6.81,3648,34,0,0,0,0
32070.98,4,6.29,1857,18,0,0,0,0
11862.75,10,12.97,1703,36,0,0,0,0
14723.91,20,34.89,1769,29,0,0,0,0
30991.74,7,13.88,2566,28,0,0,0,0
21648.32,1,27.42,3538,21,0,0,0,0
11871.97,17,3.62,1843,29,0,0,0,0
2182.36,8,16.88,259,19,0,0,0,0
15050.32,22,0.54,2750,22,0,0,0,0
35855.28,20,3.13,2275,24,0,0,0,0
19033.88,14,9.49,759,21,0,0,0,0
14092.37,23,27.32,1371,16,0,0,0,0
4250.88,14,22.1,2037,18,0,0,0,0
4011.11,10,3.54,2233,28,0,0,0,0
41322.66,4,8.34,1070,29,0,0,0,0
33821.69,23,13.9,186,21,0,0,0,0
15599.21,13,8.26,2284,24,0,0,0,0
12037.7,0,10.1,1405,19,0,0,0,0
18433.09,6,3.41,2061,32,0,0,0,0
1981.36,12,5.1,2925,29,0,0,0,0
14529.38,15,9.42,930,33,0,0,0,0
4247.29,11,26.77,2804,29,0,0,0,0
1123.85,18,31.25,56,29,0,0,0,0
4213.72,20,8.17,2915,22,0,0,0,0
10352.33,19,10.75,3122,35,0,0,0,0
9746.66,3,0.16,2807,28,0,0,0,0
18928.63,8,0.97,381,20,0,0,0,0
56456.03,11,21.23,985,17,0,0,0,0
6905.42,23,33.01,2588,18,0,0,0,0
7200.69,20,8.56,3618,31,0,0,0,0
20366.57,1,8.76,274,18,0,0,0,0
10900.64,4,17.07,1006,29,0,0,0,0
2450.67,8,18.28,1653,15,0,0,0,0
14523.8,0,11.43,3106,18,0,0,0,0
101410.55,11,0.11,1956,23,0,0,0,0
24937.12,23,2.21,152,26,0,0,0,0
21941.13,3,5.13,3588,34,0,0,0,0
13443.37,0,15.42,3011,24,0,0,0,0
7569.46,18,5.41,464,21,0,0,0,0
4859.95,4,0.04,3546,19,0,0,0,0
1708.5,13,0.23,1547,22,0,0,0,0
12753.16,9,3.53,1973,23,0,0,0,0
3104.35,0,53.05,1221,30,0,0,0,0
34578.99,11,1.51,2401,31,0,0,0,0
6774.4,12,12.2,1005,24,0,0,0,0
34204.66,21,13.96,2598,26,0,0,0,0
36439.12,0,3.6,512,28,0,0,0,0
71036.05,2,6.48,295,28,0,0,1,1
11522.48,12,6.23,2909,22,0,0,0,0
24767.7,19,14.2,252,36,0,0,0,0
15814.06,21,17.92,139,21,0,0,0,0
17591.23,11,13.3,2476,28,0,0,0,0
16242.76,9,5.39,1235,28,0,0,0,0
5989.84,19,4.26,214,17,0,0,0,0
15709.99,5,26.14,2206,15,0,0,0,0
4421.72,5,0.6,817,22,0,0,0,0
2587.15,16,21.58,1768,17,0,0,0,0
8444.96,8,65.8,3582,26,0,0,0,0
3147.15,14,19.46,3183,32,0,0,0,0
4076.47,13,7.68,3191,25,0,0,0,0
9039.82,6,9.43,734,15,0,0,0,0
5220.08,12,19.12,421,31,0,0,0,0
36050.95,21,13.34,2066,19,0,0,0,0
16244.96,2,18.82,2503,26,0,0,0,0
4987.52,22,1.57,661,23,0,0,0,0
2128.72,9,8.57,2014,18,0,0,0,0
3717.87,8,7.09,497,26,0,0,0,0
7501.8,23,15.98,3641,26,0,0,0,0
22753.3,12,36.61,2898,14,0,0,0,0
3023.81,9,6.96,699,29,0,0,0,0
5082.23,20,9.99,2805,22,0,0,0,0
918.68,16,1.85,1757,30,0,0,0,0
26411.84,7,12.2,1306,22,0,0,0,0
4199.11,14,25.48,1301,28,0,0,0,0
24070.65,3,6.9,2699,24,0,0,0,0
64478.21,8,26.63,369,29,0,0,0,0
20158.13,15,22.76,2020,28,0,0,0,0
2385.36,3,4.07,3490,17,0,0,0,0
5586.69,7,26.12,1621,15,0,0,0,0
8710.45,23,31.27,1876,23,0,0,0,0
9635.22,5,3.64,1942,28,0,0,0,0
8798.04,1,11.04,2152,26,0,0,0,0
8438.77,6,16.92,3158,20,0,0,0,0
11955.88,8,2.6,401,26,0,0,0,0
25028.75,22,8.73,663,22,0,0,0,0
587.09,7,6.97,1603,26,0,0,0,0
4677.14,22,11.36,2146,25,0,0,0,0
2885.57,18,28.5,759,21,0,0,0,0
9887.83,15,15.41,945,13,0,0,0,0
28898.79,8,16.24,30,25,0,0,0,0
11149.77,21,22.65,878,20,0,0,0,0
5672.17,11,2.48,3367,20,0,0,0,0
38514.47,9,60.79,2879,26,0,0,0,0
4224.19,4,0.4,3410,19,0,0,0,0
6748.69,22,1.91,2410,29,0,0,0,0
34325.1,23,21.81,189,23,0,0,0,0
29129.85,21,16.29,1447,21,0,0,0,0
40756.71,18,0.23,3249,16,0,0,0,0
3784.41,16,3.58,1687,19,0,0,0,0
4945.55,7,0.37,2010,26,0,0,0,0
10294.91,9,19.59,1716,21,0,0,0,0
59104.43,0,2.36,565,28,0,0,1,1
7356.77,20,9.26,773,24,0,0,0,0
44166.54,22,7.68,2906,19,0,0,0,0
11022.31,22,5.91,3012,33,0,0,0,0
13858.48,17,7.0,706,30,0,0,0,0
8737.97,11,38.56,1957,22,0,0,0,0
11116.17,15,1.92,3103,32,0,0,0,0
2117.25,2,17.3,135,26,0,0,0,0
5894.43,8,3.71,3075,17,0,0,0,0
6082.71,13,35.66,2767,36,0,0,0,0
810.85,14,7.79,1073,24,0,0,0,0
9184.06,21,6.87,1150,24,0,0,0,0
11951.1,17,5.92,172,31,0,0,0,0
8852.07,4,13.89,3377,34,0,0,0,0
19867.48,18,1.76,3247,25,0,0,0,0
4746.88,14,0.53,3499,29,0,0,0,0
20693.4,6,15.89,2378,21,0,0,0,0
3077.75,12,43.7,3259,22,0,0,0,0
10139.91,3,1.44,1603,20,0,0,0,0
44330.84,19,19.31,1036,30,0,0,0,0
3962.76,9,10.4,2163,22,0,0,0,0
12998.61,1,9.68,2095,23,0,0,0,0
5076.1,17,8.7,1530,27,0,0,0,0
7855.28,12,4.32,196,25,0,0,0,0
2510.77,14,7.42,3328,26,0,0,0,0
18550.09,10,1.56,3406,24,0,0,0,0
6008.87,22,0.87,1279,31,0,0,0,0
25799.51,13,33.63,2355,26,0,0,0,0
6380.82,12,13.67,1214,21,0,0,0,0
1697.33,2,7.73,1097,20,0,0,0,0
7706.31,3,0.09,2007,21,0,0,0,0
10102.53,6,6.2,3605,19,0,0,0,0
20801.67,3,7.0,484,31,0,0,0,0
3438.68,11,9.84,3472,32,0,0,0,0
8005.72,18,6.96,3497,29,0,0,0,0
11633.41,2,32.09,3199,15,0,0,0,0
36460.8,9,0.1,704,24,0,0,0,0
13032.06,5,25.13,2773,19,0,0,0,0
5027.05,22,16.85,1907,28,0,0,0,0
29583.9,4,1.32,2793,20,0,0,0,0
13780.03,23,8.68,1168,25,0,0,0,0
24824.22,19,7.29,2241,13,0,0,0,0
3081.04,15,8.62,1285,29,0,0,0,0
1123.87,12,1.82,1129,25,0,0,0,0
3668.65,4,16.57,1453,27,0,0,0,0
22710.45,1,2.36,2701,26,0,0,0,0
4308.83,23,11.49,615,19,0,0,0,0
4744.14,8,8.07,735,20,0,0,0,0
15346.77,20,9.67,1701,29,0,0,0,0
9657.95,19,16.07,2774,25,0,0,0,0
901.33,1,3.14,1100,23,0,0,0,0
2618.33,9,3.27,1534,23,0,0,0,0
9926.1,21,20.94,1130,15,0,0,0,0
4765.37,7,2.53,2711,25,0,0,0,0
881.52,11,6.25,3500,27,0,0,0,0
7224.72,9,0.25,196,21,0,0,0,0
5701.51,21,32.16,953,23,0,0,0,0
19871.98,3,5.73,2927,32,0,0,0,0
5494.37,7,16.29,1528,29,0,0,0,0
1151.59,13,2.11,331,27,0,0,0,0
3911.7,20,6.49,978,25,0,0,0,0
7322.59,17,29.89,601,23,0,0,0,0
3632.66,18,27.45,2899,20,0,0,0,0
12320.49,13,23.45,2253,14,0,0,0,0
6904.08,6,20.76,2549,22,0,0,0,0
4231.17,6,19.16,1465,20,0,0,0,0
7607.4,19,4.67,977,19,0,0,0,0
52933.72,3,14.99,702,34,0,0,1,1
15259.11,11,20.55,3515,31,0,0,0,0
16997.55,0,7.17,3163,25,0,0,0,0
5884.94,13,36.98,701,18,0,0,0,0
4115.17,23,1.77,781,15,0,0,0,0
10900.63,10,20.59,1704,19,0,0,0,0
962.4,11,8.19,2139,23,0,0,0,0
9860.0,5,17.66,806,22,0,0,0,0
16091.58,2,13.49,1258,18,0,0,0,0
1802.37,4,18.53,340,22,0,0,0,0
27929.48,1,2.2,1760,21,0,0,0,0
28268.54,11,55.57,3228,26,0,0,0,0
6354.63,15,28.7,3361,22,0,0,0,0
2009.23,13,13.15,1312,27,0,0,0,0
905.73,17,7.98,1768,31,0,0,0,0
12133.56,13,5.37,1411,34,0,0,0,0
29128.28,12,2.65,3158,35,0,0,0,0
8537.8,22,6.83,3190,20,0,0,0,0
35666.27,12,2.54,1624,29,0,0,0,0
26351.94,23,3.76,3569,29,0,0,0,0
5150.1,10,3.26,1929,21,0,0,0,0
9160.63,20,11.46,853,31,0,0,0,0
3779.23,2,4.04,109,27,0,0,0,0
4677.22,23,4.69,1245,25,0,0,0,0
14071.21,20,8.7,3117,17,0,0,0,0
15524.91,18,10.21,1786,21,0,0,0,0
30612.16,21,7.96,585,17,0,0,0,0
16673.28,1,4.7,3634,14,0,0,0,0
57191.32,21,9.13,3047,22,0,0,0,0
12139.41,7,6.52,2435,29,0,0,0,0
18529.43,12,25.05,2454,22,0,0,0,0
3741.87,14,1.0,1732,38,0,0,0,0
26387.37,9,5.19,2977,30,0,0,0,0
11280.73,0,3.28,3518,22,0,0,0,0
23585.31,11,12.32,2537,21,0,0,0,0
10237.23,12,3.14,2557,25,0,0,0,0
2055.61,15,5.96,1724,34,0,0,0,0
11130.6,22,0.36,1708,25,0,0,0,0
2554.57,12,9.39,3405,28,0,0,0,0
1153.36,2,42.05,820,24,0,0,0,0
6782.37,1,1.13,3088,16,0,0,0,0
10363.9,8,8.13,1424,26,0,0,0,0
6614.07,1,11.21,1282,18,0,0,0,0
4774.04,0,10.87,1400,31,0,0,0,0
2390.57,10,13.02,1254,14,0,0,0,0
2306.52,19,2.43,921,29,0,0,0,0
4799.51,2,1.09,1032,19,0,0,0,0
3727.53,23,22.06,679,26,0,0,0,0
19023.22,14,14.94,3450,33,0,0,0,0
1609.52,7,13.79,2270,24,0,0,0,0
4516.0,8,57.52,2865,21,0,0,0,0
7722.64,1,9.67,2823,27,0,0,0,0
3130.94,11,13.68,1704,33,0,0,0,0
60681.08,13,39.74,844,33,0,0,0,0
54169.97,2,6.88,2012,25,0,0,1,1
8104.76,3,20.72,3570,25,0,0,0,0
18975.39,21,17.56,1042,41,0,0,0,0
5345.62,6,8.13,3300,26,0,0,0,0
62932.13,15,7.12,1408,25,0,0,0,0
18195.31,21,9.16,2541,22,0,0,0,0
14443.19,23,4.99,866,29,0,0,0,0
34329.65,6,13.77,2069,26,0,0,0,0
2301.91,17,7.54,3313,22,0,0,0,0
13565.63,16,9.85,3453,16,0,0,0,0
9884.07,21,10.16,1292,30,0,0,0,0
34666.67,19,4.91,3489,24,0,0,0,0
38672.68,2,4.23,491,17,0,0,0,0
4828.58,7,5.92,3564,24,0,0,0,0
13361.64,9,1.83,2903,25,0,0,0,0
2260.3,10,2.8,2135,23,0,0,0,0
32030.32,3,23.29,3341,24,0,0,0,0
14324.98,21,23.28,1428,24,0,0,0,0
8934.45,11,24.63,1697,29,0,0,0,0
1282.04,0,4.56,2647,37,0,0,0,0
19558.14,0,1.7,3257,26,0,0,0,0
1954.22,4,13.47,2908,34,0,0,0,0
9383.55,12,23.27,2057,17,0,0,0,0
9666.69,11,4.7,2160,33,0,0,0,0
6004.85,22,5.64,1722,25,0,0,0,0
10591.89,15,1.74,3211,24,0,0,0,0
6597.01,5,13.65,2592,24,0,0,0,0
11357.15,21,41.57,840,23,0,0,0,0
16531.09,6,7.13,2351,22,0,0,0,0
19157.96,10,36.71,784,21,0,0,0,0
21989.29,13,4.63,1968,20,0,0,0,0
9348.24,4,9.02,3595,31,0,0,0,0
3126.54,11,0.9,2418,30,0,0,0,0
6125.34,8,5.83,739,31,0,0,0,0
14638.97,14,0.18,2099,28,0,0,0,0
23240.27,20,55.24,2028,24,0,0,0,0
2374.14,0,15.37,3620,34,0,0,0,0
56326.98,5,2.54,3529,28,0,0,0,0
1371.63,21,10.14,1668,37,0,0,0,0
4585.02,1,14.42,1476,17,0,0,0,0
4741.93,16,60.22,1158,24,0,0,0,0
19011.01,14,19.46,1303,29,0,0,0,0
5880.12,10,13.85,1642,21,0,0,0,0
81463.98,5,5.56,2695,22,0,0,0,0
1662.53,22,15.74,2452,26,0,0,0,0
8465.98,1,12.52,2054,28,0,0,0,0
12193.43,5,2.63,404,34,0,0,0,0
7160.04,19,20.24,3458,27,0,0,0,0
7027.74,10,0.78,1810,25,0,0,0,0
19366.45,0,6.83,2809,24,0,0,0,0
3113.69,6,22.74,58,30,0,0,0,0
1548.61,15,32.22,3231,23,0,0,0,0
4610.32,7,17.8,184,27,0,0,0,0
11177.73,16,3.89,2522,19,0,0,0,0
13562.11,20,3.92,2278,22,0,0,0,0
4216.12,10,13.93,2233,25,0,0,0,0
3812.48,11,4.06,1728,20,0,0,0,0
42670.33,10,8.16,1456,26,0,0,0,0
71976.63,12,33.0,2955,28,0,0,0,0
16016.3,20,32.19,625,29,0,0,0,0
9490.9,4,8.47,2665,21,0,0,0,0
51745.49,12,8.62,2709,29,0,0,0,0
14950.03,9,37.07,1054,28,0,0,0,0
10188.31,20,4.72,3139,18,0,0,0,0
3965.23,9,4.03,3537,24,0,0,0,0
51877.86,20,5.58,843,25,0,0,0,0
4052.5,6,7.62,3071,19,0,0,0,0
31378.32,19,10.36,30,26,0,0,0,0
5714.39,22,45.18,3541,27,0,0,0,0
10957.64,23,0.13,985,21,0,0,0,0
9940.66,20,36.16,1710,18,0,0,0,0
10164.78,6,1.34,2077,20,0,0,0,0
9866.11,16,18.9,1638,28,0,0,0,0
1983.24,14,4.58,3300,25,0,0,0,0
1411.44,11,20.68,3069,30,0,0,0,0
10907.92,4,23.64,665,22,0,0,0,0
3083.29,17,11.02,3133,24,0,0,0,0
5127.47,12,12.72,1872,22,0,0,0,0
5578.82,4,55.75,1950,21,0,0,0,0
5752.05,20,17.39,3501,27,0,0,0,0
9863.09,21,14.89,1642,26,0,0,0,0
4633.55,15,39.52,3169,15,0,0,0,0
2234.32,1,13.86,3604,31,0,0,0,0
30091.07,7,56.64,1375,38,0,0,0,0
19191.51,1,0.01,1441,20,0,0,0,0
23999.45,22,14.43,375,24,0,0,0,0
8795.5,21,6.76,3235,24,0,0,0,0
15980.79,4,6.78,2050,25,0,0,0,0
15642.76,20,24.25,2845,33,0,0,0,0
25869.68,8,2.3,2940,28,0,0,0,0
4702.67,19,22.47,2787,22,0,0,0,0
8259.73,14,3.86,586,25,0,0,0,0
2931.64,5,22.72,2408,22,0,0,0,0
10022.36,1,14.75,1754,26,0,0,0,0
5882.0,8,1.72,618,28,0,0,0,0
27722.53,8,11.98,544,20,0,0,0,0
4492.24,8,16.44,3035,25,0,0,0,0
9862.76,11,3.55,2139,24,0,0,0,0
2666.55,9,11.48,917,23,0,0,0,0
2222.73,4,13.85,467,21,0,0,0,0
1075.0,21,3.23,1963,20,0,0,0,0
31114.21,14,0.97,1890,34,0,0,0,0
2106.69,1,9.52,892,29,0,0,0,0
24970.11,4,14.95,3268,26,0,0,0,0
16570.53,19,14.54,1774,23,0,0,0,0
43322.93,11,31.27,3082,27,0,0,0,0
35508.6,13,16.37,1602,23,0,0,0,0
3085.09,11,4.39,1437,25,0,0,0,0
1774.17,0,0.73,2853,26,0,0,0,0
3002.3,7,12.98,866,23,0,0,0,0
5072.07,15,2.01,2965,24,0,0,0,0
9931.47,5,8.78,2932,16,0,0,0,0
14558.12,5,0.35,3197,24,0,0,0,0
5751.9,23,6.78,2213,28,0,0,0,0
1718.72,21,12.99,773,21,0,0,0,0
3921.6,11,5.1,1085,20,0,0,0,0
58480.03,16,2.33,2115,24,0,0,0,0
9609.08,12,8.93,1297,26,0,0,0,0
3554.84,23,5.22,3647,17,0,0,0,0
8396.47,15,14.3,1364,24,0,0,0,0
5996.29,14,3.62,3166,27,0,0,0,0
60240.06,21,5.59,2817,18,0,0,0,0
31591.98,0,9.77,2032,23,0,0,0,0
29610.13,18,12.58,2483,23,0,0,0,0
2687.4,7,18.23,2071,30,0,0,0,0
41567.19,20,1.8,1419,24,0,0,0,0
26556.51,22,8.95,3520,29,0,0,0,0
14726.44,16,15.36,2113,24,0,0,0,0
1695.54,13,1.3,483,24,0,0,0,0
7468.71,1,2.04,2826,35,0,0,0,0
31325.97,15,14.48,648,19,0,0,0,0
17308.78,5,41.66,2960,24,0,0,0,0
5667.79,2,14.75,1684,20,0,0,0,0
16519.92,7,9.77,817,19,0,0,0,0
8029.53,23,10.17,940,24,0,0,0,0
23200.93,14,1.97,1085,25,0,0,0,0
2251.93,12,3.36,1679,22,0,0,0,0
4759.18,4,5.21,3070,25,0,0,0,0
25812.02,0,20.8,2690,23,0,0,0,0
3985.51,2,2.22,3190,22,0,0,0,0
2810.43,18,4.35,1396,27,0,0,0,0
7065.68,18,13.66,2814,28,0,0,0,0
644.04,0,5.32,736,37,0,0,0,0
8606.13,16,0.47,1330,23,0,0,0,0
26770.25,14,30.83,2405,19,0,0,0,0
51361.13,0,6.07,1937,20,0,0,1,1
6560.81,16,7.36,560,19,0,0,0,0
9507.69,0,5.5,3195,18,0,0,0,0
3066.66,8,9.28,933,22,0,0,0,0
5455.17,9,0.07,3389,19,0,0,0,0
6253.88,13,3.06,976,22,0,0,0,0
111390.03,19,14.2,2443,17,0,0,0,0
14698.36,20,1.36,783,23,0,0,0,0
19657.05,19,17.56,2750,26,0,0,0,0
13191.2,11,11.89,1699,21,0,0,0,0
25489.65,4,9.15,557,23,0,0,0,0
34440.14,20,11.0,2183,29,0,0,0,0
6472.82,0,12.45,3248,20,0,0,0,0
7884.83,13,8.09,1749,29,0,0,0,0
13830.47,14,11.15,1123,23,0,0,0,0
10397.37,2,7.21,2885,26,0,0,0,0
3751.93,23,19.62,1337,24,0,0,0,0
8083.63,10,20.55,2600,30,0,0,0,0
1747.4,5,8.01,3436,25,0,0,0,0
1054.44,3,4.02,268,28,0,0,0,0
7015.75,12,13.52,757,19,0,0,0,0
14691.57,18,2.86,1956,23,0,0,0,0
12192.88,6,6.44,1933,27,0,0,0,0
9846.21,23,2.77,600,32,0,0,0,0
2846.6,0,11.3,2450,27,0,0,0,0
182209.1,19,18.15,2210,20,0,0,0,0
8205.77,0,0.31,2871,24,0,0,0,0
6816.18,16,16.61,2263,35,0,0,0,0
32846.31,18,4.65,125,25,0,0,0,0
6658.97,4,6.07,1905,26,0,0,0,0
3561.45,10,17.41,1972,19,0,0,0,0
4770.66,15,3.73,3007,28,0,0,0,0
4056.57,17,0.69,3610,22,0,0,0,0
12679.08,13,2.21,817,28,0,0,0,0
5165.78,15,8.74,3204,23,0,0,0,0
43238.75,15,1.07,1100,39,0,0,0,0
4683.17,11,37.12,616,20,0,0,0,0
3366.66,0,14.27,1833,24,0,0,0,0
9456.84,2,4.06,2737,18,0,0,0,0
13127.6,9,45.98,1670,24,0,0,0,0
6802.46,22,4.28,3109,22,0,0,0,0
19682.87,10,55.46,206,29,0,0,0,0
4303.22,1,5.43,1521,28,0,0,0,0
2963.07,17,32.5,1262,29,0,0,0,0
7145.32,21,0.05,1920,27,0,0,0,0
7819.36,20,10.13,140,25,0,0,0,0
17916.7,7,0.91,423,38,0,0,0,0
17670.65,17,17.18,3443,31,0,0,0,0
2570.19,21,16.42,2879,19,0,0,0,0
12386.89,9,1.99,159,26,0,0,0,0
2752.5,20,15.07,849,26,0,0,0,0
2136.39,16,3.58,627,23,0,0,0,0
24438.95,19,4.96,2008,26,0,0,0,0
2757.98,12,11.95,1482,15,0,0,0,0
1923.15,18,0.48,560,31,0,0,0,0
6573.35,18,8.09,3196,24,0,0,0,0
7308.39,4,62.29,2377,25,0,0,0,0
11496.52,2,0.19,956,20,0,0,0,0
13004.34,12,1.32,2778,25,0,0,0,0
4767.13,17,22.38,268,27,0,0,0,0
4553.18,17,11.23,2612,23,0,0,0,0
13496.12,6,18.45,3403,31,0,0,0,0
4481.02,13,1.22,738,17,0,0,0,0
1055.61,3,16.64,2559,40,0,0,0,0
16497.43,19,19.81,1213,19,0,0,0,0
7474.73,15,13.23,2763,24,0,0,0,0
8366.61,4,3.05,2324,27,0,0,0,0
5749.15,21,11.05,1077,21,0,0,0,0
6161.08,2,5.36,2442,25,0,0,0,0
6815.32,5,12.78,559,26,0,0,0,0
2983.04,10,6.91,2134,25,0,0,0,0
3231.22,17,12.12,755,20,0,0,0,0
1197.94,17,5.65,2788,24,0,0,0,0
20404.46,21,55.37,512,14,0,0,0,0
39240.05,12,8.21,153,26,0,0,0,0
1667.05,5,34.43,1278,29,0,0,0,0
4536.66,8,0.44,2876,36,0,0,0,0
2362.5,3,0.07,3153,32,0,0,0,0
11391.12,12,27.63,118,21,0,0,0,0
7617.75,6,24.59,74,24,0,0,0,0
6000.12,22,10.49,3087,26,0,0,0,0
24943.12,14,41.39,1910,23,0,0,0,0
5601.52,20,0.98,2306,27,0,0,0,0
32005.36,12,26.15,2926,36,0,0,0,0
3549.6,3,30.9,3466,21,0,0,0,0
15146.25,8,16.03,2312,22,0,0,0,0
15755.22,16,0.72,84,29,0,0,0,0
3026.03,16,62.99,2772,22,0,0,0,0
7665.25,6,0.13,243,22,0,0,0,0
11976.43,11,0.61,900,18,0,0,0,0
15776.39,19,2.78,809,22,0,0,0,0
6408.71,15,1.35,836,23,0,0,0,0
9598.49,3,35.75,594,21,0,0,0,0
4421.08,2,6.19,1575,32,0,0,0,0
2557.15,22,4.17,789,14,0,0,0,0
11616.3,21,21.82,2977,21,0,0,0,0
3312.28,2,1.83,427,23,0,0,0,0
20942.88,21,0.41,720,21,0,0,0,0
1240.72,9,2.92,2710,28,0,0,0,0
20865.86,0,5.06,1000,24,0,0,0,0
4998.73,19,14.03,3356,22,0,0,0,0
7380.62,13,17.27,2775,28,0,0,0,0
20852.13,13,0.57,123,30,0,0,0,0
23321.3,19,10.28,3633,24,0,0,0,0
43040.83,23,2.09,2918,20,0,0,1,1
7167.35,19,23.79,1406,23,0,0,0,0
3508.98,22,8.18,3120,20,0,0,0,0
5730.59,21,28.75,1593,26,0,0,0,0
27722.24,9,0.83,1887,28,0,0,0,0
6508.73,10,30.68,3626,25,0,0,0,0
1675.07,23,8.92,455,25,0,0,0,0
2825.91,22,27.33,3554,32,0,0,0,0
7891.0,10,1.48,1084,28,0,0,0,0
8913.7,19,7.78,2202,27,0,0,0,0
6231.3,6,16.33,1978,29,0,0,0,0
16025.76,0,14.78,1235,27,0,0,0,0
48907.52,17,14.66,1827,30,0,0,0,0
2382.01,23,1.49,2985,30,0,0,0,0
7174.24,20,10.1,2466,20,0,0,0,0
4257.55,22,0.72,1191,27,0,0,0,0
2617.03,9,7.94,1279,31,0,0,0,0
7824.32,9,5.12,3594,29,0,0,0,0
24816.03,5,12.28,3116,32,0,0,0,0
2968.64,10,14.39,3285,20,0,0,0,0
3606.15,17,10.81,3212,23,0,0,0,0
1298.36,6,9.41,2818,27,0,0,0,0
3641.17,9,4.04,3002,24,0,0,0,0
23450.74,1,1.49,3533,21,0,0,0,0
2687.62,9,6.36,1042,27,0,0,0,0
12639.76,21,20.07,3156,29,0,0,0,0
28640.7,22,6.47,2400,24,0,0,0,0
10615.36,12,10.49,356,22,0,0,0,0
673.3,13,24.31,1648,27,0,0,0,0
10479.74,23,5.91,3625,30,0,0,0,0
6356.93,1,3.65,2536,23,0,0,0,0
13620.71,15,59.94,1206,26,0,0,0,0
17736.69,17,6.58,2993,27,0,0,0,0
3552.78,7,45.29,2240,30,0,0,0,0
6316.55,5,2.54,2766,30,0,0,0,0
42776.02,12,4.32,2408,24,0,0,0,0
17930.61,6,42.48,3563,34,0,0,0,0
3214.53,21,10.65,1754,26,0,0,0,0
6018.68,15,1.6,1047,19,0,0,0,0
4534.53,1,11.61,2651,23,0,0,0,0
6883.85,23,5.44,2964,36,0,0,0,0
10333.26,21,20.53,1620,34,0,0,0,0
11014.65,2,8.55,3614,31,0,0,0,0
4974.54,0,3.81,1050,20,0,0,0,0
18909.54,22,7.07,2288,26,0,0,0,0
4221.35,13,12.31,1125,22,0,0,0,0
4197.17,6,14.0,257,29,0,0,0,0
2836.55,5,22.99,1254,22,0,0,0,0
7328.49,15,14.05,2719,27,0,0,0,0
15208.79,10,1.59,2093,29,0,0,0,0
5833.55,8,3.11,3352,22,0,0,0,0
6765.61,19,7.84,2929,15,0,0,0,0
1639.06,0,7.27,2980,28,0,0,0,0
1253.21,11,1.29,2518,32,0,0,0,0
3476.01,1,21.47,2697,17,0,0,0,0
6995.17,10,16.89,3303,24,0,0,0,0
23682.87,11,0.57,591,25,0,0,0,0
22191.04,11,5.66,1033,26,0,0,0,0
26152.97,5,13.19,461,33,0,0,0,0
4795.72,15,18.03,932,31,0,0,0,0
6347.67,8,35.68,3176,36,0,0,0,0
16453.67,14,6.07,1627,30,0,0,0,0
10406.65,15,6.16,1966,24,0,0,0,0
74516.83,3,12.04,1044,24,0,0,1,1
20206.74,4,2.92,2944,29,0,0,0,0
4327.25,7,10.2,2120,22,0,0,0,0
13362.94,2,51.65,2839,32,0,0,0,0
4446.1,6,19.41,2555,26,0,0,0,0
3514.5,12,37.44,2859,30,0,0,0,0
82399.08,17,2.13,1952,21,0,0,0,0
24273.8,22,13.22,3202,24,0,0,0,0
15545.43,18,6.21,2159,37,0,0,0,0
3601.12,2,4.79,810,25,0,0,0,0
3539.72,3,18.6,281,23,0,0,0,0
7924.55,7,6.01,2664,29,0,0,0,0
968.84,2,11.25,2046,24,0,0,0,0
7347.27,11,7.83,183,21,0,0,0,0
6127.2,17,16.71,928,15,0,0,0,0
5020.33,8,20.22,3237,19,0,0,0,0
11384.99,23,9.68,787,34,0,0,0,0
7790.75,4,10.07,971,19,0,0,0,0
1674.05,20,9.05,1473,21,0,0,0,0
7124.83,4,31.06,3174,31,0,0,0,0
9077.17,16,18.54,380,28,0,0,0,0
1098.61,23,2.15,2700,25,0,0,0,0
69227.2,20,19.33,1518,26,0,0,0,0
9591.71,21,5.27,977,24,0,0,0,0
25445.47,11,3.56,1494,26,0,0,0,0
13940.59,19,3.86,3272,19,0,0,0,0
19386.28,12,2.5,2854,24,0,0,0,0
31788.96,17,8.08,1646,28,0,0,0,0
23879.62,16,34.2,914,31,0,0,0,0
4150.26,12,6.58,815,23,0,0,0,0
7063.02,9,10.75,2602,27,0,0,0,0
8116.21,16,8.15,257,24,0,0,0,0
2556.79,13,23.53,2522,26,0,0,0,0
5025.81,16,18.12,3521,29,0,0,0,0
12382.77,20,2.5,1669,26,0,0,0,0
9679.35,9,1.95,2215,27,0,0,0,0
12310.47,16,5.64,833,23,0,0,0,0
9487.79,13,14.62,516,22,0,0,0,0
15557.63,0,17.7,163,29,0,0,0,0
4931.84,18,6.6,2173,16,0,0,0,0
7218.13,17,18.12,1634,25,0,0,0,0
12037.76,9,11.11,2156,16,0,0,0,0
5387.84,18,8.58,2167,26,0,0,0,0
316.95,11,21.77,2227,28,0,0,0,0
4177.12,0,22.85,2715,32,0,0,0,0
22678.11,9,2.58,1541,18,0,0,0,0
26650.11,0,2.01,2521,20,0,0,0,0
4214.65,8,0.15,843,28,0,0,0,0
14564.82,17,27.9,3410,27,0,0,0,0
5129.17,0,21.82,2647,27,0,0,0,0
12269.42,22,14.49,3312,27,0,0,0,0
8253.84,3,10.07,3503,28,0,0,0,0
104631.43,15,2.84,2927,27,0,0,0,0
6460.88,18,0.38,73,25,0,0,0,0
3906.5,23,5.92,2101,14,0,0,0,0
14887.04,21,13.32,1141,34,0,0,0,0
4463.05,9,26.55,145,26,0,0,0,0
6293.27,2,61.91,2452,27,0,0,0,0
14938.19,7,21.89,2651,26,0,0,0,0
70492.02,20,7.89,416,21,0,0,0,0
15723.02,16,37.63,3220,20,0,0,0,0
18404.38,10,10.32,1750,21,0,0,0,0
11261.07,13,27.98,285,30,0,0,0,0
6617.52,23,23.14,2603,34,0,0,0,0
2627.92,2,6.96,3160,25,0,0,0,0
2406.22,8,4.58,2752,21,0,0,0,0
5662.72,6,13.05,1632,26,0,0,0,0
7372.71,7,20.62,712,29,0,0,0,0
29110.84,2,39.48,308,27,0,0,0,0
9319.71,14,27.62,1620,29,0,0,0,0
10142.11,7,5.46,365,27,0,0,0,0
1253.21,15,11.69,2035,27,0,0,0,0
856.72,21,25.93,2883,21,0,0,0,0
6624.36,22,26.4,33,19,0,0,0,0
19713.07,11,10.04,3510,21,0,0,0,0
31878.95,3,5.54,2211,24,0,0,0,0
15911.85,10,58.13,2246,25,0,0,0,0
65406.36,7,4.58,2477,30,0,0,0,0
9886.72,3,29.71,1312,23,0,0,0,0
20369.65,19,24.68,2949,22,0,0,0,0
33474.24,14,1.45,559,23,0,0,0,0
8383.56,0,34.79,3518,26,0,0,0,0
7056.72,0,0.93,2846,34,0,0,0,0
7551.5,14,8.46,1961,25,0,0,0,0
37719.48,8,17.77,1926,26,0,0,0,0
35487.45,16,27.19,2757,26,0,0,0,0
5752.85,11,0.7,1749,27,0,0,0,0
6799.62,20,2.1,2032,22,0,0,0,0
17435.14,6,9.61,2071,23,0,0,0,0
19176.42,18,0.27,2215,24,0,0,0,0
32159.71,16,0.28,3101,27,0,0,0,0
38619.45,21,4.29,1157,28,0,0,0,0
5411.88,2,15.77,2541,27,0,0,0,0
1381.5,0,2.15,3043,25,0,0,0,0
19563.24,10,4.49,1067,22,0,0,0,0
3742.21,16,1.46,3093,31,0,0,0,0
29075.9,4,7.83,1800,28,0,0,0,0
8492.86,5,17.48,3135,16,0,0,0,0
22039.3,20,3.05,113,31,0,0,0,0
1898.51,12,13.9,972,28,0,0,0,0
13318.02,16,17.52,1710,26,0,0,0,0
11118.42,9,7.08,1981,22,0,0,0,0
7626.16,13,3.66,917,25,0,0,0,0
2922.91,2,32.33,2590,21,0,0,0,0
10140.98,13,3.82,3091,26,0,0,0,0
2864.63,12,10.84,2592,20,0,0,0,0
13476.8,16,10.23,2709,38,0,0,0,0
59615.3,19,6.73,322,27,0,0,0,0
12990.87,14,1.28,723,29,0,0,0,0
27418.43,19,4.44,1894,16,0,0,0,0
4031.12,5,33.31,270,25,0,0,0,0
7611.08,22,6.7,91,22,0,0,0,0
9972.67,12,10.9,1825,24,0,0,0,0
6206.47,22,15.56,1952,26,0,0,0,0
4429.4,23,21.01,1557,26,0,0,0,0
1610.2,16,6.11,1085,29,0,0,0,0
11458.05,7,15.22,624,25,0,0,0,0
2617.38,12,9.16,2177,20,0,0,0,0
12400.47,18,4.76,2728,22,0,0,0,0
5882.29,5,0.69,43,28,0,0,0,0
33540.34,4,26.91,2669,20,0,0,0,0
15961.36,5,3.48,583,29,0,0,0,0
9549.98,4,15.94,1355,24,0,0,0,0
16162.88,18,3.18,1149,26,0,0,0,0
4620.04,21,14.51,587,26,0,0,0,0
22165.51,13,14.66,1211,28,0,0,0,0
3223.23,14,13.01,141,22,0,0,0,0
6125.65,12,8.64,1499,22,0,0,0,0
2684.2,9,9.99,483,23,0,0,0,0
30066.52,2,3.98,1856,15,0,0,0,0
24277.38,14,28.53,3190,29,0,0,0,0
13303.8,16,4.07,2426,24,0,0,0,0
16450.46,22,27.28,287,24,0,0,0,0
2688.22,7,15.35,190,18,0,0,0,0
3629.39,7,9.42,511,20,0,0,0,0
16963.35,2,21.61,2188,19,0,0,0,0
7424.68,21,11.18,421,35,0,0,0,0
4617.15,9,4.01,915,19,0,0,0,0
9711.07,11,12.47,1292,29,0,0,0,0
11630.86,13,14.11,2570,25,0,0,0,0
4297.18,13,16.51,1321,21,0,0,0,0
6972.69,1,18.79,1797,21,0,0,0,0
8247.07,20,11.8,2521,22,0,0,0,0
25431.76,14,3.79,3005,31,0,0,0,0
47033.74,23,55.55,2564,32,0,0,1,1
8753.04,23,4.69,3142,26,0,0,0,0
31844.87,5,5.01,2394,19,0,0,0,0
37404.65,23,29.26,1668,24,0,0,0,0
8323.9,5,7.43,1286,23,0,0,0,0
22562.91,12,2.3,143,28,0,0,0,0
8023.7,5,1.86,1114,29,0,0,0,0
5868.3,0,17.58,2151,27,0,0,0,0
19831.73,3,15.4,2647,25,0,0,0,0
7233.8,18,3.56,3413,28,0,0,0,0
10886.51,4,1.9,770,21,0,0,0,0
23243.99,7,2.94,1556,26,0,0,0,0
1615.31,6,31.9,510,26,0,0,0,0
80732.63,4,9.11,2559,28,0,0,1,1
5120.0,11,42.56,1324,25,0,0,0,0
27700.75,13,0.39,3536,24,0,0,0,0
1952.81,9,2.78,3117,30,0,0,0,0
5304.98,9,6.07,3452,31,0,0,0,0
3046.13,21,36.03,1888,24,0,0,0,0
14101.8,14,7.23,198,24,0,0,0,0
6654.7,10,12.94,3230,29,0,0,0,0
12398.38,19,13.62,665,25,0,0,0,0
21494.34,12,17.54,3066,28,0,0,0,0
2668.91,19,12.69,543,23,0,0,0,0
2441.34,19,5.25,1207,35,0,0,0,0
1131.72,7,3.31,2588,25,0,0,0,0
6900.64,4,2.69,2962,26,0,0,0,0
29255.32,10,3.41,3310,27,0,0,0,0
3366.15,12,26.97,2073,27,0,0,0,0
6372.04,9,5.1,885,19,0,0,0,0
6030.1,10,8.21,3317,30,0,0,0,0
20420.0,11,0.48,773,28,0,0,0,0
16027.63,5,1.25,3072,22,0,0,0,0
12641.92,19,0.47,1672,33,0,0,0,0
1312.12,11,23.2,455,29,0,0,0,0
13673.61,13,32.71,1147,26,0,0,0,0
37589.58,2,21.82,1750,18,0,0,0,0
18530.68,2,24.42,344,27,0,0,0,0
3833.42,17,6.46,2874,31,0,0,0,0
8726.28,11,13.27,1643,15,0,0,0,0
14627.44,19,4.45,1780,20,0,0,0,0
21017.8,20,0.53,1424,30,0,0,0,0
7989.64,1,3.98,3639,26,0,0,0,0
8038.74,0,0.26,2188,25,0,0,0,0
54941.89,7,8.54,3505,29,0,0,0,0
3287.72,15,44.41,3417,23,0,0,0,0
5897.51,2,22.27,911,28,0,0,0,0
5067.11,12,0.12,1972,34,0,0,0,0
28172.04,0,2.7,2145,25,0,0,0,0
7902.81,15,0.87,3478,27,0,0,0,0
1802.48,1,13.07,3619,26,0,0,0,0
13570.15,11,22.85,2512,25,0,0,0,0
12701.48,3,21.43,2939,32,0,0,0,0
3011.04,20,31.53,3153,24,0,0,0,0
25572.51,20,3.7,2397,22,0,0,0,0
9136.49,12,15.62,463,36,0,0,0,0
3186.67,21,17.78,2343,25,0,0,0,0
47825.34,0,1.53,1500,31,0,0,1,1
9747.25,18,18.9,3065,22,0,0,0,0
22550.91,13,14.32,1107,22,0,0,0,0
8137.43,14,22.18,1917,26,0,0,0,0
2099.48,20,22.5,3531,31,0,0,0,0
7584.94,9,27.3,3291,22,0,0,0,0
13092.92,13,47.18,869,16,0,0,0,0
3292.26,8,4.63,2087,24,0,0,0,0
15998.18,10,1.72,3491,25,0,0,0,0
13174.47,5,11.54,2722,16,0,0,0,0
11094.97,21,1.46,816,34,0,0,0,0
7521.75,11,0.99,1230,18,0,0,0,0
12245.72,4,40.6,48,19,0,0,0,0
4015.87,8,12.42,2955,27,0,0,0,0
1027.53,1,11.47,484,19,0,0,0,0
9003.56,16,15.58,222,20,0,0,0,0
12543.25,8,0.89,2221,25,0,0,0,0
19678.67,9,2.04,2847,30,0,0,0,0
13130.43,18,23.75,1419,26,0,0,0,0
16909.35,21,6.65,985,25,0,0,0,0
4153.28,20,19.88,2717,17,0,0,0,0
2872.49,2,2.28,2733,25,0,0,0,0
1780.78,17,8.19,1342,26,0,0,0,0
10050.69,9,8.41,1421,24,0,0,0,0
3901.22,14,1.13,1844,25,0,0,0,0
7600.14,22,20.19,3501,27,0,0,0,0
4670.48,10,0.47,1664,20,0,0,0,0
5059.19,12,0.42,2838,27,0,0,0,0
43377.7,19,0.75,3308,31,0,0,0,0
4741.16,12,8.05,930,23,0,0,0,0
8492.47,22,3.21,122,19,0,0,0,0
6521.56,3,1.47,1480,24,0,0,0,0
4825.88,16,10.78,2905,32,0,0,0,0
2019.69,13,3.39,3366,17,0,0,0,0
95153.07,14,8.04,3239,33,0,0,0,0
17393.65,14,6.21,2619,31,0,0,0,0
10710.95,0,4.89,1843,25,0,0,0,0
27953.09,3,8.52,1802,19,0,0,0,0
1434.83,22,6.06,616,16,0,0,0,0
32645.25,9,1.26,3554,16,0,0,0,0
3442.08,7,22.39,1029,26,0,0,0,0
11798.15,15,24.04,2433,27,0,0,0,0
8477.94,0,24.3,1414,30,0,0,0,0
19194.78,15,2.92,2011,26,0,0,0,0
2719.76,8,28.17,2683,36,0,0,0,0
1016.8,10,4.14,678,21,0,0,0,0
65669.33,2,16.69,508,21,0,0,1,1
19829.47,1,7.88,796,24,0,0,0,0
3755.05,14,24.01,865,27,0,0,0,0
10693.35,7,49.98,775,27,0,0,0,0
4954.73,14,12.48,2854,21,0,0,0,0
28994.89,15,26.26,1602,24,0,0,0,0
3310.75,22,22.44,721,19,0,0,0,0
1076.55,1,14.44,331,26,0,0,0,0
14021.11,19,5.34,3084,25,0,0,0,0
40309.37,19,2.43,322,18,0,0,0,0
13176.43,17,19.63,1395,18,0,0,0,0
9234.39,16,4.89,3172,25,0,0,0,0
6698.65,23,7.6,463,24,0,0,0,0
2252.27,10,0.08,1654,28,0,0,0,0
14264.22,14,5.78,3168,25,0,0,0,0
5584.74,11,0.1,3546,22,0,0,0,0
197423.72,7,4.39,939,23,0,0,0,0
7395.3,2,20.34,1932,21,0,0,0,0
24893.8,23,2.98,1856,26,0,0,0,0
15623.85,10,67.69,1759,15,0,0,0,0
11321.48,20,8.19,528,23,0,0,0,0
16774.74,14,0.03,785,30,0,0,0,0
2225.5,3,2.01,425,26,0,0,0,0
2868.25,15,9.76,57,28,0,0,0,0
5737.82,4,5.26,3013,32,0,0,0,0
4277.13,11,39.14,2588,21,0,0,0,0
2776.5,6,16.7,2145,20,0,0,0,0
8389.31,8,3.93,2935,21,0,0,0,0
30498.48,22,28.32,76,26,0,0,0,0
17740.22,15,10.45,3392,23,0,0,0,0
21329.07,17,7.36,149,29,0,0,0,0
6517.97,0,10.51,591,31,0,0,0,0
13577.62,15,36.22,3249,26,0,0,0,0
1744.86,9,6.55,510,22,0,0,0,0
12668.48,21,18.09,723,31,0,0,0,0
6834.52,9,17.47,3487,27,0,0,0,0
4664.69,2,10.76,165,24,0,0,0,0
8535.13,14,26.35,2874,31,0,0,0,0
15876.16,12,10.94,2095,37,0,0,0,0
16827.41,5,1.46,45,36,0,1,0,1
2053.17,21,12.54,538,25,0,0,0,0
4621.35,10,33.41,1202,26,0,0,0,0
7280.61,2,21.08,2354,25,0,0,0,0
21486.88,3,10.68,551,24,0,0,0,0
12878.17,10,32.93,3127,30,0,0,0,0
5824.8,12,10.07,2055,28,0,0,0,0
5365.68,22,18.7,181,34,0,0,0,0
26198.1,5,0.89,833,23,0,0,0,0
3172.18,11,5.54,328,25,0,0,0,0
8073.94,19,6.59,37,25,0,0,0,0
17922.61,17,21.34,2438,23,0,0,0,0
88289.11,20,11.17,834,24,0,0,0,0
11588.72,4,20.73,1332,25,0,0,0,0
10028.6,7,3.03,2957,24,0,0,0,0
21951.06,4,12.36,1885,25,0,0,0,0
7224.24,23,11.82,2379,22,0,0,0,0
7213.94,17,10.96,418,23,0,0,0,0
590.08,12,50.61,1101,29,0,0,0,0
14241.41,17,13.49,502,25,0,0,0,0
7012.72,0,2.65,1244,23,0,0,0,0
15297.09,10,42.15,2095,32,0,0,0,0
13396.98,16,3.4,3343,28,0,0,0,0
21810.92,16,6.78,1593,31,0,0,0,0
8568.64,12,0.91,1199,28,0,0,0,0
9807.64,10,13.66,1529,20,0,0,0,0
624.95,3,70.56,3625,24,1,0,0,1
53433.11,20,12.5,303,16,0,0,0,0
13259.26,19,24.01,794,28,0,0,0,0
5546.22,22,42.48,3074,23,0,0,0,0
3094.15,11,1.04,1821,23,0,0,0,0
6194.11,0,5.7,1443,17,0,0,0,0
3674.3,11,1.04,3182,22,0,0,0,0
1645.13,9,0.26,2245,30,0,0,0,0
1662.14,9,13.51,2960,23,0,0,0,0
32612.97,8,12.44,288,23,0,0,0,0
6319.98,22,5.42,1827,28,0,0,0,0
5486.67,21,2.0,2105,30,0,0,0,0
34075.55,14,27.81,1909,25,0,0,0,0
15880.72,7,6.83,2969,27,0,0,0,0
53660.94,5,7.26,1223,19,0,0,0,0
2723.82,8,8.49,2650,24,0,0,0,0
15998.02,2,7.16,48,22,0,0,0,0
3252.53,13,12.42,813,29,0,0,0,0
9385.63,11,2.29,1507,22,0,0,0,0
11715.56,9,5.71,2030,24,0,0,0,0
27657.96,18,41.78,2458,40,0,0,0,0
5373.24,8,10.03,1750,22,0,0,0,0
6474.85,0,23.67,3215,23,0,0,0,0
6052.59,9,12.66,1338,16,0,0,0,0
3780.01,23,0.93,3131,26,0,0,0,0
35089.2,0,2.67,1769,26,0,0,0,0
12862.91,1,4.6,1002,32,0,0,0,0
8618.62,8,3.47,1502,25,0,0,0,0
2316.02,21,5.72,2898,20,0,0,0,0
19670.74,17,8.76,1982,31,0,0,0,0
992.91,20,25.02,109,23,0,0,0,0
21648.49,9,2.05,2996,26,0,0,0,0
19119.25,3,0.11,1488,26,0,0,0,0
4108.32,17,0.24,2375,26,0,0,0,0
9194.67,4,3.82,1281,23,0,0,0,0
14065.44,11,4.98,3170,22,0,0,0,0
4528.83,12,3.16,623,35,0,0,0,0
5772.6,20,1.62,713,31,0,0,0,0
23862.32,13,11.94,212,21,0,0,0,0
3400.71,16,2.45,1527,25,0,0,0,0
10386.07,18,37.05,478,33,0,0,0,0
3722.62,3,11.69,3293,19,0,0,0,0
4850.25,3,17.08,1336,33,0,0,0,0
20979.61,22,2.27,1438,24,0,0,0,0
14254.71,18,6.23,3492,31,0,0,0,0
21036.24,18,19.42,2108,24,0,0,0,0
10450.66,8,7.21,2617,28,0,0,0,0
16454.54,15,29.06,882,26,0,0,0,0
35120.52,20,3.46,2958,31,0,0,0,0
13275.23,10,1.69,1022,30,0,0,0,0
40794.4,9,1.58,227,24,0,0,0,0
13006.93,17,4.9,3136,24,0,0,0,0
29098.79,18,13.59,2332,25,0,0,0,0
24985.48,1,7.17,3021,24,0,0,0,0
13012.06,7,3.69,3493,28,0,0,0,0
8054.98,16,9.34,3403,22,0,0,0,0
1684.33,15,4.9,421,18,0,0,0,0
2346.64,16,9.63,1107,24,0,0,0,0
3538.66,0,3.35,3138,28,0,0,0,0
4369.3,0,40.41,55,24,0,0,0,0
6399.85,11,1.47,2739,29,0,0,0,0
7632.52,14,16.3,976,21,0,0,0,0
24423.52,17,4.86,582,31,0,0,0,0
50494.53,7,6.65,977,17,0,0,0,0
11515.85,21,13.6,217,22,0,0,0,0
9876.53,15,9.58,1467,22,0,0,0,0
3076.83,21,7.67,3020,26,0,0,0,0
29429.5,22,5.44,2446,24,0,0,0,0
12441.79,17,10.81,2409,28,0,0,0,0
26917.49,19,15.72,1910,25,0,0,0,0
1644.59,15,34.78,3040,27,0,0,0,0
4347.26,1,4.93,302,22,0,0,0,0
18828.09,17,3.05,2354,30,0,0,0,0
2779.19,11,4.34,1960,18,0,0,0,0
13009.98,2,2.68,1153,29,0,0,0,0
65722.59,11,5.37,1453,26,0,0,0,0
2556.28,11,16.02,3603,31,0,0,0,0
10826.75,19,3.84,3320,25,0,0,0,0
11851.36,14,0.2,354,23,0,0,0,0
6545.66,3,6.04,939,27,0,0,0,0
18319.79,18,23.66,101,13,0,0,0,0
8301.73,2,23.65,1877,18,0,0,0,0
14090.43,15,43.47,41,18,0,0,0,0
29837.1,2,7.3,3360,21,0,0,0,0
5009.87,9,19.88,769,25,0,0,0,0
2095.38,21,46.33,3176,27,0,0,0,0
2789.91,1,0.42,2049,27,0,0,0,0
4869.7,1,29.4,2325,16,0,0,0,0
3012.04,21,20.36,1765,23,0,0,0,0
4403.77,16,16.14,3340,24,0,0,0,0
6746.66,19,6.37,986,33,0,0,0,0
8013.7,21,2.78,1921,25,0,0,0,0
43363.66,7,1.82,2091,27,0,0,0,0
6139.24,23,9.27,2107,26,0,0,0,0
21366.28,7,4.54,2771,23,0,0,0,0
32838.45,6,0.18,2604,32,0,0,0,0
10189.11,8,12.02,888,44,0,0,0,0
1224.58,4,8.3,1647,27,0,0,0,0
7365.31,14,0.31,1165,27,0,0,0,0
21063.58,11,14.7,2029,24,0,0,0,0
25268.52,8,30.48,1433,26,0,0,0,0
4340.11,17,2.89,191,32,0,0,0,0
26363.22,8,0.61,937,22,0,0,0,0
11948.68,12,1.85,2074,28,0,0,0,0
7950.45,3,38.44,3099,23,0,0,0,0
447.53,18,7.89,2029,24,0,0,0,0
6329.49,6,14.13,887,29,0,0,0,0
6018.05,10,4.55,3253,24,0,0,0,0
5265.2,16,7.38,2895,21,0,0,0,0
3839.42,16,13.37,1718,25,0,0,0,0
12251.88,4,57.12,564,28,0,0,0,0
1358.5,6,0.71,1510,25,0,0,0,0
2210.08,10,33.35,3597,29,0,0,0,0
26598.15,18,15.8,2587,31,0,0,0,0
11841.97,6,18.88,392,29,0,0,0,0
10966.88,18,2.18,2209,26,0,0,0,0
8750.38,0,4.7,1736,24,0,0,0,0
11425.67,9,1.68,3342,25,0,0,0,0
23351.69,9,12.04,1417,22,0,0,0,0
2059.46,14,19.73,2821,25,0,0,0,0
15094.26,3,11.77,2220,25,0,0,0,0
2310.17,22,9.12,196,20,0,0,0,0
3707.07,11,8.17,2522,14,0,0,0,0
7852.29,9,9.48,72,31,0,0,0,0
23020.97,14,8.84,2285,24,0,0,0,0
15451.85,12,25.23,2524,25,0,0,0,0
4891.36,8,22.18,1959,19,0,0,0,0
4681.04,23,19.56,3400,26,0,0,0,0
181664.81,21,41.23,2996,27,0,0,0,0
39758.62,14,25.89,1037,23,0,0,0,0
7157.95,16,5.02,3646,23,0,0,0,0
5599.73,6,5.09,1010,27,0,0,0,0
38692.98,10,9.35,3089,25,0,0,0,0
43321.01,9,12.02,1732,20,0,0,0,0
7306.86,1,11.98,52,26,0,0,0,0
1460.98,22,12.03,2689,27,0,0,0,0
3434.55,4,1.87,55,20,0,0,0,0
10288.57,1,35.55,1630,31,0,0,0,0
19596.57,16,3.04,1816,20,0,0,0,0
880.68,9,7.84,1477,19,0,0,0,0
17019.71,9,4.27,744,28,0,0,0,0
3338.64,3,7.62,2303,26,0,0,0,0
10581.03,19,6.82,1338,34,0,0,0,0
32636.33,17,10.29,710,21,0,0,0,0
2393.99,0,25.83,3571,22,0,0,0,0
2809.57,8,6.85,1747,37,0,0,0,0
30372.84,11,64.97,1670,22,0,0,0,0
11656.65,15,17.72,2584,17,0,0,0,0
1133.35,10,9.39,977,25,0,0,0,0
29055.57,9,1.66,876,24,0,0,0,0
4777.64,13,2.59,2635,24,0,0,0,0
18456.48,22,9.71,3022,21,0,0,0,0
3473.92,11,41.78,2070,34,0,0,0,0
11194.39,20,3.86,294,29,0,0,0,0
30596.5,0,7.36,1448,20,0,0,0,0
7677.85,15,0.41,2518,30,0,0,0,0
112688.43,7,15.87,2378,19,0,0,0,0
18923.77,8,1.54,2278,26,0,0,0,0
12009.89,4,5.89,3601,26,0,0,0,0
6023.31,23,7.01,1055,28,0,0,0,0
2583.83,3,10.26,849,27,0,0,0,0
942.17,3,8.07,1438,28,0,0,0,0
18240.44,9,3.49,3332,25,0,0,0,0
442.75,6,11.78,389,26,0,0,0,0
31905.58,6,1.9,685,25,0,0,0,0
6875.12,14,25.08,2687,21,0,0,0,0
10017.55,3,10.19,2057,31,0,0,0,0
10684.84,14,0.59,657,30,0,0,0,0
1494.17,22,22.95,2557,26,0,0,0,0
36343.11,8,0.55,3549,31,0,0,0,0
2466.58,23,1.19,290,24,0,0,0,0
11411.05,20,15.06,3563,29,0,0,0,0
4929.87,7,3.95,2132,20,0,0,0,0
15163.0,20,16.19,2393,20,0,0,0,0
542.81,0,4.81,1872,25,0,0,0,0
12312.84,7,0.34,1218,17,0,0,0,0
16211.54,11,14.28,914,23,0,0,0,0
2973.43,16,2.8,1449,30,0,0,0,0
30260.47,3,10.71,2638,29,0,0,0,0
14812.81,6,25.59,3532,28,0,0,0,0
20943.73,0,0.71,383,18,0,0,0,0
27454.43,2,10.95,1506,23,0,0,0,0
3972.51,4,44.3,1586,20,0,0,0,0
5242.29,23,25.76,478,26,0,0,0,0
10584.3,5,3.45,1471,30,0,0,0,0
8097.34,23,10.99,3367,28,0,0,0,0
5922.24,8,44.48,3131,22,0,0,0,0
2500.9,17,5.17,1552,26,0,0,0,0
3959.83,1,28.11,1529,27,0,0,0,0
18959.86,14,0.74,599,26,0,0,0,0
11061.77,1,6.83,1770,23,0,0,0,0
12435.46,3,12.11,202,27,0,0,0,0
13035.49,16,4.57,856,26,0,0,0,0
4100.85,0,4.6,1393,22,0,0,0,0
16267.99,20,8.36,2510,34,0,0,0,0
14003.99,8,4.69,1552,36,0,0,0,0
4023.39,12,4.72,1171,28,0,0,0,0
10460.73,12,1.72,286,22,0,0,0,0
5990.65,3,3.48,888,18,0,0,0,0
12629.86,6,20.85,1719,28,0,0,0,0
3463.92,6,0.67,3534,21,0,0,0,0
4071.84,19,10.04,2030,35,0,0,0,0
1234.17,19,8.49,1727,31,0,0,0,0
2003.96,0,14.27,2987,20,0,0,0,0
18315.46,6,11.83,1701,29,0,0,0,0
1781.4,16,17.56,883,24,0,0,0,0
14663.27,14,10.74,3006,34,0,0,0,0
5256.53,22,15.59,762,28,0,0,0,0
5969.33,4,22.92,489,27,0,0,0,0
917.62,21,10.48,357,21,0,0,0,0
15654.98,11,2.85,2401,16,0,0,0,0
12996.12,16,38.17,2434,20,0,0,0,0
4458.15,3,7.04,3629,35,0,0,0,0
47610.12,19,34.81,2497,32,0,0,0,0
20314.22,5,25.83,3588,24,0,0,0,0
2969.18,5,6.98,3189,24,0,0,0,0
3082.24,21,4.9,1293,24,0,0,0,0
2821.13,10,0.69,1022,27,0,0,0,0
37161.55,21,0.25,2421,24,0,0,0,0
4180.61,23,28.59,2777,18,0,0,0,0
8836.0,6,5.79,254,30,0,0,0,0
1611.42,10,5.47,3589,19,0,0,0,0
54055.52,5,3.65,34,33,0,1,0,1
16837.78,17,4.2,1368,31,0,0,0,0
4116.83,16,0.39,493,30,0,0,0,0
11281.06,11,0.39,2086,23,0,0,0,0
42679.34,22,7.43,1707,25,0,0,0,0
10862.51,13,0.62,170,29,0,0,0,0
607.26,23,3.73,589,34,0,0,0,0
3579.26,2,1.24,3602,20,0,0,0,0
2968.9,9,7.35,46,27,0,0,0,0
1197.21,15,0.86,1159,26,0,0,0,0
21249.47,8,12.11,1846,22,0,0,0,0
4795.04,22,6.58,2320,28,0,0,0,0
6965.33,6,24.01,423,24,0,0,0,0
11912.19,5,8.23,294,22,0,0,0,0
8275.08,10,1.91,400,19,0,0,0,0
4175.96,12,3.21,364,22,0,0,0,0
6335.59,9,9.69,139,26,0,0,0,0
40080.58,6,10.18,2263,19,0,0,0,0
12547.96,0,4.21,1240,24,0,0,0,0
3094.4,4,3.6,2024,30,0,0,0,0
2007.31,19,0.59,2165,27,0,0,0,0
8144.62,16,6.34,2774,27,0,0,0,0
38774.73,16,4.39,388,29,0,0,0,0
63335.87,0,12.06,2268,21,0,0,1,1
4566.02,10,3.01,1681,24,0,0,0,0
2298.09,4,16.15,2722,29,0,0,0,0
20301.59,9,13.59,2829,22,0,0,0,0
22554.94,19,9.62,119,36,0,0,0,0
26910.23,9,1.38,3625,25,0,0,0,0
21117.13,4,9.44,1970,32,0,0,0,0
879.7,12,7.02,3031,29,0,0,0,0
1955.09,0,17.61,585,30,0,0,0,0
3619.64,7,4.91,970,21,0,0,0,0
882.87,5,5.29,1204,19,0,0,0,0
14825.75,4,41.83,2471,32,0,0,0,0
3718.82,14,3.54,2339,21,0,0,0,0
25001.85,11,1.56,2936,21,0,0,0,0
28194.77,14,7.58,2455,26,0,0,0,0
18897.23,0,11.42,3400,23,0,0,0,0
3061.38,9,11.03,44,27,0,0,0,0
2303.38,6,9.72,2726,29,0,0,0,0
24002.08,1,3.51,1601,23,0,0,0,0
63737.28,0,12.26,3357,34,0,0,1,1
27884.09,12,1.37,1354,27,0,0,0,0
3529.99,10,2.49,2804,18,0,0,0,0
15293.33,18,22.51,887,33,0,0,0,0
13239.7,13,35.92,1033,24,0,0,0,0
6482.09,22,19.68,1291,29,0,0,0,0
25824.37,18,1.55,2137,23,0,0,0,0
3993.3,16,1.93,145,17,0,0,0,0
6675.33,6,2.21,446,27,0,0,0,0
8230.31,6,8.49,2318,22,0,0,0,0
2039.34,5,26.69,3544,23,0,0,0,0
4045.2,4,16.79,3329,25,0,0,0,0
19685.85,5,0.42,1114,33,0,0,0,0
4507.37,12,0.25,1227,26,0,0,0,0
2557.2,16,9.4,3158,33,0,0,0,0
2893.4,14,3.74,2349,34,0,0,0,0
45568.13,13,0.14,922,25,0,0,0,0
24694.15,17,15.08,881,29,0,0,0,0
6647.94,21,2.98,2158,22,0,0,0,0
3306.57,23,25.67,1716,26,0,0,0,0
26189.78,5,5.27,2733,26,0,0,0,0
10443.55,13,4.4,983,27,0,0,0,0
8050.41,5,2.83,2572,16,0,0,0,0
6545.63,6,3.78,2800,23,0,0,0,0
16342.02,15,9.77,3161,18,0,0,0,0
14572.0,10,6.73,837,31,0,0,0,0
5911.95,14,18.96,98,26,0,0,0,0
2164.12,16,1.09,1449,25,0,0,0,0
49234.41,4,14.45,2037,22,0,0,1,1
4900.17,4,8.76,2109,36,0,0,0,0
4978.07,4,6.79,2738,30,0,0,0,0
14916.39,13,11.39,1751,25,0,0,0,0
3171.86,19,0.81,561,18,0,0,0,0
10546.52,3,8.75,1014,18,0,0,0,0
25582.71,1,3.43,1433,25,0,0,0,0
16547.67,19,12.39,741,31,0,0,0,0
28764.9,9,11.61,3163,24,0,0,0,0
16157.57,23,7.6,2470,35,0,0,0,0
6651.93,7,8.97,695,16,0,0,0,0
19466.6,11,12.51,2343,14,0,0,0,0
21169.25,12,10.4,741,26,0,0,0,0
18763.41,15,19.65,2404,24,0,0,0,0
5632.95,16,11.81,1179,10,0,0,0,0
2544.36,14,12.65,1687,38,0,0,0,0
26013.49,21,6.68,169,28,0,0,0,0
44198.95,14,3.39,1087,21,0,0,0,0
14900.32,1,9.5,1499,31,0,0,0,0
6226.39,21,18.35,3371,30,0,0,0,0
11924.18,23,23.49,1550,28,0,0,0,0
9408.45,23,26.88,2056,29,0,0,0,0
1663.06,7,5.45,2012,31,0,0,0,0
19567.78,23,7.44,565,33,0,0,0,0
43002.84,18,3.51,1840,21,0,0,0,0
63417.52,16,3.37,770,24,0,0,0,0
7891.92,18,1.41,2811,15,0,0,0,0
7104.81,10,16.78,410,25,0,0,0,0
7615.92,4,3.46,917,22,0,0,0,0
29455.75,0,41.39,1701,19,0,0,0,0
10061.37,22,1.64,657,23,0,0,0,0
43155.81,12,10.74,389,22,0,0,0,0
13925.3,6,6.5,3081,22,0,0,0,0
2899.59,9,4.93,1467,16,0,0,0,0
18162.65,8,0.19,2676,16,0,0,0,0
27544.8,16,16.19,3627,27,0,0,0,0
10427.9,9,9.07,137,26,0,0,0,0
2805.66,15,1.04,2397,19,0,0,0,0
8528.75,11,31.8,1281,23,0,0,0,0
3363.43,9,42.14,3434,22,0,0,0,0
4828.97,10,14.86,2401,18,0,0,0,0
10530.88,5,14.53,817,26,0,0,0,0
3470.09,22,6.22,2833,28,0,0,0,0
1845.59,16,6.51,2989,26,0,0,0,0
6339.86,16,0.08,2059,23,0,0,0,0
21728.42,7,20.73,2739,27,0,0,0,0
4599.05,5,21.4,2887,17,0,0,0,0
4139.69,12,7.9,693,21,0,0,0,0
25691.12,2,2.71,3430,25,0,0,0,0
14655.45,8,5.92,2701,22,0,0,0,0
1608.87,0,10.79,3433,17,0,0,0,0
13780.72,9,12.28,415,26,0,0,0,0
4374.9,6,24.55,3226,27,0,0,0,0
58252.49,18,3.81,1968,29,0,0,0,0
1809.82,14,1.34,1713,15,0,0,0,0
3610.86,12,9.24,3541,26,0,0,0,0
6658.5,13,95.01,1255,35,0,0,0,0
15286.44,9,0.22,525,14,0,0,0,0
17396.6,4,7.49,3547,19,0,0,0,0
12839.37,20,3.46,2954,25,0,0,0,0
5142.04,16,45.62,363,22,0,0,0,0
15178.06,14,16.72,3291,24,0,0,0,0
3478.4,22,0.68,1897,16,0,0,0,0
3268.14,10,6.15,2139,23,0,0,0,0
8004.45,3,14.59,1063,29,0,0,0,0
7954.45,20,4.47,2197,30,0,0,0,0
5980.59,18,28.14,2458,28,0,0,0,0
2615.24,19,15.2,2640,23,0,0,0,0
12037.95,20,0.77,3176,25,0,0,0,0
21265.72,2,4.94,3452,21,0,0,0,0
11026.43,17,20.52,3350,33,0,0,0,0
2597.52,0,11.76,553,37,0,0,0,0
3425.19,2,26.36,3092,19,0,0,0,0
6492.89,3,4.09,1361,21,0,0,0,0
30959.97,10,6.16,992,36,0,0,0,0
7986.82,14,19.83,811,19,0,0,0,0
5616.66,4,6.19,3304,15,0,0,0,0
4195.43,18,12.27,2851,30,0,0,0,0
3088.05,8,3.33,2975,22,0,0,0,0
7747.36,7,0.39,1248,25,0,0,0,0
29615.79,11,41.8,3246,25,0,0,0,0
6646.23,13,1.2,668,20,0,0,0,0
10172.67,11,15.34,406,24,0,0,0,0
27412.7,9,25.16,2893,31,0,0,0,0
6981.58,3,3.88,2590,31,0,0,0,0
18757.5,6,10.82,2853,25,0,0,0,0
7909.08,6,11.06,1518,23,0,0,0,0
18492.09,14,8.24,1468,21,0,0,0,0
20984.72,23,48.49,84,15,0,0,0,0
21441.89,9,10.54,1783,28,0,0,0,0
2909.14,1,0.99,1941,20,0,0,0,0
4969.88,1,29.1,569,18,0,0,0,0
8418.93,21,12.62,437,29,0,0,0,0
4110.73,11,17.0,3140,14,0,0,0,0
7839.05,14,0.91,2556,25,0,0,0,0
5275.11,11,14.51,1315,15,0,0,0,0
11246.6,7,17.24,3285,30,0,0,0,0
27746.76,22,10.0,1891,27,0,0,0,0
4772.7,6,5.49,3575,34,0,0,0,0
20239.72,9,0.55,2823,20,0,0,0,0
15589.7,1,12.86,478,24,0,0,0,0
53211.22,14,5.51,2824,25,0,0,0,0
4396.14,7,5.67,3234,25,0,0,0,0
6915.15,17,4.47,3261,24,0,0,0,0
11563.55,17,7.0,2685,21,0,0,0,0
1236.54,14,2.32,2777,28,0,0,0,0
5335.25,2,10.25,1057,29,0,0,0,0
27469.22,11,4.38,2384,30,0,0,0,0
99863.2,11,2.79,1713,26,0,0,0,0
3000.82,23,2.56,1458,26,0,0,0,0
4540.88,11,8.22,1636,25,0,0,0,0
7948.51,9,13.2,1489,25,0,0,0,0
10338.78,1,1.8,155,34,0,0,0,0
14918.69,3,36.73,1496,17,0,0,0,0
4481.19,14,3.62,2469,30,0,0,0,0
3480.2,8,13.78,3457,25,0,0,0,0
1291.8,18,29.28,2836,24,0,0,0,0
2151.57,19,3.08,87,18,0,0,0,0
14386.87,17,0.44,985,25,0,0,0,0
7452.33,12,3.13,191,28,0,0,0,0
20601.68,21,33.85,1130,21,0,0,0,0
9375.32,5,3.36,1923,28,0,0,0,0
8671.86,10,0.49,31,21,0,0,0,0
4768.29,5,8.0,2131,27,0,0,0,0
12400.07,21,15.72,3154,24,0,0,0,0
43648.65,12,4.79,73,22,0,0,0,0
7663.55,17,0.04,1458,15,0,0,0,0
32044.36,12,14.22,2387,28,0,0,0,0
3292.42,18,16.13,1277,25,0,0,0,0
1950.89,5,18.48,1923,20,0,0,0,0
4866.81,12,11.3,3143,31,0,0,0,0
7803.79,12,22.57,450,26,0,0,0,0
10512.52,16,4.97,3333,22,0,0,0,0
3471.58,17,0.1,2354,29,0,0,0,0
4935.07,9,2.69,1450,26,0,0,0,0
9745.41,3,9.9,1024,31,0,0,0,0
5870.41,13,1.63,744,29,0,0,0,0
922.72,18,56.0,1827,29,0,0,0,0
7285.66,12,6.35,209,23,0,0,0,0
21889.93,3,22.66,1705,30,0,0,0,0
3536.9,6,10.4,1794,24,0,0,0,0
5053.87,21,30.72,3411,30,0,0,0,0
3674.24,20,15.26,3632,32,0,0,0,0
8161.46,19,18.19,2636,33,0,0,0,0
11564.19,18,9.5,1525,34,0,0,0,0
8935.73,21,8.13,1310,18,0,0,0,0
1252.3,15,7.7,1013,32,0,0,0,0
3901.32,20,12.58,3344,26,0,0,0,0
4097.02,17,3.02,2130,25,0,0,0,0
8742.97,3,4.69,1518,23,0,0,0,0
13542.66,15,0.65,2309,25,0,0,0,0
8704.25,4,11.35,2864,15,0,0,0,0
16095.88,2,15.91,595,29,0,0,0,0
9368.08,3,2.76,3171,28,0,0,0,0
1933.04,5,56.73,406,27,0,0,0,0
2786.05,11,11.55,1211,21,0,0,0,0
6746.97,0,38.96,1764,27,0,0,0,0
669.63,21,1.26,2707,23,0,0,0,0
7842.44,3,13.79,507,34,0,0,0,0
2636.69,8,1.13,2924,18,0,0,0,0
8263.61,15,16.95,900,27,0,0,0,0
5713.35,20,3.49,2098,28,0,0,0,0
2255.14,12,6.49,125,25,0,0,0,0
36648.62,18,13.87,2952,27,0,0,0,0
5148.0,21,6.7,3441,24,0,0,0,0
1875.23,17,8.67,314,18,0,0,0,0
8928.43,19,16.29,260,23,0,0,0,0
3760.11,13,18.18,1070,20,0,0,0,0
9818.75,0,21.34,2232,30,0,0,0,0
14132.47,0,15.91,2303,23,0,0,0,0
7096.57,17,47.46,1498,23,0,0,0,0
18509.64,6,6.63,2905,32,0,0,0,0
10330.77,22,8.77,1269,26,0,0,0,0
7662.39,7,1.57,1523,27,0,0,0,0
14196.98,16,9.92,1595,32,0,0,0,0
21063.67,18,30.15,3302,18,0,0,0,0
54400.93,17,0.89,457,22,0,0,0,0
5166.69,6,13.19,3425,21,0,0,0,0
89627.33,3,3.49,3487,27,0,0,1,1
32346.88,2,13.56,2989,34,0,0,0,0
4154.34,18,17.06,2747,23,0,0,0,0
7808.46,0,7.61,2749,34,0,0,0,0
15096.33,1,1.97,487,22,0,0,0,0
13198.68,4,1.53,385,29,0,0,0,0
41293.84,4,6.8,1114,25,0,0,0,0
4384.7,19,14.14,361,17,0,0,0,0
14579.79,9,0.21,780,32,0,0,0,0
5184.79,3,2.76,3562,24,0,0,0,0
4850.34,19,2.58,855,35,0,0,0,0
17283.29,23,23.65,2372,28,0,0,0,0
62746.76,2,3.85,2230,17,0,0,1,1
9974.65,23,45.47,2357,28,0,0,0,0
9878.19,11,4.06,2452,25,0,0,0,0
37920.36,4,1.53,2801,30,0,0,0,0
54029.67,22,5.0,2065,21,0,0,0,0
6333.55,17,1.75,3170,28,0,0,0,0
1153.58,17,1.8,3278,17,0,0,0,0
15711.22,20,17.63,1559,27,0,0,0,0
14198.9,13,4.38,2668,30,0,0,0,0
7898.48,12,17.54,2628,22,0,0,0,0
13311.72,14,45.52,1895,24,0,0,0,0
13998.89,22,15.47,2048,35,0,0,0,0
6200.34,23,6.42,3170,24,0,0,0,0
7225.41,18,9.42,1369,20,0,0,0,0
67653.62,3,27.41,1581,28,0,0,1,1
5639.55,11,12.82,2226,34,0,0,0,0
20626.25,14,1.18,3467,32,0,0,0,0
2961.52,20,16.3,2505,21,0,0,0,0
4926.72,12,3.51,2705,26,0,0,0,0
8669.08,14,9.12,3244,18,0,0,0,0
4244.7,10,6.22,1565,20,0,0,0,0
11494.8,4,7.92,605,24,0,0,0,0
6817.16,7,11.4,3276,28,0,0,0,0
22683.95,10,2.21,1651,21,0,0,0,0
6036.29,20,6.41,3100,26,0,0,0,0
10734.21,19,23.37,3284,27,0,0,0,0
4265.58,21,15.3,37,24,0,0,0,0
7411.33,16,11.35,1584,18,0,0,0,0
10128.95,23,7.23,762,20,0,0,0,0
127983.94,3,12.67,2293,26,0,0,1,1
4733.19,6,25.76,3169,21,0,0,0,0
13887.66,9,40.57,725,28,0,0,0,0
25225.74,17,15.05,819,26,0,0,0,0
2817.04,16,0.64,1717,25,0,0,0,0
1068.69,19,4.15,3580,29,0,0,0,0
10858.63,1,32.34,2448,36,0,0,0,0
7366.55,8,0.22,3368,23,0,0,0,0
9841.71,2,30.88,3158,17,0,0,0,0
27854.56,23,3.67,1997,33,0,0,0,0
6916.7,0,4.82,630,25,0,0,0,0
15450.18,5,7.91,241,19,0,0,0,0
3415.26,3,0.16,994,32,0,0,0,0
7554.01,16,0.64,1266,24,0,0,0,0
7649.39,0,0.22,3309,23,0,0,0,0
8054.04,23,2.07,2984,29,0,0,0,0
41433.99,0,15.57,577,31,0,0,0,0
23750.13,14,12.61,106,21,0,0,0,0
3668.28,6,9.4,1706,25,0,0,0,0
34661.49,8,15.24,2316,32,0,0,0,0
9255.47,23,4.91,3649,25,0,0,0,0
13335.99,5,6.67,3064,24,0,0,0,0
13086.82,23,15.22,2516,14,0,0,0,0
10213.3,19,2.52,467,35,0,0,0,0
5408.02,16,4.28,885,23,0,0,0,0
15842.96,20,0.52,2795,26,0,0,0,0
4055.18,4,2.71,1081,29,0,0,0,0
18229.54,0,34.71,603,18,0,0,0,0
9763.6,14,13.45,3392,22,0,0,0,0
4683.49,18,0.9,3467,29,0,0,0,0
5269.5,5,4.95,1736,30,0,0,0,0
21060.24,8,1.37,2784,33,0,0,0,0
3123.38,18,0.66,2431,30,0,0,0,0
26573.76,5,1.1,1238,29,0,0,0,0
6706.82,10,10.81,907,28,0,0,0,0
7454.42,12,30.38,1805,32,0,0,0,0
8416.4,2,18.1,1225,27,0,0,0,0
9792.07,16,7.16,1389,24,0,0,0,0
4331.57,18,1.92,1243,29,0,0,0,0
1697.59,2,8.93,1858,23,0,0,0,0
16250.25,4,16.62,152,27,0,0,0,0
13614.23,17,1.72,250,22,0,0,0,0
1919.75,5,2.44,420,22,0,0,0,0
9308.15,15,5.07,3294,20,0,0,0,0
4789.8,14,14.56,381,33,0,0,0,0
4865.79,1,10.53,3244,23,0,0,0,0
2104.46,8,6.12,909,22,0,0,0,0
5475.22,0,3.49,220,22,0,0,0,0
10139.73,5,0.39,1587,16,0,0,0,0
16201.48,3,15.21,3332,22,0,0,0,0
12246.54,16,7.35,1644,29,0,0,0,0
10794.31,21,3.81,907,29,0,0,0,0
9617.78,12,8.77,1659,36,0,0,0,0
4126.01,10,3.5,3118,36,0,0,0,0
22066.7,2,0.04,1752,23,0,0,0,0
4625.03,14,8.07,440,24,0,0,0,0
13034.64,6,5.12,1045,23,0,0,0,0
7664.97,15,25.76,639,19,0,0,0,0
22529.27,4,1.23,771,24,0,0,0,0
9329.03,7,2.39,2880,27,0,0,0,0
14251.34,5,17.81,239,28,0,0,0,0
3713.76,8,23.02,2295,24,0,0,0,0
5971.63,10,8.75,2574,25,0,0,0,0
7909.38,11,0.21,3157,22,0,0,0,0
33674.49,11,4.04,1904,30,0,0,0,0
2296.44,2,10.07,1174,21,0,0,0,0
2696.87,10,9.34,1451,18,0,0,0,0
12807.33,4,15.28,1446,21,0,0,0,0
5202.82,0,13.29,3447,25,0,0,0,0
1178.89,17,15.19,2102,22,0,0,0,0
12812.39,0,7.31,326,33,0,0,0,0
6890.34,6,3.5,220,26,0,0,0,0
7832.8,2,4.85,1719,31,0,0,0,0
923.74,12,14.4,533,23,0,0,0,0
3474.5,11,4.08,1897,26,0,0,0,0
2481.81,13,9.74,275,29,0,0,0,0
30040.71,16,8.92,1866,34,0,0,0,0
11176.77,5,8.72,2344,23,0,0,0,0
9554.44,22,6.75,890,19,0,0,0,0
15809.09,15,14.53,1104,23,0,0,0,0
3179.26,14,14.79,1982,20,0,0,0,0
5000.32,20,3.02,1778,22,0,0,0,0
49479.14,1,40.61,1818,23,0,0,1,1
2571.66,23,0.49,239,26,0,0,0,0
7041.84,21,5.37,3071,19,0,0,0,0
1224.14,23,16.43,3286,30,0,0,0,0
13246.73,23,2.84,650,25,0,0,0,0
1422.66,19,0.99,2599,22,0,0,0,0
12356.29,21,5.29,2750,24,0,0,0,0
3990.19,19,0.88,774,27,0,0,0,0
11703.57,1,5.77,2883,27,0,0,0,0
5645.07,10,32.78,3414,32,0,0,0,0
2006.63,1,5.94,758,22,0,0,0,0
6580.58,8,10.07,2957,19,0,0,0,0
684.27,0,11.96,358,25,0,0,0,0
11726.92,21,16.16,385,31,0,0,0,0
466.55,7,0.47,2637,28,0,0,0,0
19428.9,19,31.34,663,18,0,0,0,0
11716.26,2,20.67,2879,23,0,0,0,0
8172.71,18,14.85,1186,11,0,0,0,0
4536.83,5,8.83,3233,26,0,0,0,0
12304.01,14,43.3,3358,20,0,0,0,0
2366.43,23,12.55,2551,26,0,0,0,0
13951.75,13,2.86,93,28,0,0,0,0
40688.93,14,3.55,2411,32,0,0,0,0
26198.93,16,5.51,1317,33,0,0,0,0
6694.04,8,18.18,165,17,0,0,0,0
8595.42,16,29.72,3634,26,0,0,0,0
26762.66,20,4.51,92,24,0,0,0,0
2413.49,21,1.68,1024,27,0,0,0,0
25930.2,6,5.24,1572,26,0,0,0,0
2413.86,10,26.58,692,21,0,0,0,0
45980.09,11,25.3,384,24,0,0,0,0
4342.61,16,23.83,1030,24,0,0,0,0
15086.75,9,10.21,1524,19,0,0,0,0
23296.46,19,21.69,3384,35,0,0,0,0
6668.11,16,4.05,110,32,0,0,0,0
9715.0,15,7.26,2323,23,0,0,0,0
31139.29,20,5.07,262,23,0,0,0,0
3518.25,7,0.27,1128,21,0,0,0,0
6401.51,2,15.13,3611,35,0,0,0,0
11257.06,11,16.9,3124,27,0,0,0,0
2157.94,22,9.55,2780,18,0,0,0,0
12801.02,21,37.04,1652,19,0,0,0,0
90370.82,16,2.96,3181,32,0,0,0,0
8789.2,6,1.35,3460,25,0,0,0,0
39577.53,11,23.38,2272,17,0,0,0,0
7935.47,5,11.24,2380,19,0,0,0,0
1134.16,0,6.33,135,24,0,0,0,0
3221.46,21,12.72,141,23,0,0,0,0
4709.45,8,3.71,193,34,0,0,0,0
10703.74,4,16.78,2758,21,0,0,0,0
3627.6,8,11.61,2924,24,0,0,0,0
11019.33,16,7.55,2908,18,0,0,0,0
4583.27,7,22.14,793,18,0,0,0,0
13535.69,1,4.37,2382,38,0,0,0,0
1967.92,10,20.68,2108,20,0,0,0,0
3019.42,4,14.33,1907,32,0,0,0,0
8133.09,3,2.48,1603,17,0,0,0,0
1378.75,17,0.81,2659,27,0,0,0,0
27935.51,11,33.39,2587,18,0,0,0,0
2068.09,2,1.31,2624,22,0,0,0,0
56114.75,4,5.88,1631,21,0,0,1,1
2547.54,21,1.97,1984,25,0,0,0,0
5981.55,11,2.79,2007,23,0,0,0,0
2825.15,14,10.42,544,15,0,0,0,0
23358.79,15,3.43,1839,33,0,0,0,0
5622.29,3,2.48,444,27,0,0,0,0
3549.29,22,9.86,612,37,0,0,0,0
4067.62,22,20.0,3117,24,0,0,0,0
27891.94,2,5.17,3370,16,0,0,0,0
23125.87,0,5.64,231,12,0,0,0,0
16239.52,9,28.71,815,27,0,0,0,0
8167.19,5,8.4,1781,25,0,0,0,0
3326.52,15,7.94,2220,32,0,0,0,0
17173.1,9,19.21,1730,22,0,0,0,0
4993.45,5,4.07,2641,21,0,0,0,0
5118.61,4,30.51,3042,31,0,0,0,0
8854.29,0,16.85,3150,23,0,0,0,0
6435.59,14,6.16,2312,28,0,0,0,0
7817.92,11,22.77,3484,24,0,0,0,0
381830.28,2,2.91,564,31,0,0,1,1
11404.42,2,25.18,1453,32,0,0,0,0
1591.54,2,12.41,1801,32,0,0,0,0
9838.81,14,9.96,1211,34,0,0,0,0
14965.73,18,1.18,2982,33,0,0,0,0
6572.68,20,7.16,3084,27,0,0,0,0
41771.29,19,1.49,2884,31,0,0,0,0
10571.09,10,7.41,637,28,0,0,0,0
6866.22,12,16.77,1462,26,0,0,0,0
6485.21,5,4.91,1743,27,0,0,0,0
7383.89,14,14.65,2477,27,0,0,0,0
4756.65,15,6.69,215,23,0,0,0,0
8587.15,22,0.5,421,29,0,0,0,0
4449.85,9,5.13,2269,28,0,0,0,0
36132.15,12,8.49,259,24,0,0,0,0
31574.84,6,41.44,2621,28,0,0,0,0
3500.92,12,8.56,2378,27,0,0,0,0
12137.45,5,12.91,3475,23,0,0,0,0
7587.44,10,13.17,3080,23,0,0,0,0
1563.37,6,9.58,223,32,0,0,0,0
2095.04,2,7.35,587,29,0,0,0,0
4315.53,3,22.11,2211,33,0,0,0,0
7712.03,1,10.97,1602,21,0,0,0,0
3525.03,7,0.04,394,31,0,0,0,0
4673.65,8,23.3,127,24,0,0,0,0
3060.87,10,9.24,1826,26,0,0,0,0
5019.89,22,0.32,1885,26,0,0,0,0
3211.76,11,13.45,2131,18,0,0,0,0
519.31,5,13.19,2804,31,0,0,0,0
4556.74,18,32.09,3575,24,0,0,0,0
4003.76,23,7.86,514,20,0,0,0,0
13504.69,18,1.15,1012,18,0,0,0,0
1297.66,7,28.17,233,21,0,0,0,0
2275.46,14,27.22,605,22,0,0,0,0
1357.8,20,7.38,2696,26,0,0,0,0
12328.95,4,14.12,1146,31,0,0,0,0
6510.25,22,23.4,2844,28,0,0,0,0
10037.6,9,10.4,1627,29,0,0,0,0
3499.16,13,15.61,921,23,0,0,0,0
27368.79,16,18.28,1431,28,0,0,0,0
2666.23,1,4.47,154,26,0,0,0,0
4159.5,3,7.16,699,15,0,0,0,0
4494.76,18,18.05,2619,25,0,0,0,0
14365.47,16,10.93,3564,26,0,0,0,0
11989.71,5,9.06,1734,31,0,0,0,0
2432.8,23,12.38,1240,24,0,0,0,0
8954.28,12,2.92,3359,22,0,0,0,0
5475.96,18,2.72,2452,25,0,0,0,0
1069.4,4,35.44,2932,19,0,0,0,0
28218.75,14,4.33,1438,27,0,0,0,0
941.16,5,1.82,215,30,0,0,0,0
3630.68,0,25.71,1237,26,0,0,0,0
1983.34,22,10.39,3518,15,0,0,0,0
3299.7,11,55.72,3194,32,0,0,0,0
3585.4,14,1.65,3638,26,0,0,0,0
6610.53,18,13.62,2063,31,0,0,0,0
1336.78,15,0.19,779,35,0,0,0,0
1987.1,9,14.47,1578,27,0,0,0,0
8715.64,8,13.53,1644,25,0,0,0,0
4510.09,13,2.74,1319,33,0,0,0,0
14069.16,1,15.84,2911,25,0,0,0,0
5839.13,9,13.72,1213,29,0,0,0,0
48819.14,16,4.47,47,27,0,0,0,0
8684.93,22,0.39,2381,22,0,0,0,0
13872.03,11,11.28,2936,25,0,0,0,0
15046.28,1,5.89,1553,27,0,0,0,0
2760.92,9,2.7,3445,21,0,0,0,0
3009.3,2,3.56,80,28,0,0,0,0
3610.98,10,22.11,1602,25,0,0,0,0
16255.2,0,5.0,335,21,0,0,0,0
12675.09,4,6.62,3244,18,0,0,0,0
16957.52,1,1.71,131,24,0,0,0,0
45464.94,23,10.18,3127,25,0,0,1,1
2101.54,21,16.52,1891,25,0,0,0,0
11770.46,7,19.92,269,25,0,0,0,0
11691.28,8,21.79,2007,23,0,0,0,0
1545.92,16,24.66,1906,31,0,0,0,0
2719.13,18,6.31,2007,24,0,0,0,0
6348.16,16,36.31,1630,20,0,0,0,0
14345.33,4,6.39,2820,24,0,0,0,0
756.23,22,7.51,2094,25,0,0,0,0
6170.01,10,7.56,2916,21,0,0,0,0
6007.83,16,6.74,888,28,0,0,0,0
17532.23,13,6.83,2286,25,0,0,0,0
2043.32,21,15.03,3634,30,0,0,0,0
6496.58,9,26.94,2653,20,0,0,0,0
23246.07,10,14.45,2255,27,0,0,0,0
22345.27,5,9.22,2979,19,0,0,0,0
4522.96,17,6.61,3232,21,0,0,0,0
8028.07,6,9.9,709,32,0,0,0,0
20200.72,15,13.44,3261,22,0,0,0,0
2131.66,3,0.25,634,27,0,0,0,0
5467.96,12,26.98,1119,32,0,0,0,0
2934.16,16,4.95,373,22,0,0,0,0
2223.25,2,1.52,604,19,0,0,0,0
33602.97,8,3.39,2787,28,0,0,0,0
2563.13,0,8.75,2081,30,0,0,0,0
2062.52,20,0.76,2067,21,0,0,0,0
2900.38,12,12.27,103,23,0,0,0,0
46610.3,2,3.56,1972,30,0,0,1,1
23093.76,9,1.52,2072,23,0,0,0,0
5844.78,14,0.8,368,24,0,0,0,0
5787.45,19,28.96,2396,20,0,0,0,0
24860.38,7,2.58,2910,29,0,0,0,0
1506.19,9,5.57,2534,12,0,0,0,0
13434.61,19,3.78,3542,22,0,0,0,0
22062.44,17,10.77,653,36,0,0,0,0
1271.76,1,6.75,3337,25,0,0,0,0
8470.62,10,0.38,3381,17,0,0,0,0
7943.64,22,8.39,109,19,0,0,0,0
4411.61,1,10.15,2357,22,0,0,0,0
6662.84,15,23.91,3414,27,0,0,0,0
1536.88,0,11.39,3365,23,0,0,0,0
2223.55,12,14.25,2072,21,0,0,0,0
6496.61,2,6.4,362,18,0,0,0,0
2976.13,14,16.57,714,19,0,0,0,0
7342.33,4,8.38,3385,34,0,0,0,0
7697.16,22,10.52,179,26,0,0,0,0
18041.13,12,25.87,1895,21,0,0,0,0
27007.89,7,1.06,3487,24,0,0,0,0
5820.9,4,1.81,3491,29,0,0,0,0
5109.36,1,21.43,1104,32,0,0,0,0
5432.32,7,0.61,1761,28,0,0,0,0
9636.77,12,28.83,3320,22,0,0,0,0
9008.24,4,13.91,3389,24,0,0,0,0
1639.47,23,13.77,794,24,0,0,0,0
16678.96,11,19.54,3379,32,0,0,0,0
23132.86,16,12.88,1789,22,0,0,0,0
13309.05,21,15.53,2373,19,0,0,0,0
30679.17,11,2.6,3206,26,0,0,0,0
5247.48,1,11.19,1253,28,0,0,0,0
6844.35,0,3.56,113,27,0,0,0,0
6902.51,6,14.3,1508,19,0,0,0,0
7360.92,10,2.01,2527,21,0,0,0,0
6721.25,16,10.64,3643,28,0,0,0,0
5496.26,15,0.38,2354,30,0,0,0,0
10781.15,17,8.43,697,32,0,0,0,0
6393.19,1,12.83,1812,38,0,0,0,0
3724.28,6,33.38,3026,19,0,0,0,0
4609.72,16,8.26,3296,19,0,0,0,0
18577.98,15,6.97,249,13,0,0,0,0
42455.35,2,3.83,3267,20,0,0,1,1
33168.22,7,0.82,2847,22,0,0,0,0
6117.44,8,6.9,1023,20,0,0,0,0
9463.43,18,1.67,652,23,0,0,0,0
7172.02,4,15.55,3194,22,0,0,0,0
9489.81,7,13.56,794,22,0,0,0,0
3912.09,20,7.04,2476,25,0,0,0,0
51364.75,15,8.93,2381,32,0,0,0,0
18032.7,16,1.1,3274,24,0,0,0,0
6411.59,11,7.45,2219,32,0,0,0,0
7869.4,8,7.49,2433,29,0,0,0,0
2465.95,8,51.01,755,24,0,0,0,0
9396.47,10,5.48,3294,22,0,0,0,0
3357.43,8,11.67,2327,18,0,0,0,0
48842.73,16,9.95,885,29,0,0,0,0
3044.94,19,11.11,2709,26,0,0,0,0
10867.78,13,10.4,2243,29,0,0,0,0
7456.9,12,4.61,3416,33,0,0,0,0
10536.09,22,31.76,720,20,0,0,0,0
17318.23,0,5.3,1382,29,0,0,0,0
8219.57,20,0.59,3378,26,0,0,0,0
8463.47,18,13.15,1305,29,0,0,0,0
5158.19,4,5.51,3388,34,0,0,0,0
1586.88,7,4.06,1994,15,0,0,0,0
5174.29,5,2.4,2901,22,0,0,0,0
7657.28,4,3.59,641,21,0,0,0,0
18586.52,21,16.69,1687,26,0,0,0,0
1347.64,0,5.49,269,20,0,0,0,0
2242.66,18,7.62,530,26,0,0,0,0
7473.23,16,3.65,386,26,0,0,0,0
3950.34,22,2.71,2885,38,0,0,0,0
5477.21,12,0.87,668,23,0,0,0,0
16732.29,9,14.28,3458,22,0,0,0,0
3764.4,3,19.5,2110,17,0,0,0,0
3893.12,3,18.92,2237,30,0,0,0,0
29009.85,11,11.87,1285,29,0,0,0,0
10237.86,9,24.76,3021,17,0,0,0,0
1846.58,6,0.86,3475,20,0,0,0,0
2856.7,12,15.89,558,11,0,0,0,0
9073.75,11,37.17,1327,25,0,0,0,0
4516.74,16,37.29,133,22,0,0,0,0
5369.59,23,16.65,681,26,0,0,0,0
13104.94,19,8.17,2294,28,0,0,0,0
72388.52,4,29.55,3626,23,0,0,1,1
4577.1,9,36.12,1854,16,0,0,0,0
27226.44,22,0.6,3601,21,0,0,0,0
3840.75,12,7.57,243,35,0,0,0,0
12815.19,23,8.94,1423,23,0,0,0,0
12619.55,23,2.36,1183,13,0,0,0,0
2659.66,20,10.17,2375,29,0,0,0,0
3227.06,16,29.13,2234,19,0,0,0,0
3883.41,9,48.0,1297,27,0,0,0,0
14782.61,10,20.35,2364,29,0,0,0,0
7683.98,11,14.52,3556,20,0,0,0,0
3087.38,21,9.36,214,28,0,0,0,0
11156.55,17,16.37,2579,31,0,0,0,0
20202.96,21,7.46,1753,26,0,0,0,0
6595.48,4,18.79,389,25,0,0,0,0
3503.14,8,4.39,3366,19,0,0,0,0
3483.09,4,12.31,975,24,0,0,0,0
6287.53,1,9.26,292,33,0,0,0,0
3057.01,18,12.21,2294,30,0,0,0,0
4744.61,14,57.78,1518,29,0,0,0,0
39914.9,7,1.35,131,27,0,0,0,0
21939.58,12,6.96,1319,13,0,0,0,0
7106.34,12,72.13,1424,30,0,0,0,0
3560.23,13,43.77,2065,25,0,0,0,0
6911.59,0,26.55,1634,20,0,0,0,0
17665.15,20,13.28,2962,18,0,0,0,0
3279.3,20,13.74,2632,30,0,0,0,0
11182.24,13,15.69,2926,22,0,0,0,0
2640.59,23,2.53,2186,31,0,0,0,0
4466.97,7,36.32,2070,20,0,0,0,0
16096.44,6,14.6,3323,27,0,0,0,0
338.08,18,109.67,393,21,0,0,0,0
21346.54,7,3.8,1423,23,0,0,0,0
4015.62,22,2.46,1298,18,0,0,0,0
7784.13,1,49.36,1589,19,0,0,0,0
6961.95,7,10.99,2592,20,0,0,0,0
12918.68,13,27.71,1204,30,0,0,0,0
4329.83,18,29.41,1567,29,0,0,0,0
13433.01,12,5.81,3224,22,0,0,0,0
5138.21,2,1.27,3167,26,0,0,0,0
799.4,12,36.31,648,19,0,0,0,0
11153.68,1,1.69,3159,27,0,0,0,0
5196.32,17,19.34,1918,23,0,0,0,0
21683.84,15,3.04,175,20,0,0,0,0
1572.65,8,24.87,2398,32,0,0,0,0
81116.26,21,1.78,3327,30,0,0,0,0
1684.32,15,10.47,2921,29,0,0,0,0
10483.42,3,0.01,2927,21,0,0,0,0
39323.29,9,25.62,1454,28,0,0,0,0
5150.0,3,37.45,2377,26,0,0,0,0
20525.23,15,22.82,3516,15,0,0,0,0
9417.28,5,6.61,2870,20,0,0,0,0
6721.91,8,0.31,1791,16,0,0,0,0
7565.59,22,0.59,284,26,0,0,0,0
32414.12,22,14.58,2648,24,0,0,0,0
5097.89,5,1.39,2483,36,0,0,0,0
1698.42,10,5.1,500,17,0,0,0,0
33220.83,2,8.04,1650,28,0,0,0,0
18458.49,10,0.1,345,20,0,0,0,0
4145.94,8,9.7,3465,31,0,0,0,0
2219.24,16,6.59,1286,30,0,0,0,0
9697.1,0,5.8,1556,23,0,0,0,0
2986.74,13,1.31,686,30,0,0,0,0
3912.47,11,0.68,3023,28,0,0,0,0
25559.53,4,16.74,3558,32,0,0,0,0
10756.74,22,1.8,1858,29,0,0,0,0
69785.56,13,1.77,668,32,0,0,0,0
717.75,4,3.85,3568,24,0,0,0,0
18741.41,14,30.72,669,36,0,0,0,0
5064.23,10,3.31,2250,39,0,0,0,0
7048.73,0,2.07,2026,33,0,0,0,0
26686.13,12,1.83,1100,30,0,0,0,0
5154.85,22,9.34,3517,22,0,0,0,0
11778.8,20,6.55,2456,18,0,0,0,0
9993.19,14,3.55,3587,26,0,0,0,0
5837.78,19,3.69,516,27,0,0,0,0
16892.71,8,29.11,2113,31,0,0,0,0
7116.56,21,2.1,2768,27,0,0,0,0
957.5,16,14.23,1535,20,0,0,0,0
14501.78,1,3.07,3583,31,0,0,0,0
33906.66,14,24.35,797,24,0,0,0,0
9852.51,14,25.71,3427,22,0,0,0,0
27989.48,18,51.6,1671,18,0,0,0,0
6973.57,0,14.11,3570,22,0,0,0,0
24137.14,17,9.1,2341,27,0,0,0,0
7947.24,0,20.76,891,23,0,0,0,0
6493.04,21,28.36,3156,23,0,0,0,0
21116.11,4,0.45,2468,22,0,0,0,0
546.27,13,20.08,3015,18,0,0,0,0
1490.76,14,17.3,2529,20,0,0,0,0
10136.66,6,39.24,355,24,0,0,0,0
2372.16,10,8.95,937,27,0,0,0,0
11470.82,13,4.01,1624,31,0,0,0,0
41597.6,5,2.24,1476,36,0,0,0,0
4480.71,7,0.57,1895,27,0,0,0,0
16557.75,23,8.5,1562,33,0,0,0,0
17727.52,15,21.42,1071,29,0,0,0,0
10995.52,22,23.64,1795,25,0,0,0,0
1443.87,19,2.78,2975,31,0,0,0,0
20458.99,21,6.35,2965,28,0,0,0,0
10467.49,10,5.79,2133,28,0,0,0,0
7945.51,7,21.52,2741,41,0,0,0,0
4179.8,9,2.01,53,23,0,0,0,0
5344.41,8,13.84,3480,28,0,0,0,0
4788.46,18,4.22,2143,23,0,0,0,0
16027.35,8,21.68,1407,26,0,0,0,0
1315.56,5,10.6,2942,22,0,0,0,0
2485.24,9,9.4,838,41,0,0,0,0
13475.23,15,27.53,2333,24,0,0,0,0
26482.96,7,49.27,1105,22,0,0,0,0
6394.42,7,2.99,856,31,0,0,0,0
14228.03,0,26.6,1017,22,0,0,0,0
1984.93,15,4.22,605,23,0,0,0,0
26592.73,3,4.89,669,25,0,0,0,0
3015.16,6,9.76,3243,25,0,0,0,0
14569.62,5,10.35,3371,29,0,0,0,0
12862.37,9,9.49,2605,23,0,0,0,0
9654.81,2,8.38,2106,22,0,0,0,0
4580.89,15,3.37,3569,27,0,0,0,0
36363.97,14,1.33,892,20,0,0,0,0
6574.65,21,2.74,1614,19,0,0,0,0
4466.4,21,0.27,2541,15,0,0,0,0
5789.18,3,3.0,133,25,0,0,0,0
2777.06,14,6.18,1713,22,0,0,0,0
13723.95,14,20.59,3408,19,0,0,0,0
7715.87,11,0.63,1594,21,0,0,0,0
3944.81,14,4.93,3030,29,0,0,0,0
469.4,15,0.55,2305,23,0,0,0,0
7460.06,15,2.51,833,26,0,0,0,0
9332.49,12,9.52,2653,23,0,0,0,0
8205.0,5,12.45,147,27,0,0,0,0
14847.79,10,0.33,2287,17,0,0,0,0
5035.18,12,12.73,1863,30,0,0,0,0
4807.19,8,9.99,933,24,0,0,0,0
37374.65,9,36.12,2814,18,0,0,0,0
7540.09,10,13.32,2109,22,0,0,0,0
51480.38,14,11.41,2368,37,0,0,0,0
17530.52,11,11.34,508,13,0,0,0,0
13315.7,23,21.34,162,18,0,0,0,0
5561.92,2,19.84,1548,20,0,0,0,0
3868.53,7,0.65,2445,35,0,0,0,0
18279.17,9,3.85,109,27,0,0,0,0
5281.07,4,8.29,859,21,0,0,0,0
6728.81,8,3.89,2227,28,0,0,0,0
2017.83,2,1.42,1584,24,0,0,0,0
15265.14,17,23.86,3334,20,0,0,0,0
8383.39,10,21.1,1976,28,0,0,0,0
6294.5,6,1.15,2662,20,0,0,0,0
3048.62,21,13.2,2782,20,0,0,0,0
11963.48,0,0.84,3214,28,0,0,0,0
21093.14,10,4.58,1034,28,0,0,0,0
7841.98,5,7.29,2832,20,0,0,0,0
73904.06,18,2.38,768,35,0,0,0,0
3956.75,3,0.78,3549,27,0,0,0,0
7622.99,15,9.63,3587,24,0,0,0,0
4772.06,3,7.52,254,21,0,0,0,0
11427.61,2,1.61,2031,31,0,0,0,0
11265.6,21,28.49,2113,28,0,0,0,0
2439.88,0,3.2,3525,29,0,0,0,0
15447.7,21,26.12,2404,25,0,0,0,0
2665.2,3,4.68,2428,26,0,0,0,0
30509.6,21,52.41,694,25,0,0,0,0
5664.48,13,17.38,2233,26,0,0,0,0
13439.66,22,10.34,878,30,0,0,0,0
23480.86,23,21.67,1635,25,0,0,0,0
2934.0,3,18.93,2381,17,0,0,0,0
2467.02,10,1.68,1239,20,0,0,0,0
8977.57,1,2.47,718,24,0,0,0,0
20654.29,22,2.05,471,28,0,0,0,0
2793.04,3,16.78,1776,28,0,0,0,0
1623.66,3,2.28,1164,29,0,0,0,0
9436.64,22,0.23,1383,26,0,0,0,0
16391.31,15,4.48,2645,26,0,0,0,0
15977.41,2,1.43,1347,29,0,0,0,0
8046.2,7,30.98,2805,24,0,0,0,0
10545.84,22,3.08,574,28,0,0,0,0
10551.47,1,15.23,1020,25,0,0,0,0
15558.0,14,1.34,2548,27,0,0,0,0
15436.94,2,25.36,1394,23,0,0,0,0
34639.69,8,4.26,2332,29,0,0,0,0
41499.29,12,12.87,1927,21,0,0,0,0
8575.37,19,29.94,490,34,0,0,0,0
7952.89,6,6.73,1745,25,0,0,0,0
8765.48,10,5.46,2815,23,0,0,0,0
796.07,13,9.11,1380,24,0,0,0,0
2833.81,9,4.67,2040,20,0,0,0,0
12484.17,4,1.48,1774,21,0,0,0,0
8508.83,8,10.79,1127,20,0,0,0,0
5472.71,13,15.32,2796,31,0,0,0,0
16856.51,20,6.85,75,17,0,0,0,0
3034.18,8,55.07,2055,23,0,0,0,0
14512.09,20,14.21,2100,19,0,0,0,0
13853.47,23,36.92,3198,18,0,0,0,0
2877.73,10,13.62,1874,31,0,0,0,0
17432.3,2,12.14,584,29,0,0,0,0
7160.01,18,15.81,56,28,0,0,0,0
21982.68,14,4.49,1718,24,0,0,0,0
35980.27,16,7.54,1358,39,0,0,0,0
5954.88,15,7.48,1922,23,0,0,0,0
28132.47,11,20.63,1752,31,0,0,0,0
11208.85,6,5.86,1041,25,0,0,0,0
56859.73,13,10.76,2309,25,0,0,0,0
8741.22,20,8.08,777,27,0,0,0,0
11897.28,10,55.72,635,31,0,0,0,0
7674.86,3,4.29,346,22,0,0,0,0
11023.69,19,41.78,3573,22,0,0,0,0
13597.74,15,4.16,376,22,0,0,0,0
12457.05,15,12.45,2515,30,0,0,0,0
580.71,2,11.58,2816,23,0,0,0,0
4854.33,15,2.42,335,25,0,0,0,0
3135.68,11,12.94,1284,25,0,0,0,0
5657.33,20,5.97,2316,38,0,0,0,0
7623.54,16,6.02,3040,22,0,0,0,0
45223.76,15,35.14,1240,31,0,0,0,0
14534.99,7,10.96,2771,20,0,0,0,0
477.08,7,5.7,3379,28,0,0,0,0
6934.91,6,10.67,2550,25,0,0,0,0
38082.31,3,2.25,2634,28,0,0,0,0
10071.18,3,5.68,961,22,0,0,0,0
2993.46,5,1.03,1791,18,0,0,0,0
24487.07,13,3.18,626,21,0,0,0,0
34968.26,7,1.75,742,33,0,0,0,0
1311.48,6,47.53,555,23,0,0,0,0
7459.81,2,33.42,2524,33,0,0,0,0
6434.8,15,22.72,2941,23,0,0,0,0
3476.16,11,8.44,1083,23,0,0,0,0
2499.45,17,31.94,3170,25,0,0,0,0
10112.81,20,3.3,167,28,0,0,0,0
3231.09,7,25.23,2403,31,0,0,0,0
2748.85,4,2.42,614,13,0,0,0,0
49634.85,17,0.01,680,19,0,0,0,0
14123.63,10,0.29,1045,22,0,0,0,0
34492.57,11,6.2,61,24,0,0,0,0
5725.57,8,5.72,2022,33,0,0,0,0
3027.42,19,27.79,3100,27,0,0,0,0
15305.5,22,5.87,1025,26,0,0,0,0
30493.72,3,32.14,3152,29,0,0,0,0
37165.05,19,23.63,1051,29,0,0,0,0
2318.99,15,3.34,225,28,0,0,0,0
6326.37,22,10.45,3071,30,0,0,0,0
20427.43,14,5.22,1835,20,0,0,0,0
14597.1,0,1.91,1320,28,0,0,0,0
15997.95,14,5.55,2191,29,0,0,0,0
15148.11,3,29.74,658,23,0,0,0,0
6790.13,9,10.06,3507,27,0,0,0,0
1987.85,1,14.67,2307,25,0,0,0,0
986.69,18,3.68,3335,22,0,0,0,0
2813.79,12,1.91,3429,22,0,0,0,0
7883.17,11,6.69,426,28,0,0,0,0
7084.69,11,7.22,961,29,0,0,0,0
11958.04,1,3.33,1013,25,0,0,0,0
5899.66,20,14.09,2691,22,0,0,0,0
9664.26,3,26.63,3311,25,0,0,0,0
34617.61,2,8.64,1326,29,0,0,0,0
18781.8,7,27.02,619,26,0,0,0,0
14687.53,10,46.42,2293,16,0,0,0,0
9700.13,22,7.4,1813,27,0,0,0,0
4387.86,17,2.58,3060,22,0,0,0,0
10749.13,8,20.29,934,33,0,0,0,0
48786.62,16,21.82,445,18,0,0,0,0
11247.26,11,29.33,1004,27,0,0,0,0
1474.58,4,5.62,3368,23,0,0,0,0
8823.81,11,7.82,878,21,0,0,0,0
4971.73,5,0.98,40,26,0,0,0,0
35431.49,0,44.54,3633,29,0,0,0,0
6305.43,5,14.0,2515,23,0,0,0,0
186791.54,8,17.54,2532,27,0,0,0,0
5817.88,3,11.11,2232,15,0,0,0,0
24124.43,23,1.15,657,30,0,0,0,0
9057.72,4,20.83,1405,37,0,0,0,0
3518.1,15,2.34,3267,18,0,0,0,0
9756.5,2,13.88,821,24,0,0,0,0
15347.84,19,35.29,3212,27,0,0,0,0
11234.5,7,19.22,1136,28,0,0,0,0
9655.54,18,9.3,1662,30,0,0,0,0
741.03,4,1.23,1087,27,0,0,0,0
10883.15,6,2.25,2443,27,0,0,0,0
6676.44,2,5.2,3231,25,0,0,0,0
2581.88,5,19.55,2606,21,0,0,0,0
10516.22,19,19.23,979,21,0,0,0,0
3515.22,12,18.74,3277,22,0,0,0,0
6431.29,9,4.65,2464,20,0,0,0,0
11898.91,1,7.37,1231,25,0,0,0,0
6098.79,14,21.85,1716,23,0,0,0,0
1731.74,12,40.14,1889,25,0,0,0,0
13545.18,7,2.39,1188,25,0,0,0,0
13889.8,22,9.37,2537,20,0,0,0,0
9074.93,19,1.49,2719,28,0,0,0,0
1847.18,15,2.88,1131,21,0,0,0,0
4414.48,3,6.72,3566,27,0,0,0,0
4579.08,7,4.91,147,28,0,0,0,0
29830.24,14,8.99,3539,26,0,0,0,0
13011.55,15,4.17,1964,30,0,0,0,0
9260.76,6,6.03,3424,22,0,0,0,0
1985.61,8,9.76,2602,26,0,0,0,0
3165.6,7,25.97,681,20,0,0,0,0
6131.02,17,4.47,2448,23,0,0,0,0
1101.54,13,5.07,2070,18,0,0,0,0
27940.05,1,28.74,340,26,0,0,0,0
2735.79,8,4.79,434,28,0,0,0,0
4413.19,0,22.81,2518,30,0,0,0,0
19461.03,0,0.51,406,24,0,0,0,0
6480.4,2,15.64,3125,26,0,0,0,0
22869.05,0,0.51,409,29,0,0,0,0
1659.08,17,3.13,1885,30,0,0,0,0
14746.99,9,48.13,1608,24,0,0,0,0
4412.18,11,3.23,360,25,0,0,0,0
13719.0,4,1.3,618,22,0,0,0,0
22586.53,4,9.32,2393,28,0,0,0,0
7801.78,21,1.49,2007,32,0,0,0,0
4494.61,23,32.35,292,22,0,0,0,0
1904.52,2,31.99,2241,23,0,0,0,0
3522.56,19,21.99,2624,23,0,0,0,0
11205.57,12,3.46,686,25,0,0,0,0
2246.23,0,4.02,215,31,0,0,0,0
7807.01,15,17.71,1708,25,0,0,0,0
7083.36,5,2.17,984,29,0,0,0,0
4796.07,20,6.03,2390,18,0,0,0,0
16200.04,15,10.47,3215,26,0,0,0,0
1859.31,23,15.41,1184,18,0,0,0,0
4617.98,15,27.66,720,24,0,0,0,0
3966.54,6,2.02,2923,23,0,0,0,0
25224.36,20,55.92,3188,28,0,0,0,0
26914.32,9,2.93,2542,30,0,0,0,0
14137.03,3,5.62,978,28,0,0,0,0
8480.22,0,17.16,2870,24,0,0,0,0
10063.63,18,9.99,1983,22,0,0,0,0
14282.23,1,1.02,3317,25,0,0,0,0
11580.9,16,15.53,357,33,0,0,0,0
5349.25,15,8.67,2936,27,0,0,0,0
70074.08,21,15.3,3617,30,0,0,0,0
12084.61,17,26.37,2970,28,0,0,0,0
7132.74,23,16.32,1924,36,0,0,0,0
23637.99,7,0.22,1258,28,0,0,0,0
3975.18,21,18.91,3643,22,0,0,0,0
5057.79,12,14.85,3170,32,0,0,0,0
16508.24,12,4.5,1393,28,0,0,0,0
2871.97,20,14.04,3179,26,0,0,0,0
3233.59,14,2.19,421,22,0,0,0,0
52625.98,18,4.67,3158,23,0,0,0,0
22835.87,5,2.12,938,22,0,0,0,0
6578.3,2,17.12,176,22,0,0,0,0
4579.57,18,6.97,3104,27,0,0,0,0
7047.37,1,5.37,897,21,0,0,0,0
15613.65,12,36.23,1020,27,0,0,0,0
10029.58,22,1.51,2168,25,0,0,0,0
10950.14,2,19.04,636,21,0,0,0,0
13419.76,15,1.38,1521,22,0,0,0,0
10721.1,0,10.33,2735,28,0,0,0,0
5287.6,11,5.92,1688,25,0,0,0,0
8920.62,14,6.43,2180,32,0,0,0,0
2220.12,10,21.4,191,20,0,0,0,0
3033.62,18,2.75,3024,23,0,0,0,0
24653.85,0,0.29,3453,30,0,0,0,0
26548.66,9,9.07,2644,31,0,0,0,0
44893.14,19,6.07,2645,18,0,0,0,0
4999.9,11,4.33,2192,27,0,0,0,0
5791.9,0,19.34,2568,34,0,0,0,0
6480.38,20,18.81,2938,22,0,0,0,0
2067.67,8,38.69,707,22,0,0,0,0
7845.69,16,12.48,3564,36,0,0,0,0
11844.75,14,12.2,116,36,0,0,0,0
6695.08,16,4.9,2951,36,0,0,0,0
19333.72,23,16.58,3176,34,0,0,0,0
4412.42,2,19.36,743,16,0,0,0,0
4371.0,15,9.57,2851,25,0,0,0,0
46610.63,19,4.28,423,25,0,0,0,0
9719.27,0,1.11,1750,23,0,0,0,0
5262.6,16,0.45,3449,27,0,0,0,0
6250.73,23,6.63,1860,19,0,0,0,0
1694.59,4,18.74,2632,38,0,0,0,0
4649.21,4,15.9,1237,23,0,0,0,0
2918.54,14,5.66,300,25,0,0,0,0
5091.78,16,9.79,3155,33,0,0,0,0
7278.63,15,8.56,2920,35,0,0,0,0
8811.62,5,4.09,907,29,0,0,0,0
3474.3,11,18.77,2179,29,0,0,0,0
8257.02,5,3.23,3367,27,0,0,0,0
3898.58,1,1.32,141,28,0,0,0,0
2022.58,7,3.72,1035,21,0,0,0,0
17779.48,15,15.06,2120,13,0,0,0,0
1752.66,3,13.94,3028,20,0,0,0,0
7021.56,18,8.86,715,21,0,0,0,0
4701.41,22,8.37,1637,24,0,0,0,0
36401.2,10,3.49,549,23,0,0,0,0
13218.53,0,5.8,1653,36,0,0,0,0
3685.7,2,1.97,2856,28,0,0,0,0
5655.42,12,7.28,2612,33,0,0,0,0
27397.16,3,9.74,2350,24,0,0,0,0
10337.47,15,0.09,1250,20,0,0,0,0
5947.87,22,11.67,808,25,0,0,0,0
4606.51,6,3.56,3188,18,0,0,0,0
6104.99,14,2.13,1139,23,0,0,0,0
142686.19,6,14.92,2589,18,0,0,0,0
127416.66,17,20.34,2032,23,0,0,0,0
4206.19,6,36.06,1113,21,0,0,0,0
5359.01,22,0.21,1157,33,0,0,0,0
5594.24,10,10.36,2775,22,0,0,0,0
13953.41,7,3.41,2601,20,0,0,0,0
2340.78,23,25.76,2302,33,0,0,0,0
31427.63,3,1.53,1432,24,0,0,0,0
8369.98,15,12.08,3173,36,0,0,0,0
13124.67,2,17.88,1769,24,0,0,0,0
1727.22,8,22.5,3050,20,0,0,0,0
20298.79,7,13.41,132,23,0,0,0,0
26745.18,11,10.67,856,29,0,0,0,0
7210.07,20,8.71,2514,30,0,0,0,0
1779.8,16,0.82,1901,13,0,0,0,0
11672.15,0,13.36,77,27,0,0,0,0
17118.42,23,4.6,2523,18,0,0,0,0
25179.11,11,3.49,2164,36,0,0,0,0
23042.34,9,0.19,1050,24,0,0,0,0
1807.64,7,2.92,3400,28,0,0,0,0
7651.1,9,5.73,1413,21,0,0,0,0
11744.57,16,6.45,2229,23,0,0,0,0
2335.86,0,2.31,2069,35,0,0,0,0
16047.83,21,16.01,642,25,0,0,0,0
4041.23,2,2.48,1072,21,0,0,0,0
2454.82,8,65.02,388,29,0,0,0,0
3133.6,8,17.91,1916,23,0,0,0,0
2229.29,9,10.38,541,21,0,0,0,0
3006.73,20,2.67,2758,34,0,0,0,0
2492.3,12,33.19,3041,33,0,0,0,0
63357.18,4,17.97,504,25,0,0,1,1
7499.24,21,30.78,1279,22,0,0,0,0
1728.59,12,20.5,1068,18,0,0,0,0
1904.39,4,3.93,3096,27,0,0,0,0
6442.1,18,1.44,552,31,0,0,0,0
17606.58,12,5.1,1751,23,0,0,0,0
10155.41,13,17.06,3494,29,0,0,0,0
2086.13,19,1.61,92,21,0,0,0,0
439.55,20,14.07,586,24,0,0,0,0
10507.9,4,46.94,470,16,0,0,0,0
9763.97,19,5.49,191,23,0,0,0,0
4776.12,10,12.38,714,15,0,0,0,0
14403.19,8,2.76,770,17,0,0,0,0
3088.57,14,3.39,2044,27,0,0,0,0
84427.97,5,10.64,2697,25,0,0,0,0
2776.95,16,13.14,3266,21,0,0,0,0
5166.42,3,6.46,3518,24,0,0,0,0
4689.78,7,41.5,2945,30,0,0,0,0
3233.48,10,23.76,1287,29,0,0,0,0
32970.55,19,4.77,2941,35,0,0,0,0
10520.23,15,0.43,3551,18,0,0,0,0
10255.96,5,26.99,859,23,0,0,0,0
571.94,6,8.13,2945,24,0,0,0,0
4230.17,3,25.41,1250,22,0,0,0,0
11973.66,15,4.46,476,15,0,0,0,0
28544.89,13,22.78,1413,33,0,0,0,0
3502.06,10,21.36,1893,28,0,0,0,0
17997.62,21,0.31,2978,25,0,0,0,0
26089.69,8,3.06,1482,29,0,0,0,0
17029.16,4,7.22,2224,32,0,0,0,0
12783.42,15,26.69,1897,27,0,0,0,0
10495.07,2,3.38,3500,33,0,0,0,0
26781.88,15,19.46,2975,29,0,0,0,0
41137.63,19,0.58,3201,32,0,0,0,0
3526.91,10,4.59,582,23,0,0,0,0
2452.12,14,9.99,2520,18,0,0,0,0
19396.04,20,4.54,1527,30,0,0,0,0
6337.61,1,43.74,256,21,0,0,0,0
2748.87,6,7.43,1547,14,0,0,0,0
4683.09,19,8.89,1564,19,0,0,0,0
2417.58,12,8.11,3100,21,0,0,0,0
2482.31,12,20.9,3065,21,0,0,0,0
1994.5,11,4.37,2060,25,0,0,0,0
6796.38,2,18.56,821,28,0,0,0,0
964.17,4,15.55,3074,25,0,0,0,0
4283.01,16,1.77,118,18,0,0,0,0
2928.47,15,1.42,101,27,0,0,0,0
3424.52,20,6.63,2672,22,0,0,0,0
12140.41,9,2.5,439,25,0,0,0,0
16694.37,4,3.33,1805,17,0,0,0,0
4908.71,2,8.57,1498,30,0,0,0,0
13426.52,16,8.85,329,24,0,0,0,0
28363.05,7,3.87,3140,18,0,0,0,0
4437.24,12,3.8,1470,31,0,0,0,0
5601.13,15,18.52,1099,19,0,0,0,0
34657.2,8,18.32,1473,23,0,0,0,0
24485.42,6,7.04,1141,22,0,0,0,0
9608.62,0,27.09,1926,25,0,0,0,0
20459.76,18,15.07,1800,19,0,0,0,0
6386.17,13,14.67,626,20,0,0,0,0
9157.22,10,6.23,2708,24,0,0,0,0
2615.96,21,4.35,2369,24,0,0,0,0
16199.29,17,1.41,3458,22,0,0,0,0
6097.39,14,3.54,3517,34,0,0,0,0
36222.35,1,2.93,1837,28,0,0,0,0
13098.6,5,1.16,85,23,0,0,0,0
7511.03,9,4.9,1272,26,0,0,0,0
57798.91,23,4.08,697,22,0,0,1,1
27078.87,15,4.06,3031,21,0,0,0,0
12679.18,19,3.36,2070,27,0,0,0,0
12405.4,12,26.11,1346,29,0,0,0,0
23387.02,18,37.96,444,23,0,0,0,0
9039.95,22,38.54,1284,27,0,0,0,0
189483.41,13,0.19,1044,25,0,0,0,0
14357.19,18,10.33,3222,16,0,0,0,0
2497.48,20,19.29,3468,23,0,0,0,0
69907.53,3,18.47,2678,23,0,0,1,1
9960.29,15,6.63,1272,30,0,0,0,0
20258.46,14,7.01,716,15,0,0,0,0
10512.08,18,10.27,341,29,0,0,0,0
14853.78,10,20.93,468,32,0,0,0,0
5180.61,11,34.81,1037,24,0,0,0,0
8155.29,6,15.46,3258,21,0,0,0,0
44538.33,21,3.06,1503,31,0,0,0,0
4599.5,1,10.81,3238,18,0,0,0,0
8512.65,16,8.15,1652,28,0,0,0,0
7558.8,23,0.22,2474,18,0,0,0,0
5068.85,20,2.47,2688,24,0,0,0,0
2198.5,12,23.7,2746,29,0,0,0,0
1332.91,18,15.4,938,36,0,0,0,0
14337.2,1,22.5,2600,31,0,0,0,0
12493.45,9,7.52,786,27,0,0,0,0
9366.43,1,20.85,1095,33,0,0,0,0
1249.11,19,8.84,132,19,0,0,0,0
15485.95,23,29.5,1128,26,0,0,0,0
10954.96,6,24.39,3145,22,0,0,0,0
8994.39,2,7.18,195,29,0,0,0,0
35037.61,14,10.17,1352,22,0,0,0,0
11527.66,10,1.07,2747,28,0,0,0,0
1625.47,6,6.36,3169,30,0,0,0,0
7908.12,22,3.67,203,25,0,0,0,0
3947.54,7,1.42,291,28,0,0,0,0
3395.94,11,14.63,3215,36,0,0,0,0
9164.37,23,5.82,2781,23,0,0,0,0
10082.27,22,43.16,2611,27,0,0,0,0
3059.11,3,21.77,2912,21,0,0,0,0
2069.33,12,11.99,544,20,0,0,0,0
18951.0,4,6.05,644,23,0,0,0,0
12448.32,21,6.14,1375,22,0,0,0,0
5425.03,2,1.49,1196,29,0,0,0,0
36722.87,14,20.29,1386,25,0,0,0,0
5848.71,3,15.54,2281,24,0,0,0,0
1051.81,13,15.61,1069,22,0,0,0,0
2583.74,14,10.85,904,23,0,0,0,0
4122.82,22,1.5,3399,29,0,0,0,0
4065.42,23,5.12,2810,23,0,0,0,0
42925.62,16,15.07,2503,37,0,0,0,0
3715.05,19,0.27,3076,23,0,0,0,0
2104.75,20,4.49,641,19,0,0,0,0
19757.8,11,36.15,3594,25,0,0,0,0
24555.81,19,3.48,833,27,0,0,0,0
7599.33,10,9.43,3281,28,0,0,0,0
4840.54,15,9.24,2970,27,0,0,0,0
9349.23,5,33.72,169,41,0,0,0,0
3702.44,21,0.27,1691,25,0,0,0,0
6396.11,9,4.01,718,18,0,0,0,0
2903.38,1,9.85,819,27,0,0,0,0
57139.97,20,2.31,3164,29,0,0,0,0
8327.46,13,8.64,1853,28,0,0,0,0
5337.8,20,11.5,3600,25,0,0,0,0
18279.03,17,28.39,1509,23,0,0,0,0
1475.3,6,38.08,2279,17,0,0,0,0
8100.54,20,18.08,335,17,0,0,0,0
4625.74,18,3.67,1110,27,0,0,0,0
7434.82,14,10.84,1670,25,0,0,0,0
12334.94,20,13.0,2588,34,0,0,0,0
2549.33,7,10.71,3069,26,0,0,0,0
12955.4,9,20.03,144,27,0,0,0,0
24756.26,16,3.01,2323,21,0,0,0,0
8318.23,13,10.8,1443,22,0,0,0,0
30179.39,17,1.25,1973,26,0,0,0,0
5599.26,12,7.36,1254,22,0,0,0,0
16107.91,23,10.14,481,25,0,0,0,0
3813.35,21,0.53,758,19,0,0,0,0
4987.23,15,23.78,3597,19,0,0,0,0
17333.82,7,21.44,320,17,0,0,0,0
5201.58,10,2.21,2245,28,0,0,0,0
7482.77,18,13.84,2005,26,0,0,0,0
4086.2,15,23.3,255,23,0,0,0,0
6364.57,1,15.71,2842,22,0,0,0,0
24375.24,0,0.39,1610,22,0,0,0,0
5714.05,6,1.26,2974,28,0,0,0,0
4350.15,7,10.0,672,23,0,0,0,0
10693.15,6,17.59,2286,34,0,0,0,0
55461.58,18,16.38,1943,19,0,0,0,0
7854.14,17,0.64,519,30,0,0,0,0
8058.15,10,15.29,3441,20,0,0,0,0
2334.02,12,37.35,597,20,0,0,0,0
41857.03,9,19.11,3071,31,0,0,0,0
7838.24,1,32.95,561,25,0,0,0,0
6255.42,8,35.46,2304,20,0,0,0,0
6454.44,5,2.3,1033,29,0,0,0,0
1732.29,8,0.24,2102,29,0,0,0,0
1693.16,4,3.68,3335,20,0,0,0,0
3622.17,22,8.83,1410,33,0,0,0,0
9985.24,3,15.89,2151,24,0,0,0,0
19004.54,22,4.36,3205,24,0,0,0,0
3455.12,19,11.04,884,33,0,0,0,0
24132.39,14,3.62,3000,26,0,0,0,0
6965.51,0,13.61,3072,30,0,0,0,0
4825.79,0,15.81,1233,19,0,0,0,0
7706.06,22,8.81,258,24,0,0,0,0
17308.08,20,8.16,2953,24,0,0,0,0
8891.45,13,14.96,1575,28,0,0,0,0
13992.6,17,8.82,1724,15,0,0,0,0
12484.75,12,83.01,1205,28,0,0,0,0
8814.63,19,0.34,2351,27,0,0,0,0
10619.6,23,0.26,1632,25,0,0,0,0
4328.75,20,0.59,3214,23,0,0,0,0
33510.13,2,15.73,1746,16,0,0,0,0
21929.36,6,3.94,651,28,0,0,0,0
29076.25,0,46.12,2404,22,0,0,0,0
46854.12,2,4.44,388,20,0,0,1,1
6732.57,20,4.28,3339,26,0,0,0,0
61347.5,23,7.57,1114,21,0,0,1,1
2142.41,2,23.31,2282,30,0,0,0,0
13542.86,8,2.91,673,26,0,0,0,0
31291.89,1,2.48,3269,25,0,0,0,0
16686.94,2,10.39,460,22,0,0,0,0
6271.81,0,1.08,592,19,0,0,0,0
583.63,5,9.25,1423,20,0,0,0,0
5692.1,22,4.98,527,31,0,0,0,0
1574.94,12,13.93,1686,29,0,0,0,0
6400.19,12,5.12,417,25,0,0,0,0
2334.28,23,12.81,1179,22,0,0,0,0
4131.97,23,8.19,3557,39,0,0,0,0
9803.55,1,3.76,1886,33,0,0,0,0
1632.77,0,12.03,3254,23,0,0,0,0
12344.59,9,13.51,852,30,0,0,0,0
6408.49,4,17.95,1678,21,0,0,0,0
15751.69,22,19.3,2000,28,0,0,0,0
5117.1,2,7.28,3466,21,0,0,0,0
5498.87,18,12.9,2480,28,0,0,0,0
21012.54,23,4.85,38,16,0,0,0,0
1188.36,10,1.32,1338,22,0,0,0,0
7835.25,5,21.0,538,24,0,0,0,0
50038.3,22,3.9,958,26,0,0,0,0
18962.56,2,2.47,2164,29,0,0,0,0
37097.92,21,41.29,2954,27,0,0,0,0
49045.87,3,10.83,2495,30,0,0,1,1
14382.17,11,2.62,3132,16,0,0,0,0
18727.8,8,15.45,2553,26,0,0,0,0
3045.74,11,59.57,2766,27,0,0,0,0
18179.25,17,1.49,1058,31,0,0,0,0
8253.71,17,4.67,2355,27,0,0,0,0
10150.8,1,3.24,3102,29,0,0,0,0
11884.48,9,12.93,1988,26,0,0,0,0
9324.12,7,4.26,3086,26,0,0,0,0
7289.43,21,0.53,700,15,0,0,0,0
7179.98,11,16.97,2745,19,0,0,0,0
8075.79,21,5.79,115,30,0,0,0,0
44467.54,11,21.22,1860,27,0,0,0,0
4117.51,18,3.75,1381,27,0,0,0,0
1527.52,9,30.03,2689,17,0,0,0,0
13812.91,20,9.25,779,22,0,0,0,0
3543.14,13,8.79,1590,26,0,0,0,0
3269.64,15,1.08,456,15,0,0,0,0
10784.5,8,11.71,234,22,0,0,0,0
46113.05,20,1.18,645,20,0,0,0,0
11579.78,6,22.21,2210,18,0,0,0,0
16018.52,18,8.29,3324,34,0,0,0,0
8824.77,7,5.6,583,26,0,0,0,0
19736.94,15,14.16,2094,19,0,0,0,0
4303.76,13,1.82,2585,25,0,0,0,0
12186.12,5,13.65,1823,31,0,0,0,0
2913.78,19,12.92,2359,22,0,0,0,0
6466.2,21,5.55,2536,27,0,0,0,0
12384.07,8,1.71,1790,21,0,0,0,0
7689.38,12,33.18,3203,20,0,0,0,0
7118.72,12,2.77,2924,19,0,0,0,0
2691.17,23,24.76,3104,31,0,0,0,0
22821.16,5,4.93,2736,22,0,0,0,0
10138.47,18,5.5,3605,23,0,0,0,0
2001.06,17,3.46,3440,29,0,0,0,0
27257.87,7,34.99,1926,21,0,0,0,0
17019.17,12,12.64,1849,31,0,0,0,0
38140.05,16,17.81,1323,22,0,0,0,0
64650.3,21,3.49,3378,21,0,0,0,0
3057.86,19,5.29,2704,28,0,0,0,0
13252.2,10,2.56,2435,25,0,0,0,0
4904.68,15,6.07,2662,25,0,0,0,0
5033.04,12,25.34,2892,22,0,0,0,0
18072.17,3,33.16,59,24,0,0,0,0
7099.86,9,2.79,3101,25,0,0,0,0
3794.22,5,28.87,3290,21,0,0,0,0
8488.24,18,2.11,1199,29,0,0,0,0
2065.49,1,14.72,2385,27,0,0,0,0
1867.72,21,1.16,298,27,0,0,0,0
941.63,11,2.39,275,27,0,0,0,0
26050.23,19,12.52,2437,24,0,0,0,0
9973.51,15,22.03,1411,34,0,0,0,0
15272.01,18,18.85,2403,17,0,0,0,0
12867.8,10,3.4,1448,22,0,0,0,0
11018.15,5,5.98,2387,31,0,0,0,0
7356.11,9,19.89,2735,17,0,0,0,0
3801.7,0,7.62,3479,27,0,0,0,0
19386.17,19,32.63,2320,22,0,0,0,0
25921.77,13,8.57,2334,20,0,0,0,0
18497.97,5,7.96,70,34,0,0,0,0
14226.77,0,5.98,2294,26,0,0,0,0
43004.91,20,17.84,311,24,0,0,0,0
16743.52,9,2.01,2316,24,0,0,0,0
1010.37,16,10.1,3137,23,0,0,0,0
6017.56,9,1.74,1678,35,0,0,0,0
21245.05,13,2.0,3642,28,0,0,0,0
3440.0,15,10.13,1587,24,0,0,0,0
3610.16,13,5.27,2891,26,0,0,0,0
8688.9,12,18.83,1467,26,0,0,0,0
5186.51,8,11.0,2605,32,0,0,0,0
9401.9,13,23.65,2144,32,0,0,0,0
3643.89,0,12.05,1473,20,0,0,0,0
4395.04,1,3.14,1379,28,0,0,0,0
14029.03,5,0.66,132,28,0,0,0,0
2417.19,23,0.69,873,31,0,0,0,0
8334.69,6,1.68,2132,23,0,0,0,0
815.51,22,12.24,1776,20,0,0,0,0
3892.64,20,1.61,1280,21,0,0,0,0
13107.08,7,2.66,2412,25,0,0,0,0
1291.6,10,0.31,2536,24,0,0,0,0
2518.26,15,4.76,3237,37,0,0,0,0
23785.9,0,21.2,1536,26,0,0,0,0
8227.05,0,8.4,1507,20,0,0,0,0
19484.26,21,0.87,2119,24,0,0,0,0
13383.56,0,15.56,1732,25,0,0,0,0
27728.67,0,23.05,2778,37,0,0,0,0
6685.12,8,14.94,161,24,0,0,0,0
3344.92,9,17.51,2222,26,0,0,0,0
4445.18,10,3.1,3441,26,0,0,0,0
8713.95,14,7.68,1105,30,0,0,0,0
18783.51,14,2.9,3524,19,0,0,0,0
13647.07,4,15.74,1101,29,0,0,0,0
8121.64,0,7.5,1057,30,0,0,0,0
8261.36,6,6.27,3362,14,0,0,0,0
2461.92,1,1.51,906,25,0,0,0,0
1834.34,7,8.55,1330,28,0,0,0,0
9908.01,16,14.42,3258,25,0,0,0,0
6494.73,9,27.37,729,27,0,0,0,0
26606.57,12,58.32,2339,28,0,0,0,0
13329.61,2,6.25,2675,24,0,0,0,0
16969.63,4,25.57,686,28,0,0,0,0
15001.95,15,1.69,3534,23,0,0,0,0
4201.12,15,0.76,1837,24,0,0,0,0
960.45,20,33.37,2372,23,0,0,0,0
5446.92,5,1.87,2871,16,0,0,0,0
12148.75,11,4.48,3449,23,0,0,0,0
3777.21,10,39.23,3575,26,0,0,0,0
5290.36,3,6.33,1546,26,0,0,0,0
1414.16,11,2.7,387,25,0,0,0,0
18655.98,18,2.37,294,20,0,0,0,0
15762.94,1,1.4,100,24,0,0,0,0
13762.36,6,9.49,836,28,0,0,0,0
19838.02,12,2.0,912,21,0,0,0,0
18290.77,21,4.27,2711,24,0,0,0,0
3102.47,10,1.36,786,21,0,0,0,0
64081.2,10,12.6,3308,22,0,0,0,0
9746.21,19,62.33,3276,30,0,0,0,0
4803.69,22,12.25,875,14,0,0,0,0
13280.21,3,1.88,168,21,0,0,0,0
7511.84,20,2.61,1417,29,0,0,0,0
1762.48,14,15.04,270,17,0,0,0,0
44878.25,3,9.3,915,21,0,0,1,1
4004.89,23,13.54,2669,26,0,0,0,0
7493.34,16,2.87,1114,23,0,0,0,0
666.43,21,1.62,1104,36,0,0,0,0
4439.48,8,2.95,335,21,0,0,0,0
8502.24,10,15.64,1538,27,0,0,0,0
5367.53,1,1.05,2686,24,0,0,0,0
3950.48,19,22.2,1878,24,0,0,0,0
25408.09,11,1.75,1420,20,0,0,0,0
5589.02,0,7.63,1632,22,0,0,0,0
12207.66,9,5.17,454,23,0,0,0,0
13985.64,5,20.66,390,27,0,0,0,0
9570.61,17,21.03,2062,22,0,0,0,0
20582.4,12,22.19,1695,19,0,0,0,0
7419.81,20,16.92,1836,41,0,0,0,0
1783.42,9,9.38,2354,26,0,0,0,0
4392.1,23,2.3,2705,32,0,0,0,0
9352.4,10,16.75,3190,26,0,0,0,0
1585.61,18,2.88,3465,23,0,0,0,0
11733.6,6,24.89,1860,23,0,0,0,0
35655.67,2,9.33,3277,32,0,0,0,0
6818.35,13,22.87,3579,21,0,0,0,0
3127.79,8,12.94,2917,22,0,0,0,0
25325.21,4,14.77,185,23,0,0,0,0
23726.15,9,10.22,2703,25,0,0,0,0
1938.87,1,29.39,206,32,0,0,0,0
1103.52,18,10.54,1955,31,0,0,0,0
8127.8,9,13.15,750,33,0,0,0,0
2997.85,8,13.42,2423,22,0,0,0,0
3574.47,13,38.85,1547,24,0,0,0,0
23669.2,23,1.9,35,22,0,0,0,0
9215.27,21,38.22,2023,19,0,0,0,0
33263.65,4,0.16,2533,27,0,0,0,0
13216.05,19,5.75,825,17,0,0,0,0
19325.02,19,7.24,2125,21,0,0,0,0
9929.21,0,3.02,1223,18,0,0,0,0
4992.87,18,18.55,1217,27,0,0,0,0
6087.52,6,1.65,1963,25,0,0,0,0
4396.72,17,10.33,1186,25,0,0,0,0
4186.74,19,4.79,1742,19,0,0,0,0
32096.31,3,5.89,1636,25,0,0,0,0
4280.04,13,35.42,299,25,0,0,0,0
5156.69,19,3.74,2751,31,0,0,0,0
22505.51,15,21.62,556,28,0,0,0,0
6093.06,9,0.11,2887,15,0,0,0,0
10136.36,9,16.1,763,22,0,0,0,0
41290.87,17,7.51,2480,17,0,0,0,0
8794.04,6,0.03,2104,25,0,0,0,0
4212.97,19,1.68,1446,19,0,0,0,0
29861.95,17,4.31,3307,25,0,0,0,0
57431.46,12,21.87,3625,31,0,0,0,0
35922.28,1,14.16,3058,23,0,0,0,0
15859.61,15,4.25,815,22,0,0,0,0
12033.15,21,20.28,2670,21,0,0,0,0
6712.58,9,3.06,2104,22,0,0,0,0
40518.77,23,3.66,1965,37,0,0,0,0
6411.49,3,39.35,1767,20,0,0,0,0
26179.42,10,1.88,2862,23,0,0,0,0
9908.61,11,3.51,66,24,0,0,0,0
39361.39,3,5.38,823,28,0,0,0,0
3318.32,19,1.42,2732,13,0,0,0,0
7340.12,9,26.91,3347,22,0,0,0,0
6796.17,18,17.03,1426,29,0,0,0,0
43696.11,5,3.78,1262,17,0,0,0,0
14796.09,5,9.81,3136,25,0,0,0,0
2089.23,2,2.79,1651,21,0,0,0,0
6319.43,9,13.05,2271,21,0,0,0,0
9403.87,1,17.79,550,20,0,0,0,0
13401.08,20,16.72,2897,23,0,0,0,0
4551.58,23,7.41,151,21,0,0,0,0
7521.84,3,2.21,1338,23,0,0,0,0
4334.83,8,0.3,243,25,0,0,0,0
13355.52,12,11.47,1769,19,0,0,0,0
10063.04,8,7.04,1947,25,0,0,0,0
63131.3,13,13.6,2030,16,0,0,0,0
25683.15,4,12.35,3438,34,0,0,0,0
2949.53,10,19.57,3177,26,0,0,0,0
14335.69,19,27.96,669,25,0,0,0,0
31290.6,20,4.23,2589,28,0,0,0,0
3761.8,16,5.0,1085,21,0,0,0,0
1613.95,14,1.7,2851,14,0,0,0,0
12377.05,11,1.68,1997,26,0,0,0,0
8718.45,7,3.15,3530,18,0,0,0,0
34244.23,10,31.59,2386,23,0,0,0,0
13108.41,0,3.47,1095,19,0,0,0,0
22502.54,16,22.78,1462,17,0,0,0,0
22888.25,14,3.46,2648,25,0,0,0,0
4484.71,6,13.5,1174,19,0,0,0,0
19724.78,15,7.45,2301,17,0,0,0,0
4125.0,9,26.16,2089,21,0,0,0,0
11155.1,10,4.76,1526,25,0,0,0,0
21851.88,4,9.88,3195,32,0,0,0,0
11506.07,12,4.51,3549,22,0,0,0,0
6432.6,17,8.79,2887,15,0,0,0,0
25832.3,4,44.14,2603,24,0,0,0,0
2997.61,22,3.84,3629,25,0,0,0,0
14577.91,22,10.63,2426,32,0,0,0,0
8209.13,5,7.92,3537,23,0,0,0,0
2251.99,9,1.85,2727,30,0,0,0,0
3062.33,0,34.25,2271,26,0,0,0,0
16472.57,0,7.14,162,28,0,0,0,0
119734.69,0,5.81,3345,11,0,0,1,1
2347.13,15,0.98,2691,28,0,0,0,0
12807.75,14,13.8,1811,31,0,0,0,0
10956.63,12,10.53,953,24,0,0,0,0
3053.75,14,13.32,1395,24,0,0,0,0
28786.2,17,1.51,266,15,0,0,0,0
1198.33,2,23.5,3538,29,0,0,0,0
9870.37,13,23.36,2856,31,0,0,0,0
24880.95,21,7.9,962,30,0,0,0,0
12351.66,19,1.25,1817,25,0,0,0,0
13374.35,6,13.83,1252,24,0,0,0,0
10199.26,23,14.76,3484,43,0,0,0,0
18375.58,8,12.07,2896,26,0,0,0,0
13794.24,10,27.6,3446,27,0,0,0,0
5941.35,18,0.48,3438,25,0,0,0,0
1813.01,21,6.8,2735,23,0,0,0,0
24075.51,16,39.72,2370,27,0,0,0,0
14162.13,11,3.34,2110,27,0,0,0,0
4726.2,15,4.82,1985,27,0,0,0,0
11838.98,2,1.82,740,18,0,0,0,0
4399.04,12,0.6,2496,23,0,0,0,0
17647.71,2,2.67,2476,31,0,0,0,0
114044.43,2,2.94,3249,20,0,0,1,1
7131.99,19,0.33,3529,26,0,0,0,0
23725.79,6,1.55,1459,20,0,0,0,0
2678.05,12,49.73,2968,20,0,0,0,0
18287.64,7,19.9,157,23,0,0,0,0
32255.83,6,20.81,1103,20,0,0,0,0
17747.55,16,15.22,589,25,0,0,0,0
4692.66,4,11.95,1692,32,0,0,0,0
2109.11,0,1.74,3609,26,0,0,0,0
4195.99,3,14.4,2798,27,0,0,0,0
4674.53,14,1.64,3560,24,0,0,0,0
2509.32,13,4.66,2131,23,0,0,0,0
3632.67,7,0.64,125,22,0,0,0,0
5185.21,19,0.7,1654,21,0,0,0,0
14763.73,23,1.16,3009,24,0,0,0,0
3856.55,13,12.53,2984,18,0,0,0,0
26708.45,11,20.85,1066,28,0,0,0,0
37449.58,8,3.3,527,34,0,0,0,0
10487.88,17,2.59,2695,27,0,0,0,0
3476.02,23,4.23,976,19,0,0,0,0
2188.96,9,12.99,269,29,0,0,0,0
4524.4,5,2.12,404,20,0,0,0,0
410954.47,17,5.53,3570,34,0,0,0,0
11503.08,23,4.1,1555,28,0,0,0,0
19363.1,18,4.92,1511,28,0,0,0,0
8108.62,6,18.74,1510,21,0,0,0,0
4099.5,14,6.16,2069,24,0,0,0,0
1092.41,10,2.38,1500,33,0,0,0,0
2064.95,6,12.61,2185,29,0,0,0,0
5369.95,23,0.56,3169,35,0,0,0,0
744.77,10,3.12,2814,30,0,0,0,0
11471.05,3,0.51,1889,29,0,0,0,0
2850.33,5,4.6,1235,31,0,0,0,0
27637.62,19,6.01,2810,26,0,0,0,0
34576.43,8,4.79,3307,25,0,0,0,0
9586.01,21,15.05,1973,15,0,0,0,0
7114.85,10,6.6,3575,29,0,0,0,0
7650.16,0,0.29,2562,19,0,0,0,0
13548.93,5,22.03,2068,12,0,0,0,0
8186.43,3,19.14,796,29,0,0,0,0
7242.14,19,0.89,1324,24,0,0,0,0
6835.02,20,4.73,76,18,0,0,0,0
3847.19,3,1.0,1321,24,0,0,0,0
6672.37,11,3.87,2673,28,0,0,0,0
18878.95,20,4.63,3620,27,0,0,0,0
8719.51,1,1.0,949,26,0,0,0,0
7418.39,5,4.18,1357,30,0,0,0,0
3603.81,16,0.42,3584,25,0,0,0,0
8299.11,3,25.32,2000,19,0,0,0,0
3207.68,20,13.59,581,23,0,0,0,0
3072.53,17,18.5,1481,22,0,0,0,0
20563.65,13,15.56,666,25,0,0,0,0
33540.34,18,19.06,3154,20,0,0,0,0
2505.19,14,9.37,1067,25,0,0,0,0
4762.58,0,11.09,2394,33,0,0,0,0
15125.23,22,0.67,2130,29,0,0,0,0
3737.64,12,2.15,1094,28,0,0,0,0
6061.58,13,4.57,231,21,0,0,0,0
23903.18,18,23.98,2468,24,0,0,0,0
30655.73,13,6.13,1161,21,0,0,0,0
4325.43,16,25.79,3401,28,0,0,0,0
8532.7,7,6.88,1573,20,0,0,0,0
21566.35,4,34.26,87,23,0,0,0,0
4972.74,12,8.0,1899,28,0,0,0,0
6529.2,12,35.93,625,28,0,0,0,0
10219.47,21,14.54,1593,31,0,0,0,0
19834.8,6,3.08,3222,21,0,0,0,0
2844.35,9,2.03,404,29,0,0,0,0
22418.94,16,23.79,481,17,0,0,0,0
5500.74,12,5.91,381,21,0,0,0,0
18261.05,4,12.92,1677,28,0,0,0,0
1364.91,21,7.99,1552,19,0,0,0,0
4649.54,7,23.05,1195,25,0,0,0,0
9809.43,23,7.78,2202,27,0,0,0,0
64554.23,4,3.05,209,24,0,0,1,1
4347.48,23,8.87,984,29,0,0,0,0
15856.58,19,9.33,2600,33,0,0,0,0
9969.32,0,13.34,2553,26,0,0,0,0
6522.3,23,1.27,986,31,0,0,0,0
1029.26,21,7.01,2360,24,0,0,0,0
13917.59,17,2.36,1039,19,0,0,0,0
3675.8,20,19.68,829,24,0,0,0,0
5103.72,12,1.03,3262,34,0,0,0,0
28485.46,9,3.19,358,22,0,0,0,0
7792.99,17,4.73,2250,24,0,0,0,0
6631.91,23,16.96,2049,20,0,0,0,0
4158.09,13,19.62,2702,27,0,0,0,0
2445.79,2,4.41,429,19,0,0,0,0
27883.27,8,3.63,2387,32,0,0,0,0
6037.57,3,18.44,1476,30,0,0,0,0
8113.83,20,1.62,1097,26,0,0,0,0
3547.11,22,3.91,476,26,0,0,0,0
4214.28,22,14.41,79,25,0,0,0,0
20952.55,22,10.94,2284,31,0,0,0,0
16373.84,3,19.9,2420,25,0,0,0,0
18406.92,3,5.05,3325,32,0,0,0,0
1242.43,0,21.26,1855,20,0,0,0,0
395.63,18,4.86,2923,30,0,0,0,0
19141.0,17,5.68,621,30,0,0,0,0
50587.45,7,4.93,2905,18,0,0,0,0
30254.31,2,0.47,1160,34,0,0,0,0
717.49,17,5.05,595,25,0,0,0,0
37510.18,15,1.53,2630,24,0,0,0,0
4787.44,18,4.03,1154,29,0,0,0,0
2494.79,5,6.36,2606,20,0,0,0,0
51651.69,1,12.52,2635,29,0,0,1,1
4978.45,23,1.92,198,25,0,0,0,0
25830.98,0,9.71,3559,27,0,0,0,0
8222.98,18,3.29,2345,35,0,0,0,0
24515.99,1,11.42,3140,20,0,0,0,0
5502.01,19,0.02,1244,22,0,0,0,0
12399.91,0,24.17,913,32,0,0,0,0
2999.31,22,7.05,2952,22,0,0,0,0
2718.1,16,2.49,103,23,0,0,0,0
4369.26,21,32.96,3306,32,0,0,0,0
6614.5,22,18.8,2478,21,0,0,0,0
3138.98,20,24.0,1555,26,0,0,0,0
44496.8,22,11.29,3329,27,0,0,0,0
5593.82,17,7.77,3164,17,0,0,0,0
12354.55,1,3.41,3441,32,0,0,0,0
4338.06,1,16.43,1626,25,0,0,0,0
12587.69,17,3.41,3529,30,0,0,0,0
9858.92,1,11.48,162,20,0,0,0,0
3461.53,11,12.67,2188,25,0,0,0,0
1927.71,5,5.47,3495,26,0,0,0,0
38221.44,21,3.7,948,25,0,0,0,0
1491.5,6,4.24,1127,26,0,0,0,0
5801.8,23,36.99,3309,39,0,0,0,0
12333.75,13,32.58,2877,22,0,0,0,0
2472.55,23,1.65,136,32,0,0,0,0
10820.18,14,7.08,1399,25,0,0,0,0
17341.31,11,103.25,1459,30,0,0,0,0
13588.06,17,2.88,2151,25,0,0,0,0
9481.79,8,1.9,2224,37,0,0,0,0
5705.3,15,6.85,3411,17,0,0,0,0
22184.68,21,4.34,2670,22,0,0,0,0
26829.22,8,2.95,3404,25,0,0,0,0
2224.69,12,0.64,2499,25,0,0,0,0
6531.49,7,13.01,2638,31,0,0,0,0
3379.77,0,12.21,1754,24,0,0,0,0
15189.28,13,17.27,1914,23,0,0,0,0
4698.89,7,7.63,2093,26,0,0,0,0
10583.49,8,16.5,2188,29,0,0,0,0
2704.57,7,21.16,2638,24,0,0,0,0
41342.33,5,11.4,2343,17,0,0,0,0
3348.08,8,6.5,362,28,0,0,0,0
8216.74,15,76.37,3505,21,0,0,0,0
2456.18,15,18.34,646,29,0,0,0,0
10090.02,22,3.36,858,26,0,0,0,0
8892.64,20,2.99,468,12,0,0,0,0
3803.39,9,0.41,1074,25,0,0,0,0
5100.33,22,0.74,1067,23,0,0,0,0
11285.38,20,6.04,1509,25,0,0,0,0
37723.43,6,5.01,2850,30,0,0,0,0
9013.06,17,24.81,2384,26,0,0,0,0
8277.3,16,6.34,1660,33,0,0,0,0
25333.39,4,29.85,448,32,0,0,0,0
6694.87,17,0.07,899,24,0,0,0,0
6377.29,11,3.69,3240,22,0,0,0,0
8597.43,3,29.88,1822,16,0,0,0,0
10340.26,20,32.46,3088,26,0,0,0,0
11367.16,20,8.39,2246,27,0,0,0,0
3805.52,13,5.77,2023,22,0,0,0,0
12581.9,19,19.37,390,19,0,0,0,0
19614.91,17,13.24,2297,29,0,0,0,0
33205.11,10,7.59,1121,27,0,0,0,0
26718.54,6,2.18,2585,20,0,0,0,0
5875.9,21,6.73,2235,15,0,0,0,0
14154.82,5,10.89,2189,23,0,0,0,0
5433.64,20,8.28,1103,30,0,0,0,0
32912.2,2,14.26,3217,24,0,0,0,0
2955.88,2,5.1,2612,22,0,0,0,0
19104.13,13,11.49,1585,20,0,0,0,0
2378.52,8,35.99,1698,16,0,0,0,0
82457.7,3,10.19,932,23,0,0,1,1
5444.94,16,1.59,3557,23,0,0,0,0
60795.75,22,13.48,1289,22,0,0,0,0
8817.6,15,38.27,2853,21,0,0,0,0
5018.2,4,6.64,2279,26,0,0,0,0
1025.11,19,12.38,537,34,0,0,0,0
22628.97,18,44.11,2113,24,0,0,0,0
4744.22,21,18.74,3320,27,0,0,0,0
2112.34,9,19.8,3192,29,0,0,0,0
50928.79,23,4.23,1929,29,0,0,1,1
1376.04,4,3.97,1579,28,0,0,0,0
7254.19,22,11.01,352,24,0,0,0,0
12094.2,7,12.9,483,27,0,0,0,0
2583.71,21,23.11,2584,27,0,0,0,0
4565.75,18,16.14,596,30,0,0,0,0
54240.91,18,6.49,3156,29,0,0,0,0
15342.65,17,12.94,3363,29,0,0,0,0
5654.64,21,6.22,1661,14,0,0,0,0
14373.3,1,6.76,208,28,0,0,0,0
55291.11,19,2.44,3232,23,0,0,0,0
2288.16,1,0.41,2278,26,0,0,0,0
19005.21,9,13.54,2052,27,0,0,0,0
5039.46,23,12.5,2960,24,0,0,0,0
6848.99,0,3.58,3284,32,0,0,0,0
17054.89,21,1.21,998,33,0,0,0,0
20310.94,12,5.33,2852,33,0,0,0,0
17974.37,15,1.86,789,31,0,0,0,0
6896.12,5,1.21,3220,31,0,0,0,0
4565.58,1,0.61,2258,20,0,0,0,0
1410.17,15,7.44,2495,28,0,0,0,0
7308.15,15,25.19,132,29,0,0,0,0
9431.01,21,27.92,2938,22,0,0,0,0
3531.77,6,6.77,357,27,0,0,0,0
10024.02,4,12.65,1644,29,0,0,0,0
23088.69,22,35.85,2140,28,0,0,0,0
5257.66,16,6.52,2078,21,0,0,0,0
2679.74,15,0.46,1924,27,0,0,0,0
29643.39,5,8.16,2279,27,0,0,0,0
13087.88,9,42.1,2780,21,0,0,0,0
8761.68,11,5.77,825,20,0,0,0,0
2491.48,8,4.44,3532,20,0,0,0,0
9277.42,4,2.67,1804,24,0,0,0,0
11235.74,11,8.63,1598,28,0,0,0,0
970.82,8,15.23,2532,36,0,0,0,0
5237.58,15,5.47,2616,23,0,0,0,0
11204.35,15,1.22,1627,17,0,0,0,0
6357.04,22,16.47,3589,28,0,0,0,0
207542.82,23,17.66,368,25,0,0,1,1
10815.42,2,5.54,2553,26,0,0,0,0
4025.9,14,34.66,2946,29,0,0,0,0
15106.04,23,0.2,737,22,0,0,0,0
2575.13,1,0.79,3566,18,0,0,0,0
6995.33,14,31.81,1669,23,0,0,0,0
3575.29,5,10.1,153,20,0,0,0,0
12892.1,16,5.11,1165,29,0,0,0,0
29895.97,9,21.62,2611,31,0,0,0,0
1285.79,17,3.85,2707,25,0,0,0,0
7971.09,7,10.13,2908,25,0,0,0,0
7496.28,11,23.02,1439,26,0,0,0,0
10798.09,10,6.07,3237,31,0,0,0,0
645.3,17,33.32,3620,22,0,0,0,0
11817.07,10,10.55,1077,20,0,0,0,0
5625.4,4,5.23,3350,26,0,0,0,0
4054.49,23,1.85,2253,26,0,0,0,0
20691.48,20,0.34,1619,25,0,0,0,0
3583.84,13,9.0,2582,29,0,0,0,0
10205.69,18,21.92,2818,28,0,0,0,0
160373.22,19,2.32,3090,29,0,0,0,0
9920.2,5,19.43,3128,24,0,0,0,0
21556.27,4,32.19,1240,23,0,0,0,0
11633.7,10,1.51,628,16,0,0,0,0
1973.76,23,2.78,1380,27,0,0,0,0
12794.28,13,15.16,2343,21,0,0,0,0
9090.87,20,2.01,3177,26,0,0,0,0
26331.28,16,14.52,2558,26,0,0,0,0
14337.0,16,6.69,1407,32,0,0,0,0
8187.41,5,21.67,2223,32,0,0,0,0
8971.93,6,5.04,698,28,0,0,0,0
46115.28,6,13.64,2058,25,0,0,0,0
2390.26,22,0.21,617,16,0,0,0,0
1708.58,4,4.0,475,20,0,0,0,0
3696.35,21,11.65,2190,18,0,0,0,0
10979.87,10,2.91,904,20,0,0,0,0
4958.44,13,9.85,3116,28,0,0,0,0
6072.05,5,13.86,1797,25,0,0,0,0
7595.5,4,1.69,3431,23,0,0,0,0
31433.76,3,13.2,782,22,0,0,0,0
45594.54,20,5.52,383,28,0,0,0,0
17164.17,17,12.08,3390,23,0,0,0,0
3023.58,16,5.73,2319,23,0,0,0,0
8750.11,13,15.47,830,25,0,0,0,0
15058.7,22,15.65,1341,27,0,0,0,0
5469.53,4,12.79,3150,29,0,0,0,0
21944.39,16,16.75,587,29,0,0,0,0
9902.76,5,20.65,3114,22,0,0,0,0
13368.62,11,3.68,1892,28,0,0,0,0
14159.48,20,3.7,2080,28,0,0,0,0
1773.4,17,1.81,2773,16,0,0,0,0
5552.44,23,10.27,3050,25,0,0,0,0
7924.38,13,27.51,3039,26,0,0,0,0
3358.49,11,4.31,283,19,0,0,0,0
6052.27,19,28.2,2036,26,0,0,0,0
8057.87,15,1.35,3442,33,0,0,0,0
46860.63,6,1.19,810,28,0,0,0,0
1286.81,18,6.81,936,23,0,0,0,0
400.36,16,3.96,2245,31,0,0,0,0
22157.35,8,0.33,164,21,0,0,0,0
1665.4,22,7.47,2041,27,0,0,0,0
2467.69,13,15.55,2083,25,0,0,0,0
2055.14,23,24.1,894,24,0,0,0,0
2774.27,18,2.09,69,28,0,0,0,0
4392.98,16,6.9,368,22,0,0,0,0
2331.49,10,2.26,2786,24,0,0,0,0
4847.09,23,12.46,2399,24,0,0,0,0
11458.52,22,8.17,1528,26,0,0,0,0
2320.63,4,5.17,1344,20,0,0,0,0
5342.1,9,0.54,2950,24,0,0,0,0
8309.97,18,6.45,2525,27,0,0,0,0
39309.16,23,6.39,2795,27,0,0,0,0
4836.54,22,3.49,900,26,0,0,0,0
41190.33,19,24.71,498,26,0,0,0,0
15467.39,4,11.1,1097,31,0,0,0,0
9513.71,17,4.39,2580,30,0,0,0,0
11300.56,23,20.13,495,14,0,0,0,0
1685.43,18,3.77,905,41,0,0,0,0
4966.95,5,33.95,2836,28,0,0,0,0
5235.83,17,7.86,1065,26,0,0,0,0
4240.59,9,8.98,2734,19,0,0,0,0
5320.05,6,14.62,3001,18,0,0,0,0
8230.63,16,12.76,1894,19,0,0,0,0
19638.19,16,0.04,2685,23,0,0,0,0
23908.39,10,9.98,3297,29,0,0,0,0
12635.47,0,1.6,2250,19,0,0,0,0
7599.68,12,9.3,1889,29,0,0,0,0
37364.2,14,0.74,554,28,0,0,0,0
4114.43,15,14.77,3102,22,0,0,0,0
3526.07,9,19.92,3449,25,0,0,0,0
97264.56,0,16.05,1981,39,0,0,1,1
9083.62,4,6.13,2844,20,0,0,0,0
3720.8,2,24.03,1793,26,0,0,0,0
12078.99,3,1.76,2636,34,0,0,0,0
17290.66,4,11.79,1891,29,0,0,0,0
7813.98,12,16.85,2993,27,0,0,0,0
28371.29,22,13.2,1441,30,0,0,0,0
3741.05,4,20.17,634,33,0,0,0,0
5519.42,17,10.21,2883,24,0,0,0,0
11369.47,7,13.19,3299,32,0,0,0,0
11430.65,9,3.19,2602,37,0,0,0,0
11877.6,2,1.62,2247,26,0,0,0,0
1802.68,4,31.71,852,26,0,0,0,0
1768.06,14,18.86,1310,28,0,0,0,0
4068.85,7,1.29,53,28,0,0,0,0
3066.79,6,16.32,1246,24,0,0,0,0
2909.72,16,4.31,2019,22,0,0,0,0
6003.88,22,18.33,3212,21,0,0,0,0
23337.44,18,8.22,3118,25,0,0,0,0
3222.25,23,7.3,3022,34,0,0,0,0
7611.43,23,7.16,67,19,0,0,0,0
16930.02,10,3.11,3495,31,0,0,0,0
11293.47,0,15.85,1334,21,0,0,0,0
31702.17,22,1.02,3139,26,0,0,0,0
17312.0,3,1.07,707,29,0,0,0,0
48136.64,23,6.65,352,20,0,0,1,1
26180.15,19,2.78,1441,20,0,0,0,0
2778.89,16,2.81,807,27,0,0,0,0
4999.48,15,36.19,2619,19,0,0,0,0
7417.79,14,28.16,2086,25,0,0,0,0
50643.04,3,29.81,3575,24,0,0,1,1
10815.37,13,9.2,1224,24,0,0,0,0
8836.96,16,10.74,2193,25,0,0,0,0
3647.16,19,7.57,1334,23,0,0,0,0
5121.05,14,1.2,2230,22,0,0,0,0
3214.84,4,3.78,2037,22,0,0,0,0
18859.54,23,8.83,1048,30,0,0,0,0
11035.06,17,24.13,3596,27,0,0,0,0
2731.9,7,22.37,3354,31,0,0,0,0
86152.35,21,30.81,405,22,0,0,0,0
1724.51,8,16.71,95,27,0,0,0,0
13396.45,0,10.46,2732,16,0,0,0,0
1741.35,6,17.3,2795,24,0,0,0,0
1526.29,5,10.93,1957,28,0,0,0,0
39104.26,18,5.23,625,22,0,0,0,0
4608.94,19,4.96,651,22,0,0,0,0
12540.75,8,3.9,1775,21,0,0,0,0
16283.43,9,6.6,1196,39,0,0,0,0
4393.29,7,7.69,2514,30,0,0,0,0
9503.95,6,10.4,3153,27,0,0,0,0
32951.57,5,7.54,1840,27,0,0,0,0
54002.9,6,11.71,825,26,0,0,0,0
20708.17,3,16.53,576,32,0,0,0,0
6788.96,10,9.41,591,24,0,0,0,0
6572.74,7,14.06,2776,25,0,0,0,0
7487.07,12,7.68,279,26,0,0,0,0
20317.32,20,15.47,1389,28,0,0,0,0
4636.42,14,0.88,986,26,0,0,0,0
12715.84,3,14.1,3507,26,0,0,0,0
49374.86,23,1.81,2104,23,0,0,1,1
3655.04,9,16.96,649,18,0,0,0,0
4880.76,20,0.15,3383,22,0,0,0,0
13333.01,9,14.43,189,20,0,0,0,0
2864.34,9,12.02,2886,21,0,0,0,0
3121.47,14,10.05,362,23,0,0,0,0
20700.55,4,13.72,2046,18,0,0,0,0
5945.26,21,3.06,559,23,0,0,0,0
41456.97,12,1.74,1006,27,0,0,0,0
10241.62,11,4.67,2089,24,0,0,0,0
10284.25,0,10.83,3310,26,0,0,0,0
2350.39,7,2.81,527,25,0,0,0,0
2398.78,11,24.04,1319,21,0,0,0,0
2084.91,9,4.81,3256,22,0,0,0,0
42845.33,4,6.58,491,26,0,0,1,1
13952.18,16,0.25,2681,25,0,0,0,0
16046.13,3,2.82,2886,32,0,0,0,0
17187.42,6,3.24,2450,22,0,0,0,0
29945.75,20,23.84,2996,35,0,0,0,0
14654.85,10,4.72,2652,22,0,0,0,0
6460.85,23,17.2,1099,22,0,0,0,0
44136.88,15,3.9,1648,25,0,0,0,0
21336.72,13,8.77,2809,33,0,0,0,0
19383.88,15,3.18,2884,31,0,0,0,0
8754.9,1,7.75,892,14,0,0,0,0
15478.33,0,27.38,2082,25,0,0,0,0
16859.0,11,3.78,3281,30,0,0,0,0
30582.83,12,16.24,910,25,0,0,0,0
12783.21,4,7.63,1872,21,0,0,0,0
29263.49,12,12.75,3583,30,0,0,0,0
7149.7,17,3.46,3359,23,0,0,0,0
22104.42,18,12.34,2024,33,0,0,0,0
7817.92,5,18.15,3292,23,0,0,0,0
3692.32,8,5.71,359,25,0,0,0,0
17327.6,6,3.93,3029,21,0,0,0,0
2995.46,12,5.81,103,26,0,0,0,0
9814.12,0,9.77,3232,28,0,0,0,0
10003.28,3,2.84,1686,21,0,0,0,0
17887.53,15,1.21,588,23,0,0,0,0
1548.66,5,6.68,293,23,0,0,0,0
5614.88,0,40.0,768,25,0,0,0,0
15018.02,23,0.37,1868,24,0,0,0,0
47154.66,6,4.46,3362,27,0,0,0,0
1499.15,21,44.68,971,21,0,0,0,0
22684.96,23,7.11,2056,8,0,0,0,0
11227.63,22,0.65,484,26,0,0,0,0
1901.42,23,15.45,1348,23,0,0,0,0
3423.08,13,45.03,2965,19,0,0,0,0
20501.34,2,0.56,2230,24,0,0,0,0
3037.63,5,27.41,1267,21,0,0,0,0
4318.82,6,11.31,1974,23,0,0,0,0
4136.12,4,13.39,394,23,0,0,0,0
2902.96,16,35.67,2973,22,0,0,0,0
11045.97,19,9.27,3596,23,0,0,0,0
19581.35,0,0.8,1206,16,0,0,0,0
18941.34,19,1.47,2503,34,0,0,0,0
3198.67,3,6.49,3155,28,0,0,0,0
12876.83,11,25.42,1638,29,0,0,0,0
3952.41,4,9.24,140,24,0,0,0,0
2680.36,3,10.07,1021,18,0,0,0,0
6250.45,5,6.59,799,23,0,0,0,0
5568.07,13,12.06,1618,29,0,0,0,0
5301.6,2,5.76,2960,22,0,0,0,0
4418.24,17,3.29,1765,23,0,0,0,0
14999.49,1,4.85,1534,24,0,0,0,0
9725.45,11,12.49,1047,21,0,0,0,0
12205.43,1,0.13,2087,32,0,0,0,0
2445.57,11,4.32,2903,33,0,0,0,0
37877.4,21,10.79,174,24,0,0,0,0
28730.31,15,3.49,400,15,0,0,0,0
6175.5,14,2.7,2945,28,0,0,0,0
9372.37,3,1.91,352,27,0,0,0,0
2610.29,7,0.19,2646,25,0,0,0,0
10839.45,2,0.72,251,22,0,0,0,0
22696.38,17,1.85,1328,25,0,0,0,0
6412.34,6,31.04,1711,19,0,0,0,0
8701.53,2,3.43,3422,24,0,0,0,0
8740.26,20,4.44,615,24,0,0,0,0
2121.6,8,9.62,981,19,0,0,0,0
38740.61,2,10.27,3642,24,0,0,0,0
1395.85,0,7.45,1269,18,0,0,0,0
3814.57,14,9.64,841,22,0,0,0,0
3404.56,21,6.28,248,16,0,0,0,0
8253.57,4,4.66,2686,29,0,0,0,0
19110.9,1,12.17,1199,26,0,0,0,0
15256.82,4,15.0,1776,31,0,0,0,0
19324.99,22,2.3,1121,23,0,0,0,0
36915.77,11,11.08,3411,15,0,0,0,0
7253.12,11,4.49,1025,29,0,0,0,0
4756.53,15,0.0,356,19,0,0,0,0
8567.45,8,12.44,760,18,0,0,0,0
8642.74,13,9.44,88,33,0,0,0,0
2637.15,16,4.71,378,25,0,0,0,0
27064.94,6,4.66,1617,26,0,0,0,0
17480.47,15,5.76,1663,15,0,0,0,0
5394.39,11,11.88,2692,25,0,0,0,0
38174.93,19,17.37,2717,39,0,0,0,0
64563.26,20,8.46,320,20,0,0,0,0
2644.75,20,0.22,1111,25,0,0,0,0
13216.94,17,45.79,2949,24,0,0,0,0
10036.46,12,5.55,1364,18,0,0,0,0
7510.44,18,9.11,1306,27,0,0,0,0
2052.06,4,7.19,2651,24,0,0,0,0
7728.18,7,2.15,3437,27,0,0,0,0
10227.83,21,49.37,1200,32,0,0,0,0
63624.12,7,11.2,638,19,0,0,0,0
11257.19,23,17.99,2000,30,0,0,0,0
10308.8,13,35.71,979,22,0,0,0,0
13663.92,8,6.16,2979,24,0,0,0,0
1814.33,4,3.39,831,32,0,0,0,0
12921.8,5,3.92,1946,18,0,0,0,0
10732.26,0,9.68,63,27,0,0,0,0
9612.94,4,6.04,881,29,0,0,0,0
5889.62,4,53.07,3637,24,0,0,0,0
9817.26,17,2.33,2883,29,0,0,0,0
3552.43,14,9.63,305,28,0,0,0,0
8037.61,6,14.14,2006,22,0,0,0,0
14811.92,1,6.6,2603,21,0,0,0,0
5444.28,17,31.46,3148,28,0,0,0,0
3975.98,9,30.6,2776,28,0,0,0,0
5122.31,15,45.07,2399,30,0,0,0,0
13955.1,11,8.13,2233,24,0,0,0,0
14079.71,5,6.23,2429,16,0,0,0,0
8526.1,18,10.6,511,24,0,0,0,0
4291.72,6,14.44,2256,36,0,0,0,0
4774.39,10,2.07,1385,32,0,0,0,0
5452.18,1,6.8,3067,24,0,0,0,0
14586.56,16,0.78,2051,23,0,0,0,0
2514.65,13,2.54,1515,34,0,0,0,0
6720.08,16,1.93,502,28,0,0,0,0
4618.53,0,4.94,2909,32,0,0,0,0
1119.57,17,1.66,2094,31,0,0,0,0
4886.61,22,12.18,1884,26,0,0,0,0
1010.2,9,9.28,1689,27,0,0,0,0
3110.16,15,30.07,2060,24,0,0,0,0
3206.93,15,2.66,2453,28,0,0,0,0
8350.12,22,0.61,832,22,0,0,0,0
11019.3,9,6.79,3388,24,0,0,0,0
40628.32,22,19.25,595,35,0,0,0,0
1776.01,2,3.06,2592,17,0,0,0,0
6515.6,20,25.96,1842,30,0,0,0,0
2937.28,4,30.39,708,30,0,0,0,0
1389.86,11,7.34,2487,21,0,0,0,0
2350.95,5,13.98,3563,26,0,0,0,0
14088.99,18,3.52,614,30,0,0,0,0
4390.56,13,4.64,1920,21,0,0,0,0
7086.76,14,6.82,3366,31,0,0,0,0
34629.72,10,8.67,3579,26,0,0,0,0
1405.53,7,37.7,3484,24,0,0,0,0
14162.27,12,0.59,1565,27,0,0,0,0
8384.03,13,30.8,3006,23,0,0,0,0
18671.46,11,15.94,2431,23,0,0,0,0
11662.58,1,33.54,2017,25,0,0,0,0
665.54,9,6.16,870,20,0,0,0,0
11929.96,15,16.54,1811,23,0,0,0,0
9490.57,0,7.81,1572,26,0,0,0,0
5349.65,20,7.06,144,17,0,0,0,0
6741.36,0,20.43,539,22,0,0,0,0
1527.54,5,16.62,897,27,0,0,0,0
9187.29,14,20.35,1776,24,0,0,0,0
7543.19,21,20.65,2868,21,0,0,0,0
2764.7,14,2.1,1818,23,0,0,0,0
24259.1,7,0.11,2698,20,0,0,0,0
34583.9,17,7.52,3177,19,0,0,0,0
4006.43,1,6.84,585,29,0,0,0,0
3309.84,0,25.43,2058,25,0,0,0,0
10009.44,14,11.55,605,20,0,0,0,0
65254.29,4,1.42,1293,35,0,0,1,1
14693.45,0,2.38,838,24,0,0,0,0
18573.2,2,0.55,2510,35,0,0,0,0
3241.55,2,11.98,1114,30,0,0,0,0
2124.72,1,21.88,2982,28,0,0,0,0
5058.75,13,15.13,3311,24,0,0,0,0
9477.67,17,37.12,833,27,0,0,0,0
5582.12,15,2.67,2385,25,0,0,0,0
13457.26,10,7.39,3189,22,0,0,0,0
30245.87,10,22.83,1400,21,0,0,0,0
6075.14,20,34.93,1380,30,0,0,0,0
2701.01,21,9.09,73,14,0,0,0,0
62446.76,13,12.83,247,31,0,0,0,0
4660.65,3,0.54,3342,33,0,0,0,0
2289.28,2,0.97,2957,16,0,0,0,0
6324.89,3,13.57,3164,22,0,0,0,0
9873.4,14,1.65,2060,22,0,0,0,0
5955.31,12,3.98,1590,20,0,0,0,0
2520.52,7,3.82,2882,25,0,0,0,0
1131.25,18,5.89,966,19,0,0,0,0
2563.19,9,34.09,3290,22,0,0,0,0
12768.56,2,0.52,3454,29,0,0,0,0
23618.17,8,27.11,1380,22,0,0,0,0
7162.8,9,5.65,3237,34,0,0,0,0
4552.76,17,1.19,3594,32,0,0,0,0
8799.41,15,32.16,3285,24,0,0,0,0
3343.43,0,0.64,448,22,0,0,0,0
11189.36,15,24.19,2197,23,0,0,0,0
22905.03,5,24.39,3399,24,0,0,0,0
2680.25,10,8.75,2379,27,0,0,0,0
3329.19,22,28.12,3147,23,0,0,0,0
13546.83,13,24.34,52,21,0,0,0,0
4834.68,0,6.53,34,30,0,0,0,0
7994.45,12,6.57,3325,20,0,0,0,0
6186.5,14,0.6,2817,24,0,0,0,0
53165.08,19,3.56,472,28,0,0,0,0
32597.87,12,1.48,1996,19,0,0,0,0
8664.51,13,39.48,1248,31,0,0,0,0
3819.38,14,12.43,2582,27,0,0,0,0
12575.44,17,26.75,1965,20,0,0,0,0
1778.2,7,7.5,2847,25,0,0,0,0
1088.49,14,1.21,387,23,0,0,0,0
19772.9,1,5.05,2381,23,0,0,0,0
9210.55,19,5.4,3417,27,0,0,0,0
18781.36,14,10.9,975,19,0,0,0,0
37347.88,9,16.45,886,34,0,0,0,0
2391.51,19,15.02,2184,32,0,0,0,0
1642.72,17,29.14,2025,17,0,0,0,0
2271.24,18,12.87,1126,20,0,0,0,0
10010.57,4,2.88,241,24,0,0,0,0
1949.35,6,29.11,3234,26,0,0,0,0
3034.21,11,1.16,1978,28,0,0,0,0
22184.15,2,1.86,2637,24,0,0,0,0
13370.84,17,25.57,3396,29,0,0,0,0
2275.61,11,26.09,3565,21,0,0,0,0
12007.87,21,6.29,3507,25,0,0,0,0
11806.55,23,4.37,2185,32,0,0,0,0
542.19,19,0.01,2284,27,0,0,0,0
4870.91,19,8.77,738,26,0,0,0,0
3281.09,13,18.71,2796,32,0,0,0,0
11864.54,6,34.37,723,15,0,0,0,0
672.95,23,4.57,3059,37,0,0,0,0
7715.38,7,17.2,1435,26,0,0,0,0
4316.13,9,7.54,1917,18,0,0,0,0
5112.08,0,9.71,1115,24,0,0,0,0
3116.48,10,21.13,1302,39,0,0,0,0
11223.85,15,14.01,3093,23,0,0,0,0
7401.71,12,1.63,3049,28,0,0,0,0
5088.25,1,19.25,2978,28,0,0,0,0
78624.19,18,15.65,936,26,0,0,0,0
3734.56,22,17.02,2056,22,0,0,0,0
1476.48,11,4.2,1420,32,0,0,0,0
1873.62,12,10.37,423,38,0,0,0,0
40430.74,16,32.9,81,22,0,0,0,0
3960.95,16,25.32,1183,24,0,0,0,0
7525.5,17,4.6,3353,31,0,0,0,0
28672.87,5,30.96,142,18,0,0,0,0
13660.32,10,1.1,3581,25,0,0,0,0
3992.17,9,13.39,3633,22,0,0,0,0
16202.46,1,10.52,1449,29,0,0,0,0
175757.48,3,29.19,1661,29,0,0,1,1
2918.33,13,2.86,3220,29,0,0,0,0
9876.47,19,0.89,963,30,0,0,0,0
25340.24,7,8.98,953,30,0,0,0,0
22964.96,15,15.83,2086,27,0,0,0,0
1202.31,21,12.72,1544,24,0,0,0,0
34033.05,8,4.89,2107,24,0,0,0,0
15669.18,20,3.36,3152,22,0,0,0,0
17802.33,7,6.31,1105,25,0,0,0,0
12983.94,8,3.93,2087,35,0,0,0,0
24543.02,1,13.28,246,31,0,0,0,0
13881.27,0,0.9,2601,37,0,0,0,0
25971.09,15,21.21,2626,22,0,0,0,0
25551.36,20,5.13,3270,24,0,0,0,0
5876.74,4,11.64,2754,24,0,0,0,0
9626.3,23,26.03,2762,22,0,0,0,0
7226.14,10,3.6,1608,17,0,0,0,0
41980.8,19,9.29,2274,24,0,0,0,0
17178.04,15,15.13,1274,24,0,0,0,0
8339.39,6,0.12,1476,18,0,0,0,0
9980.44,21,3.56,3171,26,0,0,0,0
1684.96,11,6.8,1764,25,0,0,0,0
10565.64,22,0.47,2485,29,0,0,0,0
1869.1,14,4.13,2528,29,0,0,0,0
10120.21,8,19.0,1944,16,0,0,0,0
3335.01,15,18.22,2543,26,0,0,0,0
29517.7,10,1.3,2852,23,0,0,0,0
24202.02,22,6.48,225,34,0,0,0,0
6432.16,3,9.6,1952,25,0,0,0,0
5593.64,17,6.01,1103,24,0,0,0,0
10150.36,20,0.24,975,37,0,0,0,0
98027.13,18,6.36,3383,37,0,0,0,0
20768.28,13,10.27,3008,32,0,0,0,0
3164.03,14,11.17,2029,18,0,0,0,0
9824.13,12,23.45,3113,23,0,0,0,0
5494.38,22,0.67,2775,22,0,0,0,0
11579.28,10,17.21,331,31,0,0,0,0
12109.09,7,11.71,3617,23,0,0,0,0
4764.76,16,0.53,3398,41,0,0,0,0
4232.83,2,37.85,1135,25,0,0,0,0
6300.98,17,11.57,695,27,0,0,0,0
1689.42,11,1.89,1896,21,0,0,0,0
3790.67,14,11.57,599,27,0,0,0,0
3710.21,2,26.52,2795,24,0,0,0,0
15849.79,20,1.68,2302,24,0,0,0,0
6619.71,0,1.0,861,17,0,0,0,0
17865.48,19,15.36,2448,25,0,0,0,0
7742.56,11,1.07,2127,25,0,0,0,0
5327.12,7,2.48,3608,21,0,0,0,0
1195.05,11,3.22,2493,26,0,0,0,0
9845.17,8,17.23,214,25,0,0,0,0
715.95,11,9.0,2394,26,0,0,0,0
6496.1,12,2.72,1495,24,0,0,0,0
17274.53,9,69.8,568,18,0,0,0,0
4266.35,11,1.79,2768,22,0,0,0,0
5565.63,14,6.44,753,15,0,0,0,0
17872.74,17,17.96,1179,32,0,0,0,0
12256.35,0,8.19,866,19,0,0,0,0
91740.25,5,5.72,1930,20,0,0,0,0
3948.8,18,7.57,728,21,0,0,0,0
3601.63,14,0.37,705,16,0,0,0,0
9848.01,17,5.65,2075,26,0,0,0,0
2448.45,11,15.71,1872,19,0,0,0,0
26609.31,17,4.32,1790,27,0,0,0,0
11963.37,9,7.95,2959,33,0,0,0,0
2097.11,12,88.34,3357,22,0,0,0,0
6194.82,17,5.13,2848,23,0,0,0,0
24366.38,3,1.1,1064,23,0,0,0,0
2704.39,21,15.64,2228,21,0,0,0,0
70964.61,21,0.91,1966,32,0,0,0,0
17994.9,10,15.46,1545,29,0,0,0,0
19080.05,22,14.95,1191,28,0,0,0,0
21147.37,21,8.61,2688,27,0,0,0,0
16024.78,11,70.65,344,25,0,0,0,0
14954.6,2,3.17,3038,27,0,0,0,0
4409.03,23,3.82,1006,16,0,0,0,0
13242.78,15,16.36,2197,22,0,0,0,0
1745.79,19,8.98,1101,17,0,0,0,0
41914.12,6,25.99,2175,26,0,0,0,0
28621.73,21,0.97,1357,27,0,0,0,0
2653.08,22,3.17,3627,25,0,0,0,0
37022.6,3,1.65,780,17,0,0,0,0
4520.6,19,1.51,2914,28,0,0,0,0
7221.2,12,10.27,80,22,0,0,0,0
3366.86,7,7.37,977,21,0,0,0,0
36196.24,17,16.93,508,28,0,0,0,0
52353.52,4,18.68,3085,35,0,0,1,1
13554.03,22,12.61,2443,24,0,0,0,0
5905.22,5,0.4,125,24,0,0,0,0
36807.24,3,16.14,2653,21,0,0,0,0
24004.15,21,11.92,1510,17,0,0,0,0
4956.05,0,2.63,3545,12,0,0,0,0
7763.41,1,38.85,1004,16,0,0,0,0
11037.43,20,25.67,628,29,0,0,0,0
63672.22,22,3.94,850,24,0,0,0,0
14831.6,1,7.05,2644,19,0,0,0,0
18749.84,2,51.52,114,26,0,0,0,0
16082.83,11,8.2,2644,28,0,0,0,0
12698.24,17,0.62,3116,23,0,0,0,0
12634.65,6,35.23,2157,22,0,0,0,0
3157.2,16,42.83,2841,24,0,0,0,0
18396.68,5,23.98,1872,32,0,0,0,0
10313.82,11,28.46,3465,27,0,0,0,0
35594.42,18,3.1,978,19,0,0,0,0
6994.94,1,6.47,1870,29,0,0,0,0
6696.35,22,6.81,2018,25,0,0,0,0
3796.06,16,46.56,951,21,0,0,0,0
51818.54,11,10.13,1652,16,0,0,0,0
7300.2,22,11.97,2589,24,0,0,0,0
13047.58,18,9.88,1801,21,0,0,0,0
3419.41,12,5.67,2108,30,0,0,0,0
1933.97,3,7.08,924,27,0,0,0,0
17025.35,3,8.92,2976,13,0,0,0,0
5982.84,8,11.89,2580,25,0,0,0,0
17265.89,16,5.27,3455,27,0,0,0,0
9165.53,8,6.0,3253,19,0,0,0,0
2304.05,7,42.04,2469,22,0,0,0,0
5860.16,22,2.08,2875,19,0,0,0,0
8145.69,10,15.23,3135,21,0,0,0,0
1393.03,0,7.11,3147,22,0,0,0,0
23862.13,16,4.2,2207,26,0,0,0,0
75455.63,7,4.64,3552,28,0,0,0,0
1912.46,16,24.35,1535,26,0,0,0,0
16490.65,22,64.0,1369,24,0,0,0,0
5948.44,15,12.98,3284,28,0,0,0,0
3692.33,20,0.91,835,32,0,0,0,0
4916.1,17,27.62,855,27,0,0,0,0
1141.76,23,0.92,3612,13,0,0,0,0
2230.63,8,18.74,190,19,0,0,0,0
4052.52,20,14.08,833,21,0,0,0,0
6937.81,19,3.02,1370,17,0,0,0,0
42170.7,7,0.0,761,22,0,0,0,0
2835.18,10,2.63,2839,26,0,0,0,0
4546.35,3,5.15,1108,21,0,0,0,0
10173.04,20,6.68,1773,15,0,0,0,0
11397.53,6,21.88,1567,27,0,0,0,0
7826.85,5,4.81,3042,28,0,0,0,0
6989.89,21,26.82,3562,17,0,0,0,0
16417.1,22,20.04,1992,21,0,0,0,0
1966.03,7,26.96,796,37,0,0,0,0
5005.21,3,3.83,339,26,0,0,0,0
10783.83,23,5.87,2620,22,0,0,0,0
16675.1,1,10.98,2435,28,0,0,0,0
9006.97,14,22.37,473,19,0,0,0,0
19524.34,4,24.56,1224,22,0,0,0,0
10607.27,13,8.45,159,23,0,0,0,0
2318.0,14,4.36,1005,22,0,0,0,0
20239.48,14,10.46,1083,22,0,0,0,0
23344.54,2,0.92,2181,21,0,0,0,0
7696.16,14,3.37,1027,28,0,0,0,0
15274.18,20,3.68,3056,16,0,0,0,0
21485.2,21,11.76,783,25,0,0,0,0
10930.28,21,3.0,3013,36,0,0,0,0
4939.57,21,8.84,1167,18,0,0,0,0
24477.9,6,6.35,1197,23,0,0,0,0
18357.0,12,14.01,2631,19,0,0,0,0
6933.37,10,12.29,1130,22,0,0,0,0
66034.94,18,32.62,708,21,0,0,0,0
3089.61,3,5.8,2430,33,0,0,0,0
11415.48,9,32.28,1857,21,0,0,0,0
3282.29,15,2.56,842,25,0,0,0,0
14357.93,6,22.74,471,23,0,0,0,0
5025.87,18,5.67,449,22,0,0,0,0
69028.2,22,0.81,2431,28,0,0,0,0
16671.89,17,4.96,1323,23,0,0,0,0
11192.22,21,6.57,200,27,0,0,0,0
5969.28,12,20.53,2175,18,0,0,0,0
3263.69,14,42.69,3540,15,0,0,0,0
15830.16,17,1.89,2742,25,0,0,0,0
6116.05,0,4.58,801,27,0,0,0,0
31452.7,12,5.15,366,28,0,0,0,0
1442.59,9,2.06,1433,31,0,0,0,0
4334.33,16,0.85,650,24,0,0,0,0
9738.42,14,5.89,701,26,0,0,0,0
6531.11,5,0.38,3373,24,0,0,0,0
17054.78,9,3.1,3494,33,0,0,0,0
1837.1,23,16.36,102,33,0,0,0,0
7412.18,0,0.18,1128,26,0,0,0,0
2253.91,1,7.84,823,26,0,0,0,0
17211.65,15,3.55,2683,20,0,0,0,0
2032.86,11,7.09,3541,27,0,0,0,0
18229.72,12,1.29,2359,27,0,0,0,0
7261.85,15,0.45,626,31,0,0,0,0
2369.54,16,23.21,1675,24,0,0,0,0
7100.09,13,14.56,121,31,0,0,0,0
26521.32,16,8.47,2769,20,0,0,0,0
965.62,15,2.88,999,21,0,0,0,0
88619.72,21,2.66,1573,20,0,0,0,0
48754.75,13,5.7,2241,21,0,0,0,0
2785.54,19,10.83,2867,13,0,0,0,0
18273.46,15,6.63,1100,24,0,0,0,0
10002.61,13,1.56,3005,18,0,0,0,0
1970.98,11,20.97,1861,29,0,0,0,0
39266.15,17,18.02,2524,26,0,0,0,0
10485.54,5,1.96,2615,25,0,0,0,0
10217.35,5,0.64,2108,26,0,0,0,0
9449.58,14,18.09,2265,29,0,0,0,0
3818.32,23,10.01,609,25,0,0,0,0
28908.54,23,22.75,2196,23,0,0,0,0
72854.76,8,0.77,2958,28,0,0,0,0
15459.92,15,9.91,228,35,0,0,0,0
3083.57,20,5.17,1661,22,0,0,0,0
3869.85,20,15.16,3062,33,0,0,0,0
17708.9,22,25.66,155,25,0,0,0,0
26935.86,7,8.56,1255,15,0,0,0,0
6168.9,8,0.74,302,28,0,0,0,0
16444.59,17,11.0,3523,22,0,0,0,0
32718.1,17,3.02,591,23,0,0,0,0
14004.29,17,8.99,3590,27,0,0,0,0
4727.53,11,37.22,935,24,0,0,0,0
1236.44,1,9.68,888,22,0,0,0,0
23420.59,19,5.27,71,27,0,0,0,0
18759.74,14,18.49,738,27,0,0,0,0
5126.36,18,8.59,2240,19,0,0,0,0
8604.89,13,9.15,2378,16,0,0,0,0
18444.93,22,7.82,791,18,0,0,0,0
3275.64,16,1.88,1594,32,0,0,0,0
19063.97,20,11.86,2762,21,0,0,0,0
26420.38,22,4.64,2617,20,0,0,0,0
123028.24,16,6.14,3055,29,0,0,0,0
26565.96,17,0.85,3097,22,0,0,0,0
14669.95,3,5.76,1829,26,0,0,0,0
31979.44,8,10.54,1938,26,0,0,0,0
7472.27,3,1.47,751,23,0,0,0,0
9686.39,8,2.75,571,27,0,0,0,0
3375.78,3,6.95,1433,32,0,0,0,0
39862.31,2,15.0,3366,18,0,0,0,0
7725.55,12,14.94,1265,23,0,0,0,0
4996.23,13,6.76,118,20,0,0,0,0
6557.29,10,42.49,1723,26,0,0,0,0
12404.86,8,17.44,1865,21,0,0,0,0
3526.44,22,0.58,922,25,0,0,0,0
13562.28,18,9.65,301,24,0,0,0,0
9154.58,14,11.72,3488,26,0,0,0,0
16288.64,16,1.32,290,25,0,0,0,0
6968.55,16,0.19,337,16,0,0,0,0
54798.55,4,17.36,2472,22,0,0,1,1
21128.66,19,4.97,2752,24,0,0,0,0
4454.02,2,16.24,2939,17,0,0,0,0
4079.46,14,2.41,2407,24,0,0,0,0
13302.16,20,13.36,269,31,0,0,0,0
4404.97,4,26.57,1359,27,0,0,0,0
8273.34,6,17.41,1799,17,0,0,0,0
12752.83,22,6.89,1342,23,0,0,0,0
13963.76,4,17.62,3100,21,0,0,0,0
3179.76,23,22.57,1291,27,0,0,0,0
2347.0,17,10.14,3118,23,0,0,0,0
19805.16,3,9.09,1603,29,0,0,0,0
16201.45,13,12.68,1715,16,0,0,0,0
1262.27,7,27.09,1064,26,0,0,0,0
13371.99,23,51.06,2929,21,0,0,0,0
19739.62,5,3.67,1302,25,0,0,0,0
29191.82,12,3.63,2684,18,0,0,0,0
9622.31,21,2.68,1638,28,0,0,0,0
11361.18,22,2.42,2862,24,0,0,0,0
2735.16,0,21.05,2297,17,0,0,0,0
94400.36,13,15.02,528,24,0,0,0,0
14881.83,13,2.44,3212,35,0,0,0,0
14325.08,5,17.36,1335,30,0,0,0,0
15380.3,2,10.06,3480,28,0,0,0,0
6471.96,23,8.06,2251,16,0,0,0,0
26812.71,11,2.12,1206,27,0,0,0,0
10231.39,22,32.11,3221,32,0,0,0,0
10293.28,8,14.58,3381,18,0,0,0,0
40488.81,5,14.5,2893,20,0,0,0,0
5956.4,1,9.94,2460,27,0,0,0,0
10815.05,8,16.33,1355,25,0,0,0,0
12480.5,14,0.35,2734,30,0,0,0,0
6447.19,11,0.84,2131,25,0,0,0,0
6657.73,17,7.42,2370,30,0,0,0,0
17283.5,14,23.15,2189,20,0,0,0,0
19388.93,16,1.4,1641,18,0,0,0,0
15207.28,7,1.66,3001,30,0,0,0,0
79352.23,20,2.25,1575,31,0,0,0,0
13081.83,21,15.23,2576,28,0,0,0,0
7013.83,15,6.18,1955,28,0,0,0,0
3887.06,18,6.13,1056,26,0,0,0,0
11936.68,15,31.33,715,27,0,0,0,0
707.11,1,26.77,2310,18,0,0,0,0
7338.62,7,4.13,1582,28,0,0,0,0
7340.45,9,4.23,1533,25,0,0,0,0
6962.44,19,10.65,2005,17,0,0,0,0
21904.5,6,0.25,619,27,0,0,0,0
12216.59,12,14.64,584,26,0,0,0,0
11630.61,6,12.51,1812,27,0,0,0,0
1368.24,17,13.22,1466,25,0,0,0,0
14045.43,15,22.45,2143,24,0,0,0,0
106906.44,19,3.51,1915,22,0,0,0,0
3700.59,7,39.82,2154,26,0,0,0,0
5525.8,3,18.43,1337,23,0,0,0,0
20958.67,3,4.12,997,27,0,0,0,0
9870.6,7,10.5,2263,28,0,0,0,0
23694.02,8,6.61,1368,25,0,0,0,0
5085.73,5,6.63,230,27,0,0,0,0
23327.04,6,23.35,1651,26,0,0,0,0
9944.34,22,1.85,3123,29,0,0,0,0
1284.47,23,1.31,2535,21,0,0,0,0
18689.03,14,3.99,3041,27,0,0,0,0
5637.31,8,0.77,3290,20,0,0,0,0
6033.31,2,9.1,1307,16,0,0,0,0
10943.21,8,40.06,2886,23,0,0,0,0
3878.6,21,28.75,3015,27,0,0,0,0
8107.36,22,0.93,1429,16,0,0,0,0
4894.27,4,1.76,2807,22,0,0,0,0
5653.11,18,5.82,2280,22,0,0,0,0
11328.29,9,8.26,2209,28,0,0,0,0
41798.45,0,2.39,2419,26,0,0,1,1
7114.26,4,13.94,619,25,0,0,0,0
3655.45,8,18.37,2351,21,0,0,0,0
1335.23,8,26.4,3544,26,0,0,0,0
8257.27,6,11.65,2379,22,0,0,0,0
9738.57,2,5.78,1974,24,0,0,0,0
5143.31,22,13.41,3540,24,0,0,0,0
9838.44,20,24.46,3315,28,0,0,0,0
9891.43,17,4.93,3095,20,0,0,0,0
15816.99,1,3.43,218,13,0,0,0,0
14341.18,17,2.68,3543,25,0,0,0,0
4627.72,1,13.13,224,26,0,0,0,0
13180.6,14,3.02,2303,25,0,0,0,0
23765.9,0,10.27,3640,28,0,0,0,0
5350.26,5,6.47,2000,27,0,0,0,0
5320.67,23,0.51,1634,23,0,0,0,0
3916.14,9,1.88,971,25,0,0,0,0
9032.28,21,19.31,2111,24,0,0,0,0
2331.54,20,9.58,341,30,0,0,0,0
4640.5,14,2.71,886,26,0,0,0,0
21489.34,12,12.72,403,22,0,0,0,0
11021.6,5,24.71,1624,24,0,0,0,0
2021.22,1,0.42,3129,25,0,0,0,0
870.9,16,6.58,1525,29,0,0,0,0
13270.75,9,5.91,1046,21,0,0,0,0
15073.18,5,6.63,601,24,0,0,0,0
11177.94,8,3.5,1644,22,0,0,0,0
18359.27,13,2.97,1569,25,0,0,0,0
4062.11,20,19.05,3535,24,0,0,0,0
31652.2,5,2.98,321,33,0,0,0,0
3439.73,16,0.22,3303,29,0,0,0,0
2718.62,7,9.55,2729,22,0,0,0,0
68393.52,6,5.4,1503,19,0,0,0,0
12021.5,0,0.2,707,29,0,0,0,0
887.9,8,3.22,385,28,0,0,0,0
7062.48,22,6.67,422,27,0,0,0,0
39066.47,9,0.78,2147,31,0,0,0,0
7500.9,12,20.86,2006,19,0,0,0,0
18400.96,13,1.3,3144,27,0,0,0,0
10838.9,3,38.32,3167,20,0,0,0,0
13574.38,15,5.13,2486,25,0,0,0,0
90455.69,5,4.12,2407,24,0,0,0,0
1634.51,21,3.33,2362,24,0,0,0,0
2568.83,10,14.65,386,26,0,0,0,0
14122.33,5,8.84,2881,32,0,0,0,0
3751.85,16,5.15,2798,26,0,0,0,0
5584.11,20,4.33,1665,25,0,0,0,0
3303.53,4,10.93,1792,23,0,0,0,0
8304.15,21,25.94,2916,22,0,0,0,0
4998.1,17,3.33,2033,26,0,0,0,0
14313.85,5,12.36,2727,25,0,0,0,0
70615.32,8,2.85,2385,22,0,0,0,0
21363.89,10,39.84,1436,23,0,0,0,0
23228.91,23,28.94,1563,25,0,0,0,0
18179.64,22,26.48,788,22,0,0,0,0
4790.4,10,1.4,632,23,0,0,0,0
6264.31,16,4.57,288,27,0,0,0,0
13856.5,18,14.05,3440,26,0,0,0,0
6178.78,17,0.23,1316,17,0,0,0,0
8862.47,12,5.79,365,27,0,0,0,0
5925.04,0,12.41,438,23,0,0,0,0
15815.44,16,1.63,1551,18,0,0,0,0
24437.58,20,3.24,421,28,0,0,0,0
10713.58,12,9.57,2896,21,0,0,0,0
1006.37,8,27.52,3336,25,0,0,0,0
1647.49,6,16.15,1706,22,0,0,0,0
22049.52,0,7.15,263,38,0,0,0,0
21018.05,11,5.38,1781,24,0,0,0,0
9793.56,18,21.9,862,23,0,0,0,0
15337.42,23,7.84,2497,27,0,0,0,0
5872.12,8,6.24,482,34,0,0,0,0
8287.19,21,10.35,165,26,0,0,0,0
9746.96,20,34.16,2377,21,0,0,0,0
10227.0,12,9.04,3049,22,0,0,0,0
6124.22,20,24.69,1496,28,0,0,0,0
5274.26,9,9.74,137,15,0,0,0,0
6758.46,17,15.73,3541,24,0,0,0,0
340.21,4,6.8,1693,20,0,0,0,0
32278.58,3,3.8,1273,28,0,0,0,0
6721.75,3,0.99,2447,17,0,0,0,0
4492.23,21,14.34,172,20,0,0,0,0
5381.33,11,5.26,2329,23,0,0,0,0
26373.85,12,5.27,3131,18,0,0,0,0
18950.81,5,16.64,3469,17,0,0,0,0
80092.91,9,19.26,2083,27,0,0,0,0
9670.36,12,9.68,319,29,0,0,0,0
20982.61,2,1.0,1954,31,0,0,0,0
22236.09,16,0.72,2094,13,0,0,0,0
19140.94,14,8.04,3588,35,0,0,0,0
1520.97,18,4.65,1778,26,0,0,0,0
1497.41,23,2.21,1754,21,0,0,0,0
4976.06,13,5.12,3147,28,0,0,0,0
2039.95,2,1.63,3267,33,0,0,0,0
4219.1,13,8.24,1779,17,0,0,0,0
5381.47,4,17.17,3338,28,0,0,0,0
13315.9,7,15.35,791,29,0,0,0,0
16336.75,11,13.18,2855,24,0,0,0,0
24770.25,6,8.55,2655,24,0,0,0,0
10419.91,9,16.64,708,25,0,0,0,0
19823.97,6,10.13,2743,31,0,0,0,0
12984.9,4,14.65,2682,18,0,0,0,0
4993.17,9,6.36,787,30,0,0,0,0
10409.69,21,3.44,3586,22,0,0,0,0
6279.36,9,3.09,3531,31,0,0,0,0
12173.93,16,5.75,2592,19,0,0,0,0
21749.25,22,5.45,1879,27,0,0,0,0
3298.48,12,4.69,2771,23,0,0,0,0
20587.41,17,8.58,2416,12,0,0,0,0
8207.71,9,46.71,1592,29,0,0,0,0
56681.04,6,21.86,1475,19,0,0,0,0
4550.97,11,20.47,2607,29,0,0,0,0
6806.58,15,27.11,1630,27,0,0,0,0
6271.18,9,7.29,1559,25,0,0,0,0
7931.78,22,8.37,1227,26,0,0,0,0
1799.53,1,5.98,3168,16,0,0,0,0
32013.55,18,17.06,1350,28,0,0,0,0
6218.87,1,2.01,106,24,0,0,0,0
2800.9,17,1.04,472,14,0,0,0,0
9418.38,9,2.62,1239,31,0,0,0,0
7130.11,1,19.96,2683,23,0,0,0,0
11236.55,9,18.9,45,24,0,0,0,0
5235.59,3,21.79,1590,25,0,0,0,0
2261.3,13,12.76,1650,24,0,0,0,0
3071.36,7,8.53,2043,31,0,0,0,0
3928.49,5,3.66,1629,29,0,0,0,0
2634.65,2,2.84,1663,26,0,0,0,0
3106.41,11,11.06,1371,30,0,0,0,0
7891.06,22,10.54,813,33,0,0,0,0
52900.65,15,16.3,2473,25,0,0,0,0
11699.34,17,22.4,1569,25,0,0,0,0
17758.23,0,3.91,3245,25,0,0,0,0
26811.11,10,7.42,1208,30,0,0,0,0
27971.64,10,0.87,885,32,0,0,0,0
5502.18,22,8.95,1531,31,0,0,0,0
30605.45,7,0.18,2405,23,0,0,0,0
3415.63,4,2.58,969,18,0,0,0,0
9098.13,13,8.72,46,29,0,0,0,0
92944.0,22,1.7,3238,26,0,0,0,0
2086.86,14,0.01,701,18,0,0,0,0
40765.15,4,1.57,2139,21,0,0,0,0
21565.67,17,24.79,2612,19,0,0,0,0
5016.6,19,0.21,1607,27,0,0,0,0
2026.39,17,46.44,1562,19,0,0,0,0
1371.95,1,10.0,384,27,0,0,0,0
3622.91,2,6.02,2453,25,0,0,0,0
5635.74,22,0.95,2487,13,0,0,0,0
17107.87,18,6.93,1816,27,0,0,0,0
1762.24,19,11.8,1509,19,0,0,0,0
3407.81,3,10.31,438,27,0,0,0,0
2691.11,13,11.8,2110,23,0,0,0,0
11361.93,11,12.03,3081,23,0,0,0,0
1639.92,17,9.9,2940,31,0,0,0,0
12007.74,2,1.26,3171,25,0,0,0,0
16830.68,22,11.8,3366,27,0,0,0,0
33769.23,19,3.28,1551,23,0,0,0,0
33329.14,2,4.15,1547,23,0,0,0,0
10732.07,4,4.34,1900,17,0,0,0,0
3281.62,3,28.36,1228,32,0,0,0,0
24580.28,23,15.48,929,29,0,0,0,0
4948.69,22,11.45,419,32,0,0,0,0
2709.39,17,26.46,2637,16,0,0,0,0
10685.05,23,21.49,688,26,0,0,0,0
12268.29,10,12.04,2367,22,0,0,0,0
10895.66,19,3.56,2598,28,0,0,0,0
10221.55,18,29.78,2048,22,0,0,0,0
4830.53,21,2.91,3115,19,0,0,0,0
7125.69,19,14.8,2023,24,0,0,0,0
1129.91,17,25.84,57,25,0,0,0,0
16298.5,2,14.67,352,18,0,0,0,0
32478.64,10,27.71,598,27,0,0,0,0
3147.91,3,0.65,3350,22,0,0,0,0
2146.97,11,11.9,2219,29,0,0,0,0
7796.98,11,3.74,3257,15,0,0,0,0
109281.58,9,33.79,3504,24,0,0,0,0
887.26,2,53.77,3601,13,0,0,0,0
19790.43,19,21.17,1960,24,0,0,0,0
2588.91,12,2.25,2886,30,0,0,0,0
432.92,7,14.87,3423,24,0,0,0,0
6972.15,9,0.33,2382,24,0,0,0,0
9220.84,2,18.31,2513,14,0,0,0,0
3241.14,7,0.99,2511,25,0,0,0,0
3027.05,12,17.22,1207,21,0,0,0,0
6442.15,17,9.29,548,28,0,0,0,0
5323.11,3,0.83,3062,29,0,0,0,0
13025.94,22,19.4,1059,34,0,0,0,0
5988.11,10,26.71,362,29,0,0,0,0
4693.61,17,4.81,1388,25,0,0,0,0
2786.29,2,17.75,911,20,0,0,0,0
11207.73,0,16.75,3417,23,0,0,0,0
19426.42,13,21.51,2488,24,0,0,0,0
15528.78,16,19.77,179,19,0,0,0,0
21062.92,4,15.96,294,20,0,0,0,0
19674.52,0,51.78,1021,27,0,0,0,0
17582.05,23,13.56,341,22,0,0,0,0
46736.02,9,17.6,2846,22,0,0,0,0
599.31,12,26.53,3222,20,0,0,0,0
3937.35,18,10.59,1358,24,0,0,0,0
19975.81,13,0.6,3321,24,0,0,0,0
12562.55,14,4.28,3502,13,0,0,0,0
2163.63,15,6.09,248,29,0,0,0,0
3625.27,23,8.58,3234,27,0,0,0,0
41704.31,16,12.21,1123,26,0,0,0,0
9648.69,8,0.4,2955,24,0,0,0,0
13157.31,9,16.01,2811,24,0,0,0,0
37561.23,0,15.74,1626,25,0,0,0,0
15375.69,19,3.81,459,18,0,0,0,0
4672.49,12,2.8,2761,21,0,0,0,0
5851.12,11,2.53,155,23,0,0,0,0
16578.68,5,10.81,1051,26,0,0,0,0
2209.27,22,0.87,399,26,0,0,0,0
7475.6,5,8.48,2903,31,0,0,0,0
1855.42,11,9.86,3588,22,0,0,0,0
3606.95,22,3.11,3520,23,0,0,0,0
4514.69,6,3.51,1350,28,0,0,0,0
20289.56,3,47.93,2729,23,0,0,0,0
7614.5,14,6.91,67,23,0,0,0,0
7991.73,16,0.94,943,23,0,0,0,0
5135.23,19,16.96,1454,28,0,0,0,0
7718.29,0,2.52,2767,25,0,0,0,0
4906.14,16,20.61,694,25,0,0,0,0
7610.78,22,2.69,490,18,0,0,0,0
13470.65,19,2.12,123,25,0,0,0,0
51462.51,0,3.86,1025,27,0,0,1,1
2236.88,18,9.85,2761,30,0,0,0,0
9991.94,3,14.31,2592,28,0,0,0,0
11018.66,0,4.61,711,21,0,0,0,0
6505.01,7,0.02,3586,21,0,0,0,0
3165.67,23,0.19,171,27,0,0,0,0
23545.14,12,2.56,1590,23,0,0,0,0
2159.31,22,28.39,3249,20,0,0,0,0
3468.83,21,6.15,2918,33,0,0,0,0
40076.21,20,8.18,2722,26,0,0,0,0
3830.09,20,4.27,2336,23,0,0,0,0
23933.9,7,40.02,1224,23,0,0,0,0
5274.81,17,9.88,1604,27,0,0,0,0
59427.68,18,3.4,1035,35,0,0,0,0
4416.64,18,13.4,845,27,0,0,0,0
1200.68,17,27.18,1753,27,0,0,0,0
7236.35,23,15.9,3438,24,0,0,0,0
6541.57,9,16.75,223,31,0,0,0,0
15762.18,23,3.58,2133,27,0,0,0,0
103674.32,12,1.84,1771,31,0,0,0,0
8802.87,1,1.82,3550,23,0,0,0,0
5092.86,11,18.9,1151,23,0,0,0,0
4036.88,18,28.69,3360,26,0,0,0,0
6545.57,3,21.51,106,32,0,0,0,0
12341.21,10,0.16,393,17,0,0,0,0
14430.11,9,13.38,3304,27,0,0,0,0
28445.81,12,9.15,1995,22,0,0,0,0
14993.43,6,0.66,879,22,0,0,0,0
3910.96,0,15.16,3448,21,0,0,0,0
13560.05,3,3.86,1216,21,0,0,0,0
20008.95,3,3.39,1863,29,0,0,0,0
4797.79,13,0.74,1697,21,0,0,0,0
5907.2,15,24.27,2155,30,0,0,0,0
3176.37,1,10.45,2377,31,0,0,0,0
18806.99,20,35.2,1625,29,0,0,0,0
27475.05,21,11.64,3379,17,0,0,0,0
7584.54,16,9.87,1569,25,0,0,0,0
27390.71,11,6.05,3647,25,0,0,0,0
12288.83,8,2.03,760,23,0,0,0,0
7033.74,5,30.24,2628,25,0,0,0,0
1998.05,11,4.5,2795,31,0,0,0,0
1005.78,14,30.5,1299,35,0,0,0,0
42345.49,11,33.88,184,25,0,0,0,0
8480.83,3,6.98,1054,22,0,0,0,0
6909.4,9,14.54,3182,28,0,0,0,0
2718.56,19,16.07,3544,30,0,0,0,0
2417.06,21,60.68,1185,25,0,0,0,0
2681.94,22,14.94,655,21,0,0,0,0
19938.32,15,1.82,1958,29,0,0,0,0
1700.21,15,1.76,878,31,0,0,0,0
13014.68,17,5.33,1660,19,0,0,0,0
5218.45,6,7.62,2431,12,0,0,0,0
5983.85,4,13.5,1877,24,0,0,0,0
15539.43,7,11.51,1959,21,0,0,0,0
15103.94,15,3.7,3255,29,0,0,0,0
3330.11,22,16.08,2733,27,0,0,0,0
5175.94,22,6.56,3156,23,0,0,0,0
5020.28,16,4.83,1829,15,0,0,0,0
4143.85,21,5.22,2286,24,0,0,0,0
2455.47,16,8.95,3376,18,0,0,0,0
2863.52,0,6.35,2291,29,0,0,0,0
19180.25,14,8.48,301,18,0,0,0,0
25500.18,21,32.31,1483,22,0,0,0,0
11297.24,5,40.38,2191,24,0,0,0,0
12024.14,23,0.17,2195,26,0,0,0,0
4820.36,2,3.62,2379,31,0,0,0,0
2725.39,15,0.85,1182,20,0,0,0,0
8387.02,12,6.27,2620,21,0,0,0,0
3384.76,23,1.52,1955,17,0,0,0,0
3912.76,3,0.86,3190,27,0,0,0,0
4496.85,20,47.28,1303,25,0,0,0,0
2055.46,15,13.34,2037,29,0,0,0,0
4457.45,19,12.43,2269,20,0,0,0,0
9765.48,15,13.68,3482,24,0,0,0,0
154677.01,2,12.23,824,21,0,0,1,1
9237.86,11,1.96,3550,24,0,0,0,0
13538.16,13,7.77,992,22,0,0,0,0
1299.02,15,39.55,1619,27,0,0,0,0
9751.49,6,8.36,1577,24,0,0,0,0
9267.76,15,10.12,1468,28,0,0,0,0
30960.3,23,0.66,611,15,0,0,0,0
11731.83,12,6.9,1162,30,0,0,0,0
24247.53,22,26.0,750,25,0,0,0,0
16606.38,5,11.77,1444,19,0,0,0,0
7919.88,23,1.47,208,29,0,0,0,0
428.21,20,8.34,287,27,0,0,0,0
7576.61,6,3.17,1494,23,0,0,0,0
10513.78,8,9.5,1317,23,0,0,0,0
27531.42,17,3.31,379,27,0,0,0,0
11194.59,0,0.12,716,23,0,0,0,0
7708.82,17,1.4,3559,27,0,0,0,0
6071.38,13,17.64,2174,14,0,0,0,0
14624.04,21,2.64,2066,31,0,0,0,0
1617.17,12,2.66,1642,24,0,0,0,0
9585.58,18,37.79,3039,29,0,0,0,0
1150.45,5,16.05,525,30,0,0,0,0
2311.64,15,48.95,3162,33,0,0,0,0
6366.1,8,4.51,2777,15,0,0,0,0
2626.04,11,23.86,608,30,0,0,0,0
7758.34,1,6.77,2737,23,0,0,0,0
3679.98,7,0.66,2095,18,0,0,0,0
7063.45,5,0.11,2750,29,0,0,0,0
3292.52,20,15.49,677,30,0,0,0,0
4723.19,21,2.33,3277,22,0,0,0,0
1539.23,5,6.87,2410,29,0,0,0,0
5948.1,1,1.31,3261,29,0,0,0,0
13466.92,14,1.17,3097,17,0,0,0,0
15960.55,7,19.81,2321,34,0,0,0,0
5155.97,6,19.06,248,30,0,0,0,0
16847.47,21,1.71,3025,20,0,0,0,0
22840.78,10,0.25,2491,19,0,0,0,0
2350.03,18,0.0,3288,23,0,0,0,0
36172.13,23,0.73,444,20,0,0,0,0
2382.87,5,1.35,2310,33,0,0,0,0
9336.78,2,31.2,202,25,0,0,0,0
10934.17,20,2.23,2940,24,0,0,0,0
20927.37,17,12.43,2864,25,0,0,0,0
2038.36,17,29.71,1035,22,0,0,0,0
12451.77,10,11.71,3111,27,0,0,0,0
6991.13,8,21.61,3123,18,0,0,0,0
2800.65,3,14.73,1660,27,0,0,0,0
2423.52,15,15.28,2419,19,0,0,0,0
11367.95,20,2.26,827,21,0,0,0,0
39912.4,2,2.83,1663,18,0,0,0,0
26681.01,15,10.74,642,28,0,0,0,0
34657.71,21,32.64,2375,24,0,0,0,0
19941.0,5,15.47,397,24,0,0,0,0
4926.71,15,4.04,2026,20,0,0,0,0
10339.09,5,33.05,750,22,0,0,0,0
4283.87,9,6.09,2974,31,0,0,0,0
14866.28,1,26.93,3239,23,0,0,0,0
10064.56,6,29.65,915,32,0,0,0,0
8828.03,18,1.2,262,27,0,0,0,0
8774.44,19,9.16,514,21,0,0,0,0
14561.93,15,7.52,1709,26,0,0,0,0
7010.02,1,4.6,2642,19,0,0,0,0
10568.33,5,31.88,1093,27,0,0,0,0
16504.87,6,9.71,1325,23,0,0,0,0
4117.82,22,4.52,483,22,0,0,0,0
82015.09,19,6.42,1199,18,0,0,0,0
59117.13,0,34.14,2435,21,0,0,1,1
11461.05,11,15.56,2184,34,0,0,0,0
4383.82,11,35.07,2014,28,0,0,0,0
49682.48,7,8.58,211,19,0,0,0,0
5687.12,22,20.34,664,31,0,0,0,0
61304.36,0,3.83,1342,23,0,0,1,1
43419.97,12,1.83,2634,25,0,0,0,0
11204.65,4,3.75,329,23,0,0,0,0
1937.64,21,5.98,169,29,0,0,0,0
8516.61,14,28.89,160,26,0,0,0,0
15270.24,22,17.87,1036,23,0,0,0,0
2370.41,2,2.31,132,24,0,0,0,0
31283.7,2,33.43,189,28,0,0,0,0
8794.43,17,16.29,3001,30,0,0,0,0
49066.92,18,7.37,2679,25,0,0,0,0
2131.37,1,22.45,582,32,0,0,0,0
3486.85,8,14.66,863,30,0,0,0,0
3820.1,9,6.27,3384,27,0,0,0,0
1625.26,23,25.21,2936,22,0,0,0,0
2737.63,12,20.79,2006,22,0,0,0,0
10332.94,21,0.15,2050,22,0,0,0,0
26097.37,22,0.35,1904,32,0,0,0,0
13551.53,18,4.1,939,25,0,0,0,0
3361.64,7,6.14,2077,19,0,0,0,0
11621.92,15,7.89,308,33,0,0,0,0
37524.11,23,0.14,1298,20,0,0,0,0
16896.77,3,1.46,2651,28,0,0,0,0
8158.37,3,11.82,1103,27,0,0,0,0
1850.25,22,27.26,1412,26,0,0,0,0
4495.75,17,7.42,556,24,0,0,0,0
42850.58,21,12.35,1088,29,0,0,0,0
20493.03,15,38.04,2425,21,0,0,0,0
15885.81,19,18.51,2309,28,0,0,0,0
23627.11,7,2.27,2815,35,0,0,0,0
2974.36,8,4.97,1808,23,0,0,0,0
6369.87,5,5.87,2329,21,0,0,0,0
10506.22,4,7.8,42,29,0,0,0,0
13146.05,21,11.51,1262,21,0,0,0,0
6441.08,7,10.31,2056,21,0,0,0,0
23170.94,16,12.42,1278,22,0,0,0,0
5393.57,0,3.34,512,31,0,0,0,0
59370.53,18,23.81,874,15,0,0,0,0
762.85,2,24.19,1862,29,0,0,0,0
16373.64,0,9.59,341,31,0,0,0,0
17039.07,1,12.43,1915,37,0,0,0,0
11193.4,17,11.38,174,27,0,0,0,0
6254.74,18,2.97,3090,31,0,0,0,0
1903.42,6,2.87,3370,23,0,0,0,0
3323.61,23,40.28,1717,28,0,0,0,0
6885.73,11,13.31,155,24,0,0,0,0
17469.42,20,4.47,398,26,0,0,0,0
3140.41,20,14.61,3539,26,0,0,0,0
6154.56,6,2.34,3475,28,0,0,0,0
29173.51,2,52.75,3640,18,0,0,0,0
11631.86,7,5.7,2650,25,0,0,0,0
35949.25,21,1.68,3646,30,0,0,0,0
10431.33,4,0.22,407,24,0,0,0,0
64541.59,7,3.24,2427,22,0,0,0,0
2352.07,8,10.26,1747,36,0,0,0,0
8505.95,4,6.6,3363,26,0,0,0,0
1766.6,15,6.48,2771,23,0,0,0,0
11814.71,15,3.89,2208,18,0,0,0,0
2936.3,11,11.8,2607,24,0,0,0,0
3117.78,20,13.1,2218,24,0,0,0,0
9384.3,2,41.36,205,25,0,0,0,0
6580.61,18,6.19,1261,24,0,0,0,0
11047.94,2,44.12,60,23,0,0,0,0
5645.93,12,2.76,2633,24,0,0,0,0
12999.03,21,4.3,990,23,0,0,0,0
16084.15,12,5.63,893,13,0,0,0,0
5474.7,16,9.15,402,26,0,0,0,0
3795.25,20,13.46,1812,29,0,0,0,0
7743.34,17,7.1,2178,27,0,0,0,0
5361.52,11,23.52,1922,27,0,0,0,0
2718.5,17,62.88,1715,23,0,0,0,0
7611.01,0,14.04,1229,22,0,0,0,0
7032.88,17,7.6,1071,19,0,0,0,0
8881.81,17,12.26,1325,22,0,0,0,0
15409.24,23,6.53,2458,23,0,0,0,0
11755.84,8,12.02,871,25,0,0,0,0
44353.96,10,7.44,3082,20,0,0,0,0
5513.29,8,22.14,3296,16,0,0,0,0
21234.36,11,18.73,2023,19,0,0,0,0
6918.76,22,2.57,3326,23,0,0,0,0
25896.89,5,14.24,2157,25,0,0,0,0
4977.94,15,0.24,415,19,0,0,0,0
10130.14,4,13.67,2003,25,0,0,0,0
11570.95,5,8.27,987,34,0,0,0,0
93503.3,8,20.64,1827,33,0,0,0,0
16452.2,0,0.04,1185,20,0,0,0,0
17321.65,3,11.39,2842,25,0,0,0,0
1912.94,12,6.23,1059,31,0,0,0,0
5941.6,0,6.86,2594,24,0,0,0,0
3571.5,20,3.85,1514,29,0,0,0,0
5670.15,6,24.88,1182,28,0,0,0,0
8130.48,0,9.05,2845,26,0,0,0,0
7716.4,23,13.22,3420,27,0,0,0,0
4474.67,12,3.62,2308,21,0,0,0,0
11167.75,12,6.78,1660,24,0,0,0,0
2140.44,4,2.29,1284,26,0,0,0,0
26652.71,2,14.7,1304,32,0,0,0,0
11472.14,9,13.82,3020,30,0,0,0,0
971.95,15,6.36,343,28,0,0,0,0
3241.29,6,1.54,3213,19,0,0,0,0
5495.9,18,20.41,499,23,0,0,0,0
3740.56,14,26.79,2297,28,0,0,0,0
5068.62,20,8.89,2554,29,0,0,0,0
5597.02,5,1.64,2353,24,0,0,0,0
8441.53,1,15.84,1259,24,0,0,0,0
17657.86,14,13.67,1824,26,0,0,0,0
5367.82,14,2.08,3055,27,0,0,0,0
630.23,13,7.53,86,19,0,0,0,0
5997.75,20,11.02,796,23,0,0,0,0
9514.52,6,0.62,1637,21,0,0,0,0
10368.26,1,6.84,1309,30,0,0,0,0
4292.56,16,12.45,552,22,0,0,0,0
26113.27,5,15.53,2391,25,0,0,0,0
2137.14,17,5.63,3450,21,0,0,0,0
8028.17,5,3.99,1918,18,0,0,0,0
1786.68,21,18.36,1663,28,0,0,0,0
2216.94,15,4.75,623,27,0,0,0,0
3005.81,8,12.21,2087,21,0,0,0,0
14549.32,15,9.01,3453,22,0,0,0,0
2629.4,18,5.24,2031,27,0,0,0,0
16322.66,17,20.76,1588,23,0,0,0,0
2080.04,16,4.65,644,31,0,0,0,0
30281.81,6,1.38,217,24,0,0,0,0
4646.55,8,26.03,1947,26,0,0,0,0
34451.43,12,5.77,3584,24,0,0,0,0
11207.52,4,11.22,2178,17,0,0,0,0
4387.05,15,5.85,327,23,0,0,0,0
17884.02,16,5.52,1802,17,0,0,0,0
12326.82,13,0.59,1061,15,0,0,0,0
5039.67,6,0.81,2940,22,0,0,0,0
10522.28,14,4.15,1790,20,0,0,0,0
1077.78,3,0.45,3520,19,0,0,0,0
2985.87,16,23.7,2076,24,0,0,0,0
23660.05,3,0.15,1720,21,0,0,0,0
11596.44,21,5.95,250,22,0,0,0,0
8938.0,5,19.41,178,24,0,0,0,0
11083.19,11,8.88,2946,24,0,0,0,0
5407.83,7,5.29,1470,24,0,0,0,0
3801.82,7,0.12,391,31,0,0,0,0
2938.11,6,7.01,53,20,0,0,0,0
8992.99,4,1.32,3269,22,0,0,0,0
5358.26,4,26.24,3326,22,0,0,0,0
1419.1,13,3.7,824,18,0,0,0,0
8261.66,8,23.63,223,15,0,0,0,0
2133.22,16,0.55,1342,16,0,0,0,0
1195.98,3,17.49,3029,30,0,0,0,0
2773.49,4,17.08,1433,18,0,0,0,0
5476.61,19,6.21,1986,28,0,0,0,0
4426.02,8,18.18,688,21,0,0,0,0
925.49,20,0.49,647,23,0,0,0,0
106229.78,20,1.91,1631,26,0,0,0,0
15251.11,1,25.5,959,22,0,0,0,0
35336.46,6,8.86,3605,27,0,0,0,0
11066.22,12,2.86,2942,29,0,0,0,0
2734.96,1,7.91,985,24,0,0,0,0
2942.95,6,8.88,907,23,0,0,0,0
4658.04,5,0.81,1648,21,0,0,0,0
15501.78,11,7.16,2352,23,0,0,0,0
4233.24,23,6.42,1640,23,0,0,0,0
6143.73,2,8.79,1173,22,0,0,0,0
1886.44,20,13.8,1088,33,0,0,0,0
7731.66,19,15.39,1480,25,0,0,0,0
4154.12,3,12.43,2057,26,0,0,0,0
16666.16,7,7.04,3472,30,0,0,0,0
2887.21,17,4.95,2513,19,0,0,0,0
34254.34,18,24.3,105,22,0,0,0,0
8112.86,7,16.93,629,23,0,0,0,0
2821.18,7,11.25,635,21,0,0,0,0
10686.01,21,35.85,1070,27,0,0,0,0
19607.35,3,2.17,304,29,0,0,0,0
6798.36,11,7.7,1051,27,0,0,0,0
3055.3,7,20.43,1805,29,0,0,0,0
72435.78,19,4.36,773,30,0,0,0,0
14593.29,12,2.35,2773,29,0,0,0,0
3792.83,18,7.23,1392,26,0,0,0,0
13510.23,20,12.09,1499,31,0,0,0,0
6974.0,17,1.35,252,30,0,0,0,0
20900.46,4,7.3,3197,20,0,0,0,0
6669.52,18,5.83,1463,28,0,0,0,0
23509.78,15,9.06,519,22,0,0,0,0
17428.78,14,23.77,2505,28,0,0,0,0
2964.31,23,1.94,476,33,0,0,0,0
3012.11,8,0.57,2216,26,0,0,0,0
60613.35,18,3.61,406,27,0,0,0,0
7525.31,10,34.68,1664,24,0,0,0,0
1749.87,21,0.41,1536,24,0,0,0,0
1753.8,22,1.61,1222,31,0,0,0,0
1168.23,23,46.59,2667,36,0,0,0,0
4449.77,23,1.55,3017,25,0,0,0,0
10398.16,21,12.25,1435,32,0,0,0,0
11515.49,13,6.46,520,27,0,0,0,0
14644.41,12,9.81,1502,32,0,0,0,0
46886.06,16,2.51,497,31,0,0,0,0
12516.09,2,1.01,2111,21,0,0,0,0
1987.11,21,5.42,2674,18,0,0,0,0
2454.01,3,13.44,951,31,0,0,0,0
3893.37,15,12.15,1743,28,0,0,0,0
12835.53,17,5.31,3124,22,0,0,0,0
6604.65,6,12.66,1924,26,0,0,0,0
10239.67,2,8.66,2204,21,0,0,0,0
2905.17,20,22.81,893,22,0,0,0,0
8429.11,12,15.88,2502,24,0,0,0,0
9193.64,21,0.49,604,25,0,0,0,0
39841.72,14,13.68,110,25,0,0,0,0
10286.16,12,39.96,423,34,0,0,0,0
22816.73,19,43.12,1442,13,0,0,0,0
3458.51,22,41.87,2062,20,0,0,0,0
5338.14,11,8.12,84,24,0,0,0,0
10917.9,14,18.79,1763,34,0,0,0,0
3579.81,5,2.44,1798,26,0,0,0,0
7344.16,8,8.58,1543,17,0,0,0,0
2894.68,10,12.35,3347,25,0,0,0,0
6439.46,9,30.94,148,24,0,0,0,0
13357.91,20,16.07,153,21,0,0,0,0
4658.33,1,1.02,1534,25,0,0,0,0
1368.42,18,1.24,2297,28,0,0,0,0
5762.3,5,7.75,3271,35,0,0,0,0
2922.82,15,1.75,793,22,0,0,0,0
5911.79,3,7.36,1071,16,0,0,0,0
28928.14,19,7.27,1686,31,0,0,0,0
19259.41,6,12.16,2105,28,0,0,0,0
4640.18,10,6.82,1519,29,0,0,0,0
4230.08,22,7.77,268,24,0,0,0,0
906.94,9,4.96,825,22,0,0,0,0
7392.01,0,13.8,1288,22,0,0,0,0
18435.99,17,1.06,1252,23,0,0,0,0
6664.9,17,0.55,1211,30,0,0,0,0
6249.14,21,46.49,212,20,0,0,0,0
15605.89,21,7.53,1145,27,0,0,0,0
10905.09,13,0.15,307,25,0,0,0,0
6189.4,11,0.29,1858,29,0,0,0,0
15557.89,0,15.77,3459,30,0,0,0,0
5797.75,0,21.86,1031,19,0,0,0,0
7147.7,9,22.93,122,28,0,0,0,0
3652.27,23,7.69,1469,22,0,0,0,0
10144.48,9,5.17,136,28,0,0,0,0
4666.39,10,11.69,2386,28,0,0,0,0
3820.78,4,4.43,2572,18,0,0,0,0
14864.38,3,15.44,2766,20,0,0,0,0
6255.06,20,13.83,1801,18,0,0,0,0
7473.52,6,4.29,632,22,0,0,0,0
3371.88,7,5.46,1803,22,0,0,0,0
8288.55,15,7.14,1626,24,0,0,0,0
3668.27,11,1.26,3356,31,0,0,0,0
8218.55,16,6.65,1587,33,0,0,0,0
3336.48,15,6.77,2887,29,0,0,0,0
6094.39,16,5.32,3374,27,0,0,0,0
14820.85,14,2.38,215,27,0,0,0,0
17090.08,12,3.06,2462,36,0,0,0,0
1505.02,21,4.57,1823,34,0,0,0,0
6039.24,12,31.51,765,27,0,0,0,0
7804.29,18,1.27,1533,17,0,0,0,0
6735.17,10,0.61,628,36,0,0,0,0
3884.29,18,4.87,613,20,0,0,0,0
5788.41,7,25.96,2586,23,0,0,0,0
26969.21,15,12.09,192,23,0,0,0,0
14422.68,23,5.47,1751,21,0,0,0,0
35283.49,15,10.86,3524,27,0,0,0,0
9795.77,8,3.31,675,18,0,0,0,0
5717.85,18,32.72,1302,21,0,0,0,0
1993.0,2,15.78,3353,22,0,0,0,0
10875.02,18,10.39,2789,27,0,0,0,0
17455.93,2,3.56,1252,24,0,0,0,0
78487.36,15,31.28,243,24,0,0,0,0
7909.94,21,18.2,1480,20,0,0,0,0
5231.96,12,0.9,3318,25,0,0,0,0
7278.9,15,3.76,3292,26,0,0,0,0
1189.43,11,17.28,1802,21,0,0,0,0
6113.26,2,3.5,1357,27,0,0,0,0
32211.9,18,9.66,512,34,0,0,0,0
2759.0,15,0.07,605,20,0,0,0,0
742.26,3,24.83,3521,18,0,0,0,0
4284.21,18,6.49,3323,25,0,0,0,0
15977.66,9,2.66,2221,21,0,0,0,0
15059.12,9,5.7,2224,24,0,0,0,0
7898.64,11,18.35,2275,28,0,0,0,0
15326.29,23,23.92,1662,26,0,0,0,0
4897.72,23,3.61,85,23,0,0,0,0
21628.46,6,17.74,1598,33,0,0,0,0
18648.65,18,4.22,744,30,0,0,0,0
50312.54,10,1.37,2812,30,0,0,0,0
6855.99,1,2.27,2534,15,0,0,0,0
10129.82,1,1.57,364,25,0,0,0,0
66152.75,1,20.44,3463,23,0,0,1,1
2150.66,13,5.17,1189,32,0,0,0,0
3696.86,21,3.82,3459,36,0,0,0,0
12327.77,18,5.04,286,30,0,0,0,0
2170.84,12,1.63,3491,12,0,0,0,0
3987.74,14,29.14,3277,29,0,0,0,0
14896.85,5,8.94,611,23,0,0,0,0
14434.31,14,10.9,2587,18,0,0,0,0
20415.04,12,19.04,2873,27,0,0,0,0
2043.42,11,7.54,2542,30,0,0,0,0
3017.33,4,27.56,2152,19,0,0,0,0
4227.39,22,30.66,2616,21,0,0,0,0
12825.36,18,1.31,411,32,0,0,0,0
16205.49,16,2.8,2341,25,0,0,0,0
23925.28,16,2.89,3498,22,0,0,0,0
2645.07,6,7.82,685,28,0,0,0,0
4731.29,16,13.8,2300,25,0,0,0,0
8949.32,1,3.37,140,37,0,0,0,0
5613.74,22,12.14,806,32,0,0,0,0
2358.19,22,1.06,1195,18,0,0,0,0
10723.16,17,5.05,1921,27,0,0,0,0
14536.43,21,4.59,2191,21,0,0,0,0
4460.54,18,10.66,1897,28,0,0,0,0
19355.79,15,3.13,1151,30,0,0,0,0
35473.47,3,47.5,3633,27,0,0,0,0
9794.55,21,5.54,1624,28,0,0,0,0
2643.75,6,2.15,2161,23,0,0,0,0
18571.91,6,13.17,2433,25,0,0,0,0
23517.04,5,18.71,2583,29,0,0,0,0
4266.37,4,0.96,1338,31,0,0,0,0
7084.9,12,0.75,1952,29,0,0,0,0
16016.26,10,4.22,584,28,0,0,0,0
4045.66,19,18.52,1904,15,0,0,0,0
8480.9,0,16.84,147,18,0,0,0,0
26355.71,16,1.66,89,28,0,0,0,0
7512.58,2,1.27,1290,14,0,0,0,0
599.96,12,17.05,3539,20,0,0,0,0
6730.07,15,7.34,2751,28,0,0,0,0
14467.11,21,3.64,2516,30,0,0,0,0
45821.79,12,39.08,1670,19,0,0,0,0
22280.41,17,10.31,1531,29,0,0,0,0
1334.27,13,2.09,2826,33,0,0,0,0
11924.88,11,8.94,3529,25,0,0,0,0
8603.57,5,7.58,1933,35,0,0,0,0
48958.34,6,6.79,3436,31,0,0,0,0
28610.22,1,26.8,2282,19,0,0,0,0
8669.17,11,13.37,908,27,0,0,0,0
15988.06,6,5.55,1069,30,0,0,0,0
2956.95,8,1.25,1845,32,0,0,0,0
12935.01,2,6.1,2156,30,0,0,0,0
51932.62,11,22.33,1597,26,0,0,0,0
5913.03,2,19.68,70,19,0,0,0,0
4574.51,6,2.37,589,16,0,0,0,0
23248.26,21,4.73,3647,27,0,0,0,0
13628.28,19,8.86,854,22,0,0,0,0
4248.95,21,10.23,1074,24,0,0,0,0
12512.74,20,4.52,3360,19,0,0,0,0
43789.16,1,24.83,3491,24,0,0,1,1
26621.39,19,2.03,3513,21,0,0,0,0
6120.05,3,1.33,500,22,0,0,0,0
5581.24,20,27.9,1345,22,0,0,0,0
3111.47,3,2.8,3168,18,0,0,0,0
27694.26,9,15.87,2256,24,0,0,0,0
2535.68,14,45.23,1113,22,0,0,0,0
6974.8,13,4.59,1412,22,0,0,0,0
5512.02,4,45.62,616,22,0,0,0,0
12535.55,15,21.46,3320,27,0,0,0,0
8160.52,20,29.67,1793,27,0,0,0,0
13119.65,7,2.51,928,27,0,0,0,0
3657.16,8,40.69,1695,23,0,0,0,0
22306.59,18,15.45,3084,27,0,0,0,0
1503.17,23,8.94,136,31,0,0,0,0
2620.05,13,0.71,1168,25,0,0,0,0
940.73,18,8.56,2795,29,0,0,0,0
49914.26,18,13.34,3014,23,0,0,0,0
6917.75,11,9.61,1304,24,0,0,0,0
41735.89,4,9.2,146,23,0,0,0,0
10800.3,4,2.1,3222,31,0,0,0,0
9192.82,12,17.03,1645,31,0,0,0,0
23709.52,0,2.84,757,30,0,0,0,0
11816.02,1,0.29,3535,21,0,0,0,0
14810.54,13,27.14,1286,32,0,0,0,0
12949.01,16,4.22,3303,20,0,0,0,0
17068.76,15,10.29,3094,29,0,0,0,0
11318.3,15,2.19,3547,14,0,0,0,0
2192.13,12,14.09,2885,20,0,0,0,0
1019.03,6,4.02,3208,32,0,0,0,0
60488.26,4,5.77,624,22,0,0,1,1
864.17,6,5.78,1555,22,0,0,0,0
9991.3,21,1.42,836,19,0,0,0,0
2631.63,4,5.13,887,22,0,0,0,0
6737.71,3,10.93,1967,20,0,0,0,0
14077.03,12,0.64,1602,25,0,0,0,0
16977.65,15,10.78,428,29,0,0,0,0
11846.26,16,40.67,238,24,0,0,0,0
6279.49,21,40.37,2889,24,0,0,0,0
12206.98,23,54.32,3089,17,0,0,0,0
10559.44,0,0.03,3011,28,0,0,0,0
3617.81,10,15.6,2479,28,0,0,0,0
10303.16,4,2.56,2335,26,0,0,0,0
1623.79,5,7.74,2410,22,0,0,0,0
4120.0,23,7.63,1124,24,0,0,0,0
2019.14,15,8.88,3035,27,0,0,0,0
22923.2,8,3.49,486,16,0,0,0,0
19044.34,8,21.32,2073,26,0,0,0,0
10043.82,12,32.95,454,23,0,0,0,0
4429.38,23,5.73,101,34,0,0,0,0
3541.87,21,25.6,3001,32,0,0,0,0
10890.26,15,5.02,899,25,0,0,0,0
2065.53,18,4.03,1812,22,0,0,0,0
8776.22,12,0.33,1294,22,0,0,0,0
5421.92,10,47.51,1022,42,0,0,0,0
17246.96,12,16.33,2226,25,0,0,0,0
3167.39,10,24.45,2505,24,0,0,0,0
436.44,10,17.28,3320,27,0,0,0,0
8742.53,21,10.62,3472,25,0,0,0,0
15114.46,0,26.3,1115,25,0,0,0,0
3556.26,21,22.58,1511,22,0,0,0,0
17630.88,14,9.93,1681,28,0,0,0,0
10761.72,6,4.0,252,27,0,0,0,0
1951.43,17,24.04,1855,25,0,0,0,0
5091.96,18,10.27,465,25,0,0,0,0
2858.22,15,18.25,1779,17,0,0,0,0
11060.22,8,4.94,1191,25,0,0,0,0
474.61,19,14.28,3409,23,0,0,0,0
3162.05,16,0.46,649,27,0,0,0,0
1382.38,5,0.47,1438,21,0,0,0,0
44829.13,1,3.72,1621,19,0,0,1,1
24121.57,16,24.89,1398,24,0,0,0,0
11889.79,5,0.9,2960,26,0,0,0,0
11479.77,15,9.38,1812,25,0,0,0,0
8691.08,4,7.09,827,25,0,0,0,0
1713.41,7,5.82,3441,27,0,0,0,0
3745.19,12,13.67,477,25,0,0,0,0
70619.11,20,2.18,136,27,0,0,0,0
65896.69,20,7.99,3263,24,0,0,0,0
10846.13,6,0.76,2852,25,0,0,0,0
7543.18,0,8.22,1628,27,0,0,0,0
21714.38,13,17.44,1476,25,0,0,0,0
17860.95,1,19.9,725,19,0,0,0,0
3301.62,6,3.02,1779,24,0,0,0,0
9833.89,13,7.36,2059,28,0,0,0,0
3511.99,23,11.6,121,26,0,0,0,0
14502.81,22,20.54,2791,37,0,0,0,0
11700.25,12,7.43,930,16,0,0,0,0
6030.58,8,7.46,1018,25,0,0,0,0
11997.05,0,1.74,3521,17,0,0,0,0
26905.31,9,34.8,1723,24,0,0,0,0
11314.72,23,32.87,1690,36,0,0,0,0
6352.58,19,53.94,2181,23,0,0,0,0
9895.25,6,6.16,718,20,0,0,0,0
22926.8,23,0.7,3647,29,0,0,0,0
6078.74,4,1.21,1488,25,0,0,0,0
9312.01,13,3.76,1600,28,0,0,0,0
20010.6,1,8.5,3478,20,0,0,0,0
3427.5,9,8.37,723,21,0,0,0,0
6759.98,20,6.17,1530,20,0,0,0,0
5160.77,17,4.01,209,22,0,0,0,0
8937.25,6,4.17,638,33,0,0,0,0
15984.48,10,1.1,521,29,0,0,0,0
9509.23,5,27.53,1283,26,0,0,0,0
1722.24,4,18.8,1489,20,0,0,0,0
1043.21,18,15.91,2321,27,0,0,0,0
13194.57,1,13.95,3559,34,0,0,0,0
3873.61,6,31.15,701,20,0,0,0,0
5043.33,16,5.13,3183,26,0,0,0,0
7184.05,16,4.48,1263,23,0,0,0,0
12917.76,13,32.85,1521,27,0,0,0,0
37428.78,14,28.63,1325,29,0,0,0,0
16620.92,22,13.57,476,23,0,0,0,0
2688.64,9,0.29,1190,26,0,0,0,0
12869.19,15,0.56,244,16,0,0,0,0
40732.39,20,5.34,1127,28,0,0,0,0
6270.8,9,3.5,726,22,0,0,0,0
9022.21,14,7.52,170,31,0,0,0,0
17723.2,8,6.35,1426,27,0,0,0,0
7634.82,0,1.0,1399,30,0,0,0,0
9856.09,8,9.93,995,33,0,0,0,0
8600.97,0,1.85,1732,28,0,0,0,0
6535.99,4,22.14,3180,29,0,0,0,0
11062.42,7,5.64,1247,22,0,0,0,0
1202.54,15,1.64,1467,25,0,0,0,0
4413.96,23,27.23,694,20,0,0,0,0
32500.94,15,22.08,67,16,0,0,0,0
15543.4,18,16.55,1174,29,0,0,0,0
5808.86,12,9.94,3626,25,0,0,0,0
11340.61,3,27.81,1704,34,0,0,0,0
54688.93,19,9.28,812,26,0,0,0,0
3280.28,16,8.44,3011,42,0,0,0,0
5513.63,11,1.68,1268,24,0,0,0,0
135219.47,13,15.31,1568,25,0,0,0,0
11142.49,14,33.44,2155,26,0,0,0,0
14921.91,15,8.81,3047,26,0,0,0,0
5084.56,12,4.18,732,23,0,0,0,0
12863.8,15,7.71,3477,33,0,0,0,0
5842.9,18,12.96,1900,27,0,0,0,0
4725.34,14,9.96,2935,28,0,0,0,0
5086.12,10,12.94,257,25,0,0,0,0
3666.99,14,11.78,3457,30,0,0,0,0
9733.8,14,41.47,2008,21,0,0,0,0
1338.01,11,17.07,1753,35,0,0,0,0
1777.26,1,0.9,1463,26,0,0,0,0
2831.86,4,1.07,3480,29,0,0,0,0
7826.64,9,32.62,3224,21,0,0,0,0
2771.81,11,0.68,199,25,0,0,0,0
6130.53,19,5.97,3260,25,0,0,0,0
34746.09,12,2.76,3463,25,0,0,0,0
13514.24,22,4.09,3378,34,0,0,0,0
45534.54,15,1.56,2429,26,0,0,0,0
7827.9,16,4.7,2084,29,0,0,0,0
14654.9,5,10.15,1427,23,0,0,0,0
5116.55,23,5.19,3429,26,0,0,0,0
20961.1,13,27.61,3303,20,0,0,0,0
2515.14,1,32.23,355,21,0,0,0,0
3700.54,18,2.78,3127,20,0,0,0,0
5498.88,18,31.06,110,25,0,0,0,0
6511.64,1,31.01,3411,22,0,0,0,0
4906.01,1,4.91,2304,25,0,0,0,0
2811.74,14,4.57,2847,28,0,0,0,0
4282.36,1,24.26,3561,32,0,0,0,0
1709.75,10,3.55,1005,26,0,0,0,0
19458.65,19,51.54,1693,28,0,0,0,0
3593.87,13,5.68,1611,24,0,0,0,0
473.86,15,4.48,644,35,0,0,0,0
9061.58,17,12.46,128,28,0,0,0,0
15866.17,4,21.72,947,30,0,0,0,0
2710.07,2,0.52,305,23,0,0,0,0
13413.9,1,1.58,3247,22,0,0,0,0
10341.84,14,2.51,3420,18,0,0,0,0
1278.97,13,0.85,1461,20,0,0,0,0
1247.89,8,21.92,540,24,0,0,0,0
2974.44,9,10.62,3241,30,0,0,0,0
13453.85,0,9.87,1136,20,0,0,0,0
8497.21,19,0.97,416,27,0,0,0,0
16255.82,20,4.11,3187,18,0,0,0,0
4804.35,16,23.18,1362,25,0,0,0,0
7741.99,22,8.05,695,25,0,0,0,0
4422.16,10,5.59,374,30,0,0,0,0
65482.53,20,6.28,2543,23,0,0,0,0
22192.59,3,6.43,646,28,0,0,0,0
6697.55,20,6.53,476,25,0,0,0,0
8708.34,18,5.74,593,26,0,0,0,0
5570.15,14,6.62,3106,24,0,0,0,0
21974.37,2,3.35,3141,21,0,0,0,0
8128.63,7,45.23,1312,33,0,0,0,0
5516.2,9,2.18,3420,17,0,0,0,0
5952.21,14,4.92,2395,26,0,0,0,0
18613.02,11,1.2,2719,29,0,0,0,0
2945.09,8,33.82,1155,26,0,0,0,0
4257.69,16,9.23,995,20,0,0,0,0
6920.57,15,10.61,639,28,0,0,0,0
23829.53,10,69.12,883,31,0,0,0,0
16258.77,15,9.2,3021,23,0,0,0,0
13245.72,18,2.55,3636,23,0,0,0,0
1909.88,3,9.62,1615,20,0,0,0,0
2471.06,0,13.23,63,24,0,0,0,0
10599.82,16,0.13,1368,29,0,0,0,0
3305.55,13,1.27,2640,23,0,0,0,0
5058.05,19,27.63,3519,27,0,0,0,0
6993.91,18,8.08,2262,22,0,0,0,0
1465.32,15,11.26,1521,29,0,0,0,0
2795.54,4,6.81,3125,18,0,0,0,0
9053.64,6,40.52,1643,25,0,0,0,0
1927.81,1,9.07,148,21,0,0,0,0
4227.46,0,4.86,3525,20,0,0,0,0
78546.79,6,3.51,151,31,0,0,0,0
8672.01,9,7.7,1567,31,0,0,0,0
1138.39,5,6.0,3014,26,0,0,0,0
10314.66,11,9.75,2227,19,0,0,0,0
5956.22,9,19.27,136,21,0,0,0,0
18899.34,12,15.46,240,27,0,0,0,0
9733.63,0,20.66,363,27,0,0,0,0
6316.77,8,3.58,2459,31,0,0,0,0
892.86,15,4.97,3283,23,0,0,0,0
9838.98,6,26.4,1802,20,0,0,0,0
3427.6,5,6.97,124,20,0,0,0,0
17534.4,8,6.14,2236,32,0,0,0,0
51501.29,6,9.88,194,29,0,0,0,0
176112.95,7,1.69,1545,22,0,0,0,0
10006.77,8,8.25,1141,16,0,0,0,0
3811.29,23,4.3,654,20,0,0,0,0
6032.46,17,1.64,960,24,0,0,0,0
7248.07,1,24.19,1526,22,0,0,0,0
18449.32,15,19.37,1413,20,0,0,0,0
22703.71,0,1.5,545,22,0,0,0,0
3777.11,12,37.91,2728,23,0,0,0,0
9050.14,13,14.91,1038,33,0,0,0,0
13763.9,9,24.97,1932,35,0,0,0,0
16617.07,15,40.92,1968,17,0,0,0,0
7628.12,23,20.37,76,23,0,0,0,0
6366.24,0,11.53,1195,17,0,0,0,0
29784.44,23,1.02,734,34,0,0,0,0
2979.97,15,25.74,839,26,0,0,0,0
2067.39,22,2.93,1843,30,0,0,0,0
11701.61,9,12.9,1564,22,0,0,0,0
17837.47,19,4.41,3318,28,0,0,0,0
6718.84,8,16.92,2484,21,0,0,0,0
7378.78,6,3.1,1527,17,0,0,0,0
6758.1,22,17.68,2903,30,0,0,0,0
8685.15,18,30.06,1708,31,0,0,0,0
32539.42,7,2.31,1103,27,0,0,0,0
12013.63,16,8.6,341,17,0,0,0,0
15226.79,18,18.37,3364,27,0,0,0,0
3838.31,1,10.65,1494,31,0,0,0,0
2181.53,17,14.18,863,23,0,0,0,0
10437.55,15,2.02,3375,30,0,0,0,0
9688.5,6,24.78,650,26,0,0,0,0
25489.71,2,21.79,3431,27,0,0,0,0
5871.93,10,8.36,2906,23,0,0,0,0
18589.2,18,5.36,1598,23,0,0,0,0
8347.82,8,15.92,3519,27,0,0,0,0
4672.56,18,7.12,279,20,0,0,0,0
1566.83,4,2.66,1483,17,0,0,0,0
21957.38,20,37.68,1959,23,0,0,0,0
42421.35,13,3.36,1655,29,0,0,0,0
4661.44,17,12.52,1251,26,0,0,0,0
13289.18,10,3.74,3007,26,0,0,0,0
4223.42,16,7.65,2347,26,0,0,0,0
4222.42,2,45.0,1139,15,0,0,0,0
27892.99,18,6.73,3038,23,0,0,0,0
29474.3,6,16.29,1492,23,0,0,0,0
1585.52,22,18.87,2462,18,0,0,0,0
9194.07,15,8.14,3506,27,0,0,0,0
17852.87,0,10.25,1837,14,0,0,0,0
3560.94,3,16.6,1780,23,0,0,0,0
9418.15,16,3.35,955,27,0,0,0,0
4874.92,7,14.72,565,21,0,0,0,0
3269.01,21,1.31,3107,23,0,0,0,0
12965.46,7,4.6,2407,26,0,0,0,0
5414.98,2,44.57,2628,29,0,0,0,0
1984.62,15,2.09,1641,16,0,0,0,0
8496.41,19,14.46,3122,29,0,0,0,0
11367.3,6,4.35,1120,18,0,0,0,0
11312.48,7,8.24,739,18,0,0,0,0
2387.19,1,4.81,1250,30,0,0,0,0
39729.09,19,6.43,1448,30,0,0,0,0
67830.78,18,6.42,1153,26,0,0,0,0
3984.67,15,71.5,3342,26,0,0,0,0
5514.06,13,1.39,1498,23,0,0,0,0
4602.82,4,19.78,264,29,0,0,0,0
3218.81,17,26.43,228,35,0,0,0,0
10135.38,19,0.24,2628,29,0,0,0,0
10399.87,19,50.77,953,18,0,0,0,0
24313.25,18,35.45,3570,30,0,0,0,0
7338.02,21,0.29,1053,33,0,0,0,0
3090.97,16,2.87,1782,24,0,0,0,0
4752.37,6,6.77,2927,27,0,0,0,0
11608.3,9,8.33,2107,22,0,0,0,0
1110.35,21,33.61,2742,23,0,0,0,0
10924.39,14,21.57,790,20,0,0,0,0
18866.78,23,4.38,554,35,0,0,0,0
3235.29,14,9.4,2302,30,0,0,0,0
5647.87,12,42.32,3646,33,0,0,0,0
2277.13,22,20.05,3102,14,0,0,0,0
32355.27,15,19.44,3225,20,0,0,0,0
9713.3,14,9.81,3189,28,0,0,0,0
6856.02,8,12.69,1700,22,0,0,0,0
35743.23,18,38.26,394,29,0,0,0,0
4690.62,5,5.11,2285,34,0,0,0,0
992.25,16,10.57,1509,23,0,0,0,0
33088.29,12,30.37,2889,23,0,0,0,0
5945.88,16,12.03,2558,24,0,0,0,0
37169.31,20,8.01,58,23,0,0,0,0
11703.23,16,4.04,1011,25,0,0,0,0
12531.18,21,20.82,179,24,0,0,0,0
41299.91,9,16.49,306,28,0,0,0,0
4243.16,10,31.02,92,22,0,0,0,0
10587.11,16,14.62,3122,31,0,0,0,0
3500.95,23,41.81,598,26,0,0,0,0
14637.61,5,5.76,387,15,0,0,0,0
14509.68,1,11.37,3441,29,0,0,0,0
31431.72,7,2.65,1018,27,0,0,0,0
11057.98,19,8.43,2362,25,0,0,0,0
15345.73,21,22.86,1206,19,0,0,0,0
9288.53,14,7.04,1578,30,0,0,0,0
4246.17,19,1.2,1931,33,0,0,0,0
3208.69,6,11.65,464,23,0,0,0,0
6590.53,18,21.79,2689,24,0,0,0,0
9168.67,6,9.27,1545,27,0,0,0,0
3042.03,8,9.51,484,24,0,0,0,0
3442.37,21,20.13,3216,23,0,0,0,0
12806.22,6,18.41,772,30,0,0,0,0
9480.32,6,2.27,1651,27,0,0,0,0
12723.75,9,1.26,636,24,0,0,0,0
3024.38,5,13.12,149,25,0,0,0,0
6609.92,18,12.86,2874,24,0,0,0,0
6310.39,8,9.5,3340,20,0,0,0,0
13371.01,4,20.04,2038,24,0,0,0,0
15374.72,18,15.4,2657,30,0,0,0,0
28921.87,11,25.05,1903,27,0,0,0,0
2134.47,17,87.7,3399,31,0,0,0,0
3805.7,6,6.13,501,25,0,0,0,0
6295.85,10,3.07,3111,19,0,0,0,0
8986.14,13,8.12,2195,29,0,0,0,0
24998.35,7,5.24,1522,22,0,0,0,0
14065.57,9,21.01,2061,24,0,0,0,0
9804.88,6,6.12,3347,29,0,0,0,0
14301.26,13,4.61,3502,22,0,0,0,0
