transaction_id,transaction_amount,transaction_hour,distance_from_home_km,account_age_days,previous_transactions,country,device_type,merchant_category,payment_method
TXN100000,13315.9,7,15.35,791,29,Nigeria,Desktop,Fuel,Digital Wallet
TXN100001,7056.72,0,0.93,2846,34,Nigeria,Mobile,Healthcare,Bank Transfer
TXN100002,15485.95,23,29.5,1128,26,Nigeria,Mobile,Online Services,Bank Transfer
TXN100003,37161.55,21,0.25,2421,24,Nigeria,Desktop,Travel,Card
TXN100004,6411.49,3,39.35,1767,20,Nigeria,Mobile,Grocery,Bank Transfer
TXN100005,6411.59,11,7.45,2219,32,Nigeria,Desktop,Clothing,Digital Wallet
TXN100006,39309.16,23,6.39,2795,27,Nigeria,Mobile,Healthcare,Bank Transfer
TXN100007,17455.93,2,3.56,1252,24,Nigeria,Desktop,Restaurant,Card
TXN100008,5067.11,12,0.12,1972,34,Nigeria,Mobile,Clothing,Card
TXN100009,13940.59,19,3.86,3272,19,Nigeria,Mobile,Fuel,Card
TXN100010,5097.89,5,1.39,2483,36,Nigeria,Mobile,Healthcare,Card
TXN100011,5086.12,10,12.94,257,25,Nigeria,Mobile,Online Services,Card
TXN100012,,22,4.61,440,24,Nigeria,Mobile,Grocery,Card
TXN100013,1195.98,3,17.49,3029,30,Nigeria,Mobile,Online Services,Card
TXN100014,1443.87,19,2.78,2975,31,Nigeria,Desktop,Healthcare,Card
TXN100015,4617.98,15,27.66,720,24,Nigeria,Mobile,Electronics,Digital Wallet
TXN100016,2942.95,6,8.88,907,23,Kenya,Mobile,Fuel,Bank Transfer
TXN100017,11094.97,21,1.46,816,34,Nigeria,Mobile,Online Services,Bank Transfer
TXN100018,3268.14,10,6.15,2139,23,Nigeria,Tablet,Travel,Bank Transfer
TXN100019,1973.76,23,2.78,1380,27,Nigeria,Tablet,Travel,Card
TXN100020,35089.2,0,2.67,1769,26,Nigeria,Mobile,Fuel,Mobile Money
TXN100021,6465.42,6,8.47,2016,29,Nigeria,Mobile,Grocery,Digital Wallet
TXN100022,8669.17,11,13.37,908,27,United States,Mobile,Online Services,Card
TXN100023,1949.35,6,29.11,3234,26,United Kingdom,Mobile,Travel,Card
TXN100024,4701.41,22,8.37,1637,24,Nigeria,Mobile,Travel,Bank Transfer
TXN100025,9053.64,6,40.52,1643,25,Ghana,Mobile,Online Services,Card
TXN100026,2563.19,9,34.09,3290,22,Nigeria,Mobile,Clothing,Digital Wallet
TXN100027,11798.15,15,24.04,2433,27,Nigeria,Mobile,Grocery,Bank Transfer
TXN100028,4444.23,7,8.32,100,23,Kenya,Mobile,Fuel,Card
TXN100029,6052.98,8,1.82,2340,21,Nigeria,Mobile,Healthcare,Card
TXN100030,4439.48,8,2.95,335,21,Nigeria,Desktop,Clothing,Bank Transfer
TXN100031,51651.69,1,12.52,2635,29,Ghana,Desktop,Healthcare,Card
TXN100032,7994.45,12,6.57,3325,20,Ghana,Desktop,Travel,Digital Wallet
TXN100033,2813.79,12,1.91,3429,22,United States,Mobile,Fuel,Card
TXN100034,18444.93,22,7.82,791,18,South Africa,Mobile,Fuel,Digital Wallet
TXN100035,2390.26,22,0.21,617,16,,Mobile,Online Services,Card
TXN100036,9985.24,3,15.89,2151,24,Nigeria,Mobile,Fuel,Mobile Money
TXN100037,1141.76,23,0.92,3612,13,Nigeria,Mobile,Restaurant,Card
TXN100038,2146.97,11,11.9,2219,29,South Africa,Desktop,Online Services,Card
TXN100039,9866.11,16,18.9,1638,28,United States,Tablet,Restaurant,Bank Transfer
TXN100040,16957.52,1,1.71,131,24,Nigeria,Desktop,Clothing,Card
TXN100041,9617.78,12,8.77,1659,36,United States,Desktop,Electronics,Card
TXN100042,7218.13,17,18.12,1634,25,Nigeria,Mobile,Online Services,Card
TXN100043,5996.29,14,3.62,3166,27,Nigeria,Desktop,Electronics,Bank Transfer
TXN100044,,7,2.13,222,27,Nigeria,Tablet,Grocery,Bank Transfer
TXN100045,3944.81,14,4.93,3030,29,Nigeria,Mobile,Restaurant,Mobile Money
TXN100046,5112.08,0,9.71,1115,24,South Africa,Mobile,Healthcare,Card
TXN100047,23321.3,19,10.28,3633,24,Nigeria,Mobile,Fuel,Card
TXN100048,11425.67,9,1.68,3342,25,United Kingdom,Mobile,Restaurant,Card
TXN100049,1389.86,11,7.34,2487,21,Nigeria,Mobile,Clothing,Digital Wallet
TXN100050,11204.65,4,3.75,329,23,Nigeria,Tablet,Fuel,Digital Wallet
TXN100051,5513.29,8,22.14,3296,16,South Africa,Mobile,Online Services,Bank Transfer
TXN100052,4117.82,22,4.52,483,22,Nigeria,Desktop,Travel,Digital Wallet
TXN100053,14938.19,7,21.89,2651,26,South Africa,Mobile,Grocery,Mobile Money
TXN100054,22719.97,15,6.72,648,20,Nigeria,Mobile,Clothing,Card
TXN100055,20563.65,13,15.56,666,25,Nigeria,Mobile,Electronics,Card
TXN100056,3500.92,12,8.56,2378,27,Ghana,Desktop,Online Services,Card
TXN100057,5947.87,22,11.67,808,25,United Kingdom,Mobile,Travel,Card
TXN100058,11285.38,20,6.04,1509,25,Ghana,Tablet,Fuel,Bank Transfer
TXN100059,21494.34,12,17.54,3066,28,Ghana,Desktop,Grocery,Bank Transfer
TXN100060,5018.2,4,6.64,2279,26,South Africa,Desktop,Online Services,Bank Transfer
TXN100061,6730.07,15,7.34,2751,28,Nigeria,Tablet,Travel,Card
TXN100062,2680.25,10,8.75,2379,27,United Kingdom,Tablet,Electronics,Mobile Money
TXN100063,2449.88,21,21.39,2074,25,Nigeria,Mobile,Clothing,Card
TXN100064,18261.05,4,12.92,1677,28,Nigeria,Desktop,Clothing,Bank Transfer
TXN100065,31452.7,12,5.15,366,28,Nigeria,Mobile,Restaurant,Digital Wallet
TXN100066,7540.09,10,13.32,2109,22,Nigeria,Mobile,Online Services,Card
TXN100067,22104.42,18,12.34,2024,33,Nigeria,Mobile,Fuel,Card
TXN100068,11633.41,2,32.09,3199,15,Nigeria,Mobile,Healthcare,Bank Transfer
TXN100069,4250.88,14,22.1,2037,18,Nigeria,Mobile,Clothing,Digital Wallet
TXN100070,11630.61,6,12.51,1812,27,Kenya,Mobile,Restaurant,Card
TXN100071,37723.43,6,5.01,2850,30,Ghana,Desktop,Clothing,Mobile Money
TXN100072,7817.92,5,18.15,3292,23,Ghana,Mobile,Grocery,Digital Wallet
TXN100073,38740.61,2,10.27,3642,24,Nigeria,Mobile,Online Services,Card
TXN100074,590.08,12,50.61,1101,29,South Africa,Desktop,Fuel,Card
TXN100075,18433.09,6,3.41,2061,32,Nigeria,Mobile,Electronics,Bank Transfer
TXN100076,8840.04,4,1.0,1303,19,Ghana,Mobile,Online Services,Card
TXN100077,6008.87,22,0.87,1279,31,Nigeria,Tablet,Online Services,Card
TXN100078,8881.81,17,12.26,1325,22,Nigeria,Mobile,Travel,Digital Wallet
TXN100079,1110.35,21,33.61,2742,23,Nigeria,Mobile,Electronics,Bank Transfer
TXN100080,6505.01,7,0.02,3586,21,South Africa,Desktop,Electronics,Card
TXN100081,11580.9,16,15.53,357,33,United Kingdom,Mobile,Restaurant,Card
TXN100082,35521.52,19,12.84,826,20,South Africa,Mobile,Restaurant,Bank Transfer
TXN100083,4825.79,0,15.81,1233,19,Nigeria,Desktop,Grocery,Bank Transfer
TXN100084,3610.16,13,5.27,2891,26,Nigeria,Mobile,Travel,Bank Transfer
TXN100085,4906.14,16,20.61,694,25,United States,Mobile,Clothing,Mobile Money
TXN100086,20239.72,9,0.55,2823,20,Nigeria,Mobile,Clothing,Bank Transfer
TXN100087,11257.06,11,16.9,3124,27,United States,Desktop,Electronics,Digital Wallet
TXN100088,4770.66,15,3.73,3007,28,Nigeria,Desktop,Healthcare,Digital Wallet
TXN100089,13538.16,13,7.77,992,22,United States,Desktop,Online Services,Card
TXN100090,8929.16,15,20.75,1659,24,United States,Mobile,Grocery,Card
TXN100091,21346.54,7,3.8,1423,23,Kenya,Desktop,Online Services,Card
TXN100092,4015.62,22,2.46,1298,18,Nigeria,Desktop,Travel,Card
TXN100093,5839.13,9,13.72,1213,29,Nigeria,Mobile,Clothing,Card
TXN100094,5474.7,16,9.15,402,26,United States,Tablet,Electronics,Card
TXN100095,1875.23,17,8.67,314,18,United Kingdom,Desktop,Grocery,Card
TXN100096,10895.66,19,3.56,2598,28,Nigeria,Mobile,Travel,Card
TXN100097,10520.23,15,0.43,3551,18,Nigeria,Desktop,Online Services,Card
TXN100098,8144.62,16,6.34,2774,27,United Kingdom,Desktop,Electronics,Card
TXN100099,6408.71,15,1.35,836,23,Ghana,Mobile,Electronics,Bank Transfer
TXN100100,1967.72,18,28.37,676,19,United Kingdom,Desktop,Fuel,Card
TXN100101,5320.67,23,0.51,1634,23,United Kingdom,Desktop,Online Services,Digital Wallet
TXN100102,5751.9,23,6.78,2213,28,United Kingdom,Desktop,Grocery,Card
TXN100103,3632.67,7,0.64,125,22,Nigeria,Mobile,Grocery,Digital Wallet
TXN100104,6896.12,5,1.21,3220,31,Nigeria,Mobile,Grocery,Card
TXN100105,12137.45,5,12.91,3475,23,Nigeria,Mobile,Grocery,Bank Transfer
TXN100106,53433.11,20,12.5,303,16,United States,Desktop,Travel,Card
TXN100107,9648.69,8,0.4,2955,24,Nigeria,Mobile,Grocery,Mobile Money
TXN100108,10483.42,3,0.01,2927,21,Nigeria,Mobile,Grocery,Card
TXN100109,7521.75,11,0.99,1230,18,Nigeria,Mobile,Healthcare,Digital Wallet
TXN100110,1189.43,11,17.28,1802,21,Nigeria,Mobile,Grocery,Card
TXN100111,7891.06,22,10.54,813,33,South Africa,Desktop,Fuel,Card
TXN100112,8606.13,16,0.47,1330,23,South Africa,Desktop,Healthcare,Bank Transfer
TXN100113,95153.07,14,8.04,3239,33,Kenya,Mobile,Healthcare,Mobile Money
TXN100114,6685.12,8,14.94,161,24,Nigeria,Mobile,Travel,Digital Wallet
TXN100115,10954.96,6,24.39,3145,22,United States,Mobile,Clothing,Card
TXN100116,7826.64,9,32.62,3224,21,Nigeria,Mobile,Electronics,Mobile Money
TXN100117,2518.26,15,4.76,3237,37,Ghana,Desktop,Restaurant,Mobile Money
TXN100118,25408.09,11,1.75,1420,20,Nigeria,Mobile,Online Services,Bank Transfer
TXN100119,17187.42,6,3.24,2450,22,Nigeria,Mobile,Fuel,Bank Transfer
TXN100120,17872.74,17,17.96,1179,32,Nigeria,Desktop,Electronics,Card
TXN100121,3263.69,14,42.69,3540,15,Ghana,Tablet,Travel,Card
TXN100122,32951.57,5,7.54,1840,27,Ghana,Tablet,Online Services,Mobile Money
TXN100123,1994.5,11,4.37,2060,25,Nigeria,Tablet,Grocery,Bank Transfer
TXN100124,14572.0,10,6.73,837,31,Nigeria,Desktop,Travel,Digital Wallet
TXN100125,72435.78,19,4.36,773,30,United Kingdom,Desktop,Fuel,Mobile Money
TXN100126,3009.3,2,3.56,80,28,Nigeria,Desktop,Fuel,Digital Wallet
TXN100127,4599.5,1,10.81,3238,18,Nigeria,Desktop,Clothing,Card
TXN100128,8952.17,5,0.19,1211,20,Nigeria,Tablet,Restaurant,Card
TXN100129,4897.72,23,3.61,85,23,United Kingdom,Mobile,Clothing,Card
TXN100130,1718.72,21,12.99,773,21,Nigeria,Mobile,Healthcare,Digital Wallet
TXN100131,8678.14,4,0.39,2505,24,United States,Mobile,Grocery,Card
TXN100132,2800.9,17,1.04,472,14,Nigeria,Desktop,Travel,Card
TXN100133,13011.55,15,4.17,1964,30,Nigeria,Desktop,Healthcare,Card
TXN100134,3231.09,7,25.23,2403,31,Nigeria,Desktop,Healthcare,Card
TXN100135,38174.93,19,17.37,2717,39,Kenya,Mobile,Travel,Card
TXN100136,3702.44,21,0.27,1691,25,Nigeria,Mobile,Grocery,Card
TXN100137,5871.93,10,8.36,2906,23,Ghana,Tablet,Grocery,Card
TXN100138,18279.17,9,3.85,109,27,Nigeria,Mobile,Restaurant,Digital Wallet
TXN100139,2366.43,23,12.55,2551,26,,Mobile,Clothing,Bank Transfer
TXN100140,10172.67,11,15.34,406,24,United Kingdom,Desktop,Grocery,Mobile Money
TXN100141,29945.75,20,23.84,2996,35,South Africa,Mobile,Grocery,Bank Transfer
TXN100142,1623.79,5,7.74,2410,22,Nigeria,Mobile,Clothing,Mobile Money
TXN100143,9746.21,19,62.33,3276,30,Ghana,Mobile,Grocery,Digital Wallet
TXN100144,10507.9,4,46.94,470,16,Ghana,Mobile,Online Services,Digital Wallet
TXN100145,17708.9,22,25.66,155,25,Nigeria,Mobile,Restaurant,Card
TXN100146,2352.07,8,10.26,1747,36,Nigeria,Mobile,Restaurant,Digital Wallet
TXN100147,2163.63,15,6.09,248,29,Nigeria,Mobile,Fuel,Card
TXN100148,13656.1,21,5.44,977,21,Nigeria,Mobile,Clothing,Card
TXN100149,10905.09,13,0.15,307,25,South Africa,Desktop,Fuel,Card
TXN100150,10409.69,21,3.44,3586,22,Nigeria,Mobile,Electronics,Bank Transfer
TXN100151,11458.05,7,15.22,624,25,Nigeria,Mobile,Restaurant,Bank Transfer
TXN100152,4105.06,19,11.1,964,20,Nigeria,Mobile,Travel,Card
TXN100153,10221.55,18,29.78,2048,22,United States,Mobile,Travel,Mobile Money
TXN100154,10862.51,13,0.62,170,29,South Africa,Mobile,Electronics,Card
TXN100155,3966.54,6,2.02,2923,23,Nigeria,Mobile,Restaurant,Card
TXN100156,52353.52,4,18.68,3085,35,Nigeria,Tablet,Fuel,Card
TXN100157,13014.68,17,5.33,1660,19,Nigeria,Tablet,Grocery,Bank Transfer
TXN100158,2461.92,1,1.51,906,25,Ghana,Mobile,Online Services,Card
TXN100159,15623.85,10,67.69,1759,15,Nigeria,Mobile,Electronics,Card
TXN100160,3057.39,21,18.57,139,33,United States,Mobile,Grocery,Digital Wallet
TXN100161,17802.33,7,6.31,1105,25,Nigeria,Mobile,Online Services,Digital Wallet
TXN100162,25812.02,0,20.8,2690,23,Ghana,Desktop,Healthcare,Card
TXN100163,3566.42,21,13.7,2790,26,Kenya,Mobile,Travel,Bank Transfer
TXN100164,21234.36,11,18.73,2023,19,United Kingdom,Desktop,Healthcare,Card
TXN100165,12243.87,1,20.26,3420,18,Nigeria,Tablet,Healthcare,Bank Transfer
TXN100166,18435.99,17,1.06,1252,23,Kenya,Mobile,Online Services,Bank Transfer
TXN100167,54002.9,6,11.71,825,26,Nigeria,Mobile,Electronics,Card
TXN100168,6339.86,16,0.08,2059,23,Nigeria,Mobile,Restaurant,Card
TXN100169,3813.35,21,0.53,758,19,United Kingdom,Mobile,Healthcare,Card
TXN100170,3329.19,22,28.12,3147,23,United States,Tablet,Travel,Bank Transfer
TXN100171,3583.84,13,9.0,2582,29,Kenya,Mobile,Restaurant,Digital Wallet
TXN100172,7501.8,23,15.98,3641,26,Nigeria,Mobile,Grocery,Digital Wallet
TXN100173,11397.53,6,21.88,1567,27,United Kingdom,Desktop,Restaurant,Digital Wallet
TXN100174,10686.01,21,35.85,1070,27,Nigeria,Mobile,Online Services,Digital Wallet
TXN100175,18530.68,2,24.42,344,27,Nigeria,Mobile,Electronics,Card
TXN100176,8209.13,5,7.92,3537,23,Kenya,Mobile,Grocery,Mobile Money
TXN100177,34666.67,19,4.91,3489,24,Nigeria,Desktop,Electronics,Card
TXN100178,6218.87,1,2.01,106,24,United States,Mobile,Online Services,Digital Wallet
TXN100179,123028.24,16,6.14,3055,29,Nigeria,Desktop,Grocery,Mobile Money
TXN100180,15148.66,11,5.48,2976,16,Nigeria,Mobile,Fuel,Card
TXN100181,3438.68,11,9.84,3472,32,Kenya,Mobile,Fuel,Bank Transfer
TXN100182,2776.95,16,13.14,3266,21,South Africa,Mobile,Electronics,Card
TXN100183,13127.6,9,45.98,1670,24,Nigeria,Tablet,Travel,Card
TXN100184,6480.4,2,15.64,3125,26,Nigeria,Mobile,Fuel,Digital Wallet
TXN100185,16547.67,19,12.39,741,31,South Africa,Mobile,Electronics,Digital Wallet
TXN100186,13006.93,17,4.9,3136,24,Nigeria,Tablet,Travel,Card
TXN100187,7533.92,12,0.42,1567,26,Nigeria,Tablet,Online Services,Card
TXN100188,3474.5,11,4.08,1897,26,Ghana,Desktop,Clothing,Card
TXN100189,1781.4,16,17.56,883,24,Nigeria,Mobile,Restaurant,Digital Wallet
TXN100190,5184.79,3,2.76,3562,24,United States,Mobile,Fuel,Digital Wallet
TXN100191,19080.05,22,14.95,1191,28,Ghana,Mobile,Grocery,Bank Transfer
TXN100192,10037.6,9,10.4,1627,29,United States,Desktop,Restaurant,Bank Transfer
TXN100193,2331.49,10,2.26,2786,24,Nigeria,Mobile,Online Services,Mobile Money
TXN100194,9635.22,5,3.64,1942,28,United States,Mobile,Travel,Card
TXN100195,11912.19,5,8.23,294,22,Nigeria,Mobile,Fuel,Digital Wallet
TXN100196,3348.08,8,6.5,362,28,Nigeria,Mobile,Healthcare,Bank Transfer
TXN100197,9449.58,14,18.09,2265,29,Nigeria,Desktop,Travel,Card
TXN100198,8588.75,1,15.91,1116,28,Nigeria,Desktop,Travel,Card
TXN100199,2583.83,3,10.26,849,27,Nigeria,Desktop,Electronics,Bank Transfer
TXN100200,11588.72,4,20.73,1332,25,Nigeria,Mobile,Restaurant,Card
TXN100201,14196.98,16,9.92,1595,32,Nigeria,Desktop,Healthcare,Bank Transfer
TXN100202,23933.9,7,40.02,1224,23,Nigeria,Mobile,Fuel,Digital Wallet
TXN100203,23243.99,7,2.94,1556,26,Ghana,Mobile,Travel,Mobile Money
TXN100204,2043.32,21,15.03,3634,30,Nigeria,Mobile,Clothing,Bank Transfer
TXN100205,3172.18,11,5.54,328,25,South Africa,Mobile,Online Services,Bank Transfer
TXN100206,13562.11,20,3.92,2278,22,Ghana,Mobile,Travel,Card
TXN100207,13545.18,7,2.39,1188,25,United States,Mobile,Fuel,Bank Transfer
TXN100208,13562.28,18,9.65,301,24,Nigeria,Tablet,Healthcare,Card
TXN100209,381830.28,2,2.91,564,31,United States,Tablet,Restaurant,Digital Wallet
TXN100210,14341.18,17,2.68,3543,25,Ghana,Mobile,Travel,Digital Wallet
TXN100211,25224.36,20,55.92,3188,28,United States,Mobile,Travel,Card
TXN100212,21036.24,18,19.42,2108,24,Nigeria,Mobile,Grocery,Mobile Money
TXN100213,15543.4,18,16.55,1174,29,Kenya,Mobile,Travel,Mobile Money
TXN100214,5911.95,14,18.96,98,26,United Kingdom,Mobile,Restaurant,Digital Wallet
TXN100215,17308.78,5,41.66,2960,24,Nigeria,Mobile,Online Services,Bank Transfer
TXN100216,3741.25,15,10.22,3038,31,Ghana,Desktop,Grocery,Mobile Money
TXN100217,6394.42,7,2.99,856,31,South Africa,Mobile,Grocery,Bank Transfer
TXN100218,4987.23,15,23.78,3597,19,Ghana,Mobile,Travel,Card
TXN100219,8794.43,17,16.29,3001,30,Nigeria,Desktop,Travel,Card
TXN100220,82015.09,19,6.42,1199,18,Kenya,Desktop,Clothing,Card
TXN100221,1252.3,15,7.7,1013,32,Nigeria,Mobile,Fuel,Card
TXN100222,16094.94,10,6.36,3434,24,United Kingdom,Mobile,Fuel,Card
TXN100223,1615.31,6,31.9,510,26,Nigeria,Tablet,Restaurant,Mobile Money
TXN100224,5054.67,16,5.05,3364,20,Nigeria,Desktop,Online Services,Mobile Money
TXN100225,24075.51,16,39.72,2370,27,Nigeria,Mobile,Fuel,Digital Wallet
TXN100226,8641.06,11,28.93,2045,27,Ghana,Mobile,Restaurant,Card
TXN100227,2757.98,12,11.95,1482,15,United States,Mobile,Healthcare,Digital Wallet
TXN100228,3962.76,9,10.4,2163,22,Nigeria,Mobile,Healthcare,Bank Transfer
TXN100229,15988.06,6,5.55,1069,30,Nigeria,Mobile,Electronics,Bank Transfer
TXN100230,3903.52,13,0.22,2805,23,Nigeria,Mobile,Online Services,Bank Transfer
TXN100231,10061.37,22,1.64,657,23,United Kingdom,Desktop,Electronics,Mobile Money
TXN100232,8480.9,0,16.84,147,18,Nigeria,Mobile,Restaurant,Card
TXN100233,4223.42,16,7.65,2347,26,Nigeria,Mobile,Travel,Mobile Money
TXN100234,69143.83,3,1.95,3496,21,Ghana,Mobile,Grocery,Mobile Money
TXN100235,15274.18,20,3.68,3056,16,Nigeria,Mobile,Clothing,Digital Wallet
TXN100236,1069.4,4,35.44,2932,19,Nigeria,Mobile,Healthcare,Digital Wallet
TXN100237,9763.97,19,5.49,191,23,Nigeria,Mobile,Travel,Bank Transfer
TXN100238,4180.61,23,28.59,2777,18,South Africa,Desktop,Online Services,Mobile Money
TXN100239,19004.54,22,4.36,3205,24,United States,Mobile,Healthcare,Digital Wallet
TXN100240,3668.28,6,9.4,1706,25,South Africa,Desktop,Online Services,Digital Wallet
TXN100241,7224.72,9,0.25,196,21,Nigeria,Desktop,Grocery,Mobile Money
TXN100242,13426.52,16,8.85,329,24,Nigeria,Mobile,Online Services,Mobile Money
TXN100243,19259.41,6,12.16,2105,28,Nigeria,Desktop,Restaurant,Card
TXN100244,2439.88,0,3.2,3525,29,South Africa,Tablet,Fuel,Mobile Money
TXN100245,5799.34,6,10.38,591,23,Ghana,Mobile,Online Services,Card
TXN100246,5039.46,23,12.5,2960,24,United Kingdom,Tablet,Travel,Bank Transfer
TXN100247,4216.12,10,13.93,2233,25,Nigeria,Mobile,Online Services,Card
TXN100248,47356.26,8,17.97,1377,24,South Africa,Mobile,Clothing,Card
TXN100249,12148.75,11,4.48,3449,23,Kenya,Mobile,Fuel,Card
TXN100250,2296.44,2,10.07,1174,21,Nigeria,Desktop,Online Services,Digital Wallet
TXN100251,20289.56,3,47.93,2729,23,Kenya,Mobile,Fuel,Mobile Money
TXN100252,67653.62,3,27.41,1581,28,United States,Desktop,Electronics,Bank Transfer
TXN100253,22753.3,12,36.61,2898,14,United States,Desktop,Grocery,Bank Transfer
TXN100254,1773.36,22,5.86,590,28,Kenya,Mobile,Travel,Digital Wallet
TXN100255,4992.87,18,18.55,1217,27,Nigeria,Mobile,Clothing,Card
TXN100256,28764.9,9,11.61,3163,24,United Kingdom,Mobile,Travel,Bank Transfer
TXN100257,3993.13,4,1.04,3441,22,Kenya,Mobile,Restaurant,Bank Transfer
TXN100258,12629.86,6,20.85,1719,28,Nigeria,Desktop,Grocery,Digital Wallet
TXN100259,17582.05,23,13.56,341,22,Nigeria,Mobile,Healthcare,Card
TXN100260,3206.93,15,2.66,2453,28,Nigeria,Mobile,Restaurant,Digital Wallet
TXN100261,7634.82,0,1.0,1399,30,Nigeria,Mobile,Healthcare,Card
TXN100262,316.95,11,21.77,2227,28,South Africa,Desktop,Online Services,Card
TXN100263,2909.14,1,0.99,1941,20,Nigeria,Mobile,Restaurant,Card
TXN100264,6294.5,6,1.15,2662,20,Nigeria,Tablet,Online Services,Card
TXN100265,2326.72,10,6.69,610,21,Nigeria,Desktop,Electronics,Bank Transfer
TXN100266,41456.97,12,1.74,1006,27,Nigeria,Desktop,Restaurant,Bank Transfer
TXN100267,1938.87,1,29.39,206,32,Nigeria,Mobile,Healthcare,Card
TXN100268,5218.45,6,7.62,2431,12,Nigeria,Mobile,Clothing,Bank Transfer
TXN100269,9234.86,14,10.1,543,22,Nigeria,Mobile,Healthcare,Mobile Money
TXN100270,34244.23,10,31.59,2386,23,Kenya,Mobile,Grocery,Mobile Money
TXN100271,1927.81,1,9.07,148,21,Nigeria,Desktop,Electronics,Mobile Money
TXN100272,25930.2,6,5.24,1572,26,Ghana,Mobile,Fuel,Digital Wallet
TXN100273,8186.43,3,19.14,796,29,Nigeria,Mobile,Travel,Bank Transfer
TXN100274,3036.59,10,7.02,3073,28,Nigeria,Mobile,Restaurant,Card
TXN100275,12862.91,1,4.6,1002,32,Nigeria,Mobile,Travel,Card
TXN100276,9887.83,15,15.41,945,13,Nigeria,Mobile,Electronics,Card
TXN100277,4446.1,6,19.41,2555,26,Nigeria,Mobile,Travel,Bank Transfer
TXN100278,8688.9,12,18.83,1467,26,Nigeria,Desktop,Clothing,Digital Wallet
TXN100279,5512.02,4,45.62,616,22,Nigeria,Mobile,Electronics,Mobile Money
TXN100280,9077.17,16,18.54,380,28,South Africa,Mobile,Grocery,Card
TXN100281,15711.22,20,17.63,1559,27,Nigeria,Mobile,Grocery,Bank Transfer
TXN100282,39577.53,11,23.38,2272,17,United Kingdom,Mobile,Healthcare,Bank Transfer
TXN100283,2350.03,18,0.0,3288,23,United Kingdom,Desktop,Fuel,Digital Wallet
TXN100284,68393.52,6,5.4,1503,19,South Africa,Desktop,Grocery,Card
TXN100285,1150.45,5,16.05,525,30,Nigeria,Mobile,Grocery,Bank Transfer
TXN100286,6961.95,7,10.99,2592,20,United Kingdom,Mobile,Electronics,Digital Wallet
TXN100287,14593.29,12,2.35,2773,29,Nigeria,Mobile,Electronics,Digital Wallet
TXN100288,10732.07,4,4.34,1900,17,Nigeria,Desktop,Online Services,Card
TXN100289,4347.26,1,4.93,302,22,Nigeria,Desktop,Electronics,Card
TXN100290,6580.58,8,10.07,2957,19,United States,Mobile,Restaurant,Bank Transfer
TXN100291,4949.29,10,21.38,2129,26,Nigeria,Tablet,Online Services,Digital Wallet
TXN100292,4494.61,23,32.35,292,22,United States,Mobile,Healthcare,Card
TXN100293,18950.81,5,16.64,3469,17,Nigeria,Desktop,Healthcare,Digital Wallet
TXN100294,11579.78,6,22.21,2210,18,United Kingdom,Tablet,Electronics,Card
TXN100295,4052.5,6,7.62,3071,19,United Kingdom,Mobile,Electronics,Bank Transfer
TXN100296,,18,5.93,3326,28,United States,Mobile,Fuel,Mobile Money
TXN100297,11018.15,5,5.98,2387,31,Nigeria,Desktop,Electronics,Card
TXN100298,18267.2,10,11.49,1626,19,United Kingdom,Mobile,Grocery,Card
TXN100299,15208.79,10,1.59,2093,29,United States,Desktop,Clothing,Bank Transfer
TXN100300,3536.9,6,10.4,1794,24,Nigeria,Mobile,Healthcare,Mobile Money
TXN100301,4627.72,1,13.13,224,26,Nigeria,Desktop,Grocery,Card
TXN100302,17107.87,18,6.93,1816,27,Kenya,Mobile,Online Services,Bank Transfer
TXN100303,14918.69,3,36.73,1496,17,Nigeria,Mobile,Fuel,Bank Transfer
TXN100304,7935.47,5,11.24,2380,19,South Africa,Desktop,Clothing,Bank Transfer
TXN100305,9111.82,16,2.98,1101,27,Nigeria,Desktop,Fuel,Digital Wallet
TXN100306,29075.9,4,7.83,1800,28,Nigeria,Mobile,Clothing,Bank Transfer
TXN100307,4484.71,6,13.5,1174,19,Nigeria,Mobile,Fuel,Bank Transfer
TXN100308,14003.99,8,4.69,1552,36,Nigeria,Desktop,Clothing,Bank Transfer
TXN100309,6619.71,0,1.0,861,17,Nigeria,Desktop,Fuel,Mobile Money
TXN100310,6517.97,0,10.51,591,31,United Kingdom,Desktop,Online Services,Card
TXN100311,24313.25,18,35.45,3570,30,Nigeria,Mobile,Online Services,Digital Wallet
TXN100312,18497.97,5,7.96,70,34,South Africa,Mobile,Grocery,Card
TXN100313,18279.03,17,28.39,1509,23,South Africa,Desktop,Restaurant,Bank Transfer
TXN100314,29895.97,9,21.62,2611,31,Nigeria,Desktop,Fuel,Bank Transfer
TXN100315,8275.08,10,1.91,400,19,Nigeria,Mobile,Travel,Card
TXN100316,16025.76,0,14.78,1235,27,Nigeria,Mobile,Healthcare,Card
TXN100317,5941.6,0,6.86,2594,24,Nigeria,Mobile,Restaurant,Card
TXN100318,11205.57,12,3.46,686,25,Nigeria,Desktop,Grocery,Card
TXN100319,7114.26,4,13.94,619,25,Nigeria,Desktop,Clothing,Digital Wallet
TXN100320,8928.43,19,16.29,260,23,United States,Desktop,Travel,Digital Wallet
TXN100321,14693.45,0,2.38,838,24,,Mobile,Restaurant,Card
TXN100322,3575.21,19,29.5,1401,28,Ghana,Mobile,Fuel,Card
TXN100323,65669.33,2,16.69,508,21,United States,Desktop,Online Services,Digital Wallet
TXN100324,2963.07,17,32.5,1262,29,United Kingdom,Mobile,Fuel,Card
TXN100325,2406.22,8,4.58,2752,21,United Kingdom,Mobile,Online Services,Digital Wallet
TXN100326,25799.51,13,33.63,2355,26,United Kingdom,Mobile,Electronics,Card
TXN100327,17884.02,16,5.52,1802,17,Nigeria,Tablet,Healthcare,Mobile Money
TXN100328,15125.23,22,0.67,2130,29,United Kingdom,Mobile,Healthcare,Card
TXN100329,15189.28,13,17.27,1914,23,United States,Mobile,Online Services,Card
TXN100330,8004.45,3,14.59,1063,29,Nigeria,Mobile,Healthcare,Card
TXN100331,3303.53,4,10.93,1792,23,Nigeria,Mobile,Restaurant,Bank Transfer
TXN100332,8741.22,20,8.08,777,27,Nigeria,Mobile,Grocery,Card
TXN100333,4116.83,16,0.39,493,30,Nigeria,Mobile,Travel,Bank Transfer
TXN100334,21485.2,21,11.76,783,25,Nigeria,Desktop,Electronics,Card
TXN100335,6994.94,1,6.47,1870,29,Ghana,Mobile,Fuel,Card
TXN100336,3549.29,22,9.86,612,37,Ghana,Mobile,Online Services,Bank Transfer
TXN100337,5875.9,21,6.73,2235,15,Nigeria,Desktop,Online Services,Card
TXN100338,12245.72,4,40.6,48,19,Nigeria,Mobile,Fuel,Card
TXN100339,4611.35,3,11.12,84,19,South Africa,Mobile,Travel,Bank Transfer
TXN100340,3560.94,3,16.6,1780,23,Nigeria,Mobile,Travel,Bank Transfer
TXN100341,10339.09,5,33.05,750,22,Nigeria,Desktop,Fuel,Digital Wallet
TXN100342,10352.33,19,10.75,3122,35,Ghana,Desktop,Restaurant,Mobile Money
TXN100343,4880.76,20,0.15,3383,22,Nigeria,Mobile,Online Services,Card
TXN100344,5059.19,12,0.42,2838,27,Nigeria,Mobile,Clothing,Card
TXN100345,10219.47,21,14.54,1593,31,Nigeria,Desktop,Online Services,Card
TXN100346,1904.39,4,3.93,3096,27,South Africa,Mobile,Restaurant,Card
TXN100347,1983.34,22,10.39,3518,15,Ghana,Desktop,Electronics,Card
TXN100348,3950.34,22,2.71,2885,38,Nigeria,Mobile,Grocery,Card
TXN100349,6545.63,6,3.78,2800,23,Nigeria,Mobile,Online Services,Card
TXN100350,11057.98,19,8.43,2362,25,Ghana,Mobile,Restaurant,Card
TXN100351,35431.49,0,44.54,3633,29,United Kingdom,Mobile,Clothing,Card
TXN100352,19104.13,13,11.49,1585,20,Ghana,Mobile,Healthcare,Card
TXN100353,6905.42,23,33.01,2588,18,United Kingdom,Mobile,Healthcare,Card
TXN100354,7950.45,3,38.44,3099,23,Nigeria,Mobile,Clothing,Bank Transfer
TXN100355,2973.43,16,2.8,1449,30,Kenya,Mobile,Restaurant,Card
TXN100356,7954.45,20,4.47,2197,30,United Kingdom,Mobile,Electronics,Card
TXN100357,6071.38,13,17.64,2174,14,South Africa,Mobile,Clothing,Card
TXN100358,11189.36,15,24.19,2197,23,United Kingdom,Desktop,Clothing,Bank Transfer
TXN100359,3543.14,13,8.79,1590,26,Nigeria,Tablet,Online Services,Mobile Money
TXN100360,13620.71,15,59.94,1206,26,United Kingdom,Mobile,Online Services,Card
TXN100361,37524.11,23,0.14,1298,20,Ghana,Mobile,Fuel,Bank Transfer
TXN100362,7268.02,19,4.27,1825,26,United Kingdom,Mobile,Electronics,Bank Transfer
TXN100363,12109.09,7,11.71,3617,23,Nigeria,Mobile,Electronics,Bank Transfer
TXN100364,16157.57,23,7.6,2470,35,Kenya,Desktop,Electronics,Digital Wallet
TXN100365,5425.03,2,1.49,1196,29,United Kingdom,Mobile,Fuel,Digital Wallet
TXN100366,10138.47,18,5.5,3605,23,Nigeria,Desktop,Electronics,Card
TXN100367,8205.77,0,0.31,2871,24,Kenya,Mobile,Restaurant,Card
TXN100368,8934.51,1,12.35,1900,24,United Kingdom,Mobile,Healthcare,Bank Transfer
TXN100369,3740.56,14,26.79,2297,28,Nigeria,Desktop,Restaurant,Digital Wallet
TXN100370,8304.15,21,25.94,2916,22,Nigeria,Mobile,Travel,Mobile Money
TXN100371,13333.01,9,14.43,189,20,Ghana,Mobile,Fuel,Card
TXN100372,34583.9,17,7.52,3177,19,Nigeria,Mobile,Travel,Card
TXN100373,21147.37,21,8.61,2688,27,Nigeria,Tablet,Fuel,Mobile Money
TXN100374,69785.56,13,1.77,668,32,Nigeria,Mobile,Travel,Bank Transfer
TXN100375,3761.8,16,5.0,1085,21,Nigeria,Mobile,Clothing,Bank Transfer
TXN100376,19386.28,12,2.5,2854,24,Nigeria,Desktop,Electronics,Bank Transfer
TXN100377,9733.63,0,20.66,363,27,Nigeria,Mobile,Restaurant,Card
TXN100378,72388.52,4,29.55,3626,23,South Africa,Desktop,Restaurant,Digital Wallet
TXN100379,3610.86,12,9.24,3541,26,Ghana,Mobile,Electronics,Digital Wallet
TXN100380,3499.16,13,15.61,921,23,South Africa,Tablet,Travel,Bank Transfer
TXN100381,4449.77,23,1.55,3017,25,Nigeria,Desktop,Online Services,Bank Transfer
TXN100382,968.84,2,11.25,2046,24,Nigeria,Mobile,Fuel,Bank Transfer
TXN100383,4789.8,14,14.56,381,33,Nigeria,Mobile,Clothing,Card
TXN100384,3792.83,18,7.23,1392,26,United Kingdom,Tablet,Restaurant,Card
TXN100385,9418.15,16,3.35,955,27,Kenya,Desktop,Grocery,Card
TXN100386,11404.42,2,25.18,1453,32,United Kingdom,Mobile,Clothing,Digital Wallet
TXN100387,52900.65,15,16.3,2473,25,Nigeria,Desktop,Clothing,Card
TXN100388,20961.1,13,27.61,3303,20,Kenya,Mobile,Travel,Card
TXN100389,4550.97,11,20.47,2607,29,Nigeria,Mobile,Electronics,Bank Transfer
TXN100390,3299.7,11,55.72,3194,32,United Kingdom,Mobile,Fuel,Card
TXN100391,13252.2,10,2.56,2435,25,Nigeria,Mobile,Fuel,Card
TXN100392,2164.12,16,1.09,1449,25,Nigeria,Mobile,Grocery,Bank Transfer
TXN100393,50587.45,7,4.93,2905,18,Nigeria,Mobile,Travel,Bank Transfer
TXN100394,26355.71,16,1.66,89,28,Kenya,Desktop,Electronics,Bank Transfer
TXN100395,5068.62,20,8.89,2554,29,Nigeria,Mobile,Fuel,Bank Transfer
TXN100396,1460.98,22,12.03,2689,27,Nigeria,Mobile,Grocery,Bank Transfer
TXN100397,31378.32,19,10.36,30,26,Nigeria,Desktop,Online Services,Card
TXN100398,7226.14,10,3.6,1608,17,United States,Mobile,Online Services,Bank Transfer
TXN100399,27940.05,1,28.74,340,26,Nigeria,Mobile,Restaurant,Card
TXN100400,1645.13,9,0.26,2245,30,United Kingdom,Desktop,Grocery,Card
TXN100401,4449.85,9,5.13,2269,28,United States,Desktop,Travel,Card
TXN100402,8145.69,10,15.23,3135,21,United States,Mobile,Grocery,Card
TXN100403,8492.86,5,17.48,3135,16,United Kingdom,Mobile,Healthcare,Card
TXN100404,5166.42,3,6.46,3518,24,United Kingdom,Mobile,Grocery,Card
TXN100405,15106.04,23,0.2,737,22,Nigeria,Desktop,Healthcare,Bank Transfer
TXN100406,2786.05,11,11.55,1211,21,Nigeria,Mobile,Grocery,Bank Transfer
TXN100407,7027.74,10,0.78,1810,25,Ghana,Mobile,Healthcare,Card
TXN100408,9138.9,22,1.37,1553,13,Nigeria,Desktop,Healthcare,Digital Wallet
TXN100409,13554.03,22,12.61,2443,24,Nigeria,Mobile,Restaurant,Bank Transfer
TXN100410,16508.24,12,4.5,1393,28,Kenya,Mobile,Online Services,Digital Wallet
TXN100411,2631.63,4,5.13,887,22,Ghana,Mobile,Online Services,Bank Transfer
TXN100412,1747.4,5,8.01,3436,25,United Kingdom,Mobile,Healthcare,Card
TXN100413,29076.25,0,46.12,2404,22,Ghana,Desktop,Electronics,Digital Wallet
TXN100414,11297.24,5,40.38,2191,24,Ghana,Mobile,Grocery,Digital Wallet
TXN100415,3833.42,17,6.46,2874,31,Nigeria,Mobile,Healthcare,Bank Transfer
TXN100416,38221.44,21,3.7,948,25,Nigeria,Mobile,Fuel,Card
TXN100417,9096.77,8,4.32,3519,18,,Mobile,Clothing,Card
TXN100418,26351.94,23,3.76,3569,29,Nigeria,Tablet,Fuel,Mobile Money
TXN100419,8669.08,14,9.12,3244,18,Nigeria,Desktop,Travel,Card
TXN100420,63624.12,7,11.2,638,19,Kenya,Mobile,Clothing,Bank Transfer
TXN100421,46879.74,18,8.05,338,29,Nigeria,Mobile,Fuel,Bank Transfer
TXN100422,6317.23,23,6.29,2478,27,Nigeria,Mobile,Electronics,Card
TXN100423,21409.09,15,2.85,1373,19,Nigeria,Mobile,Travel,Mobile Money
TXN100424,15450.18,5,7.91,241,19,Nigeria,Tablet,Electronics,Mobile Money
TXN100425,31844.87,5,5.01,2394,19,Nigeria,Desktop,Healthcare,Card
TXN100426,3087.38,21,9.36,214,28,United Kingdom,Mobile,Fuel,Bank Transfer
TXN100427,16091.58,2,13.49,1258,18,Nigeria,Mobile,Travel,Mobile Money
TXN100428,23351.69,9,12.04,1417,22,Nigeria,Mobile,Online Services,Bank Transfer
TXN100429,1395.85,0,7.45,1269,18,Nigeria,Mobile,Online Services,Bank Transfer
TXN100430,2481.81,13,9.74,275,29,Nigeria,Mobile,Clothing,Card
TXN100431,1054.44,3,4.02,268,28,United Kingdom,Mobile,Clothing,Card
TXN100432,6189.4,11,0.29,1858,29,Nigeria,Mobile,Fuel,Digital Wallet
TXN100433,16606.38,5,11.77,1444,19,United States,Mobile,Restaurant,Bank Transfer
TXN100434,36401.2,10,3.49,549,23,Nigeria,Mobile,Fuel,Card
TXN100435,8726.28,11,13.27,1643,15,United Kingdom,Tablet,Fuel,Mobile Money
TXN100436,41299.91,9,16.49,306,28,Nigeria,Tablet,Healthcare,Bank Transfer
TXN100437,2038.36,17,29.71,1035,22,Nigeria,Mobile,Healthcare,Card
TXN100438,1475.3,6,38.08,2279,17,Nigeria,Mobile,Fuel,Digital Wallet
TXN100439,7665.25,6,0.13,243,22,Ghana,Mobile,Electronics,Card
TXN100440,11897.28,10,55.72,635,31,Nigeria,Desktop,Clothing,Bank Transfer
TXN100441,7842.44,3,13.79,507,34,Nigeria,Tablet,Travel,Bank Transfer
TXN100442,1025.11,19,12.38,537,34,United Kingdom,Desktop,Grocery,Card
TXN100443,7412.18,0,0.18,1128,26,Nigeria,Desktop,Fuel,Mobile Money
TXN100444,2198.5,12,23.7,2746,29,Nigeria,Mobile,Grocery,Bank Transfer
TXN100445,15830.16,17,1.89,2742,25,United Kingdom,Mobile,Grocery,Mobile Money
TXN100446,11691.28,8,21.79,2007,23,Nigeria,Mobile,Restaurant,Card
TXN100447,3165.67,23,0.19,171,27,United Kingdom,Mobile,Fuel,Digital Wallet
TXN100448,4847.09,23,12.46,2399,24,Nigeria,Mobile,Clothing,Card
TXN100449,2809.57,8,6.85,1747,37,Nigeria,Desktop,Electronics,Bank Transfer
TXN100450,7610.78,22,2.69,490,18,Nigeria,Desktop,Electronics,Digital Wallet
TXN100451,21060.24,8,1.37,2784,33,United States,Mobile,Fuel,Card
TXN100452,3023.81,9,6.96,699,29,United Kingdom,Tablet,Fuel,Card
TXN100453,13413.9,1,1.58,3247,22,United States,Mobile,Restaurant,Digital Wallet
TXN100454,4768.29,5,8.0,2131,27,Nigeria,Tablet,Healthcare,Digital Wallet
TXN100455,3666.99,14,11.78,3457,30,United Kingdom,Tablet,Travel,Mobile Money
TXN100456,7280.61,2,21.08,2354,25,Nigeria,Mobile,Online Services,Bank Transfer
TXN100457,2877.73,10,13.62,1874,31,Nigeria,Mobile,Fuel,Bank Transfer
TXN100458,4658.04,5,0.81,1648,21,United Kingdom,Mobile,Clothing,Card
TXN100459,2445.79,2,4.41,429,19,Nigeria,Desktop,Clothing,Card
TXN100460,57798.91,23,4.08,697,22,Nigeria,Mobile,Travel,Card
TXN100461,8393.93,10,29.59,2593,30,Nigeria,Tablet,Travel,Card
TXN100462,4024.98,14,24.28,1552,23,South Africa,Mobile,Clothing,Bank Transfer
TXN100463,10036.46,12,5.55,1364,18,Nigeria,Desktop,Clothing,Bank Transfer
TXN100464,7242.14,19,0.89,1324,24,Nigeria,Tablet,Grocery,Bank Transfer
TXN100465,6496.58,9,26.94,2653,20,United States,Desktop,Fuel,Bank Transfer
TXN100466,14975.44,5,26.29,1502,28,Nigeria,Mobile,Fuel,Digital Wallet
TXN100467,17283.5,14,23.15,2189,20,Nigeria,Mobile,Fuel,Card
TXN100468,4767.13,17,22.38,268,27,Ghana,Mobile,Electronics,Card
TXN100469,4555.92,17,7.85,3245,18,South Africa,Mobile,Grocery,Bank Transfer
TXN100470,6154.56,6,2.34,3475,28,Nigeria,Mobile,Healthcare,Card
TXN100471,810.85,14,7.79,1073,24,Ghana,Mobile,Grocery,Card
TXN100472,1780.78,17,8.19,1342,26,Nigeria,Desktop,Electronics,Bank Transfer
TXN100473,31788.96,17,8.08,1646,28,Nigeria,Mobile,Restaurant,Card
TXN100474,41980.8,19,9.29,2274,24,Nigeria,Desktop,Online Services,Digital Wallet
TXN100475,6316.77,8,3.58,2459,31,Nigeria,Mobile,Restaurant,Bank Transfer
TXN100476,14422.68,23,5.47,1751,21,Nigeria,Mobile,Restaurant,Card
TXN100477,11061.77,1,6.83,1770,23,United States,Mobile,Restaurant,Bank Transfer
TXN100478,176112.95,7,1.69,1545,22,Kenya,Mobile,Travel,Mobile Money
TXN100479,24824.22,19,7.29,2241,13,United States,Mobile,Healthcare,Bank Transfer
TXN100480,7130.11,1,19.96,2683,23,Kenya,Mobile,Grocery,Digital Wallet
TXN100481,3116.48,10,21.13,1302,39,Nigeria,Tablet,Travel,Mobile Money
TXN100482,1625.47,6,6.36,3169,30,Nigeria,Mobile,Fuel,Card
TXN100483,9931.47,5,8.78,2932,16,United Kingdom,Mobile,Travel,Card
TXN100484,3803.39,9,0.41,1074,25,Ghana,Mobile,Electronics,Bank Transfer
TXN100485,1954.22,4,13.47,2908,34,United States,Desktop,Restaurant,Card
TXN100486,4244.7,10,6.22,1565,20,Nigeria,Desktop,Clothing,Bank Transfer
TXN100487,2747.51,0,7.08,2674,25,Nigeria,Desktop,Restaurant,Mobile Money
TXN100488,43789.16,1,24.83,3491,24,Nigeria,Mobile,Grocery,Bank Transfer
TXN100489,19567.78,23,7.44,565,33,Nigeria,Mobile,Healthcare,Card
TXN100490,8038.74,0,0.26,2188,25,Nigeria,Mobile,Travel,Bank Transfer
TXN100491,35594.42,18,3.1,978,19,Nigeria,Desktop,Grocery,Card
TXN100492,8754.9,1,7.75,892,14,Ghana,Mobile,Travel,Mobile Money
TXN100493,3424.52,20,6.63,2672,22,Nigeria,Mobile,Travel,Bank Transfer
TXN100494,37165.05,19,23.63,1051,29,Nigeria,Mobile,Travel,Bank Transfer
TXN100495,13889.8,22,9.37,2537,20,Kenya,Mobile,Clothing,Card
TXN100496,2871.97,20,14.04,3179,26,Nigeria,Mobile,Fuel,Mobile Money
TXN100497,6698.65,23,7.6,463,24,Ghana,Mobile,Restaurant,Bank Transfer
TXN100498,3375.78,3,6.95,1433,32,Nigeria,Mobile,Travel,Card
TXN100499,2032.86,11,7.09,3541,27,United Kingdom,Tablet,Electronics,Digital Wallet
TXN100500,20458.99,21,6.35,2965,28,Ghana,Mobile,Online Services,Mobile Money
TXN100501,54688.93,19,9.28,812,26,United States,Mobile,Online Services,Bank Transfer
TXN100502,2001.06,17,3.46,3440,29,Nigeria,Mobile,Travel,Card
TXN100503,14228.03,0,26.6,1017,22,Nigeria,Desktop,Restaurant,Digital Wallet
TXN100504,4227.46,0,4.86,3525,20,Nigeria,Mobile,Restaurant,Mobile Money
TXN100505,4978.45,23,1.92,198,25,Nigeria,Mobile,Fuel,Bank Transfer
TXN100506,4481.02,13,1.22,738,17,Nigeria,Mobile,Fuel,Bank Transfer
TXN100507,3415.26,3,0.16,994,32,Kenya,Mobile,Clothing,Card
TXN100508,8505.95,4,6.6,3363,26,Nigeria,Mobile,Travel,Card
TXN100509,3529.99,10,2.49,2804,18,Kenya,Mobile,Electronics,Card
TXN100510,10619.6,23,0.26,1632,25,South Africa,Desktop,Clothing,Card
TXN100511,7706.06,22,8.81,258,24,Kenya,Desktop,Clothing,Mobile Money
TXN100512,6380.82,12,13.67,1214,21,Nigeria,Desktop,Travel,Card
TXN100513,3269.64,15,1.08,456,15,United States,Mobile,Travel,Mobile Money
TXN100514,4551.58,23,7.41,151,21,Nigeria,Mobile,Clothing,Bank Transfer
TXN100515,17246.96,12,16.33,2226,25,Nigeria,Tablet,Clothing,Card
TXN100516,13371.99,23,51.06,2929,21,United Kingdom,Desktop,Healthcare,Card
TXN100517,3048.62,21,13.2,2782,20,Nigeria,Mobile,Clothing,Bank Transfer
TXN100518,8949.32,1,3.37,140,37,Kenya,Mobile,Healthcare,Card
TXN100519,17178.04,15,15.13,1274,24,Nigeria,Tablet,Grocery,Card
TXN100520,1526.29,5,10.93,1957,28,Nigeria,Mobile,Clothing,Mobile Money
TXN100521,13951.75,13,2.86,93,28,Nigeria,Desktop,Healthcare,Bank Transfer
TXN100522,4177.12,0,22.85,2715,32,Nigeria,Mobile,Restaurant,Mobile Money
TXN100523,14337.0,16,6.69,1407,32,Nigeria,Mobile,Online Services,Mobile Money
TXN100524,3777.21,10,39.23,3575,26,Nigeria,Mobile,Electronics,Mobile Money
TXN100525,1332.91,18,15.4,938,36,South Africa,Mobile,Electronics,Card
TXN100526,1591.54,2,12.41,1801,32,South Africa,Mobile,Online Services,Digital Wallet
TXN100527,8502.24,10,15.64,1538,27,United Kingdom,Desktop,Travel,Bank Transfer
TXN100528,10506.22,4,7.8,42,29,United Kingdom,Desktop,Fuel,Mobile Money
TXN100529,3280.28,16,8.44,3011,42,Nigeria,Desktop,Clothing,Bank Transfer
TXN100530,15345.73,21,22.86,1206,19,United Kingdom,Mobile,Healthcare,Bank Transfer
TXN100531,1538.37,6,13.71,268,23,Nigeria,Mobile,Electronics,Digital Wallet
TXN100532,7584.94,9,27.3,3291,22,Nigeria,Mobile,Electronics,Card
TXN100533,2413.86,10,26.58,692,21,Kenya,Tablet,Restaurant,Card
TXN100534,4222.42,2,45.0,1139,15,Nigeria,Mobile,Restaurant,Card
TXN100535,8496.41,19,14.46,3122,29,South Africa,Mobile,Grocery,Card
TXN100536,3427.5,9,8.37,723,21,Nigeria,Tablet,Online Services,Mobile Money
TXN100537,5516.2,9,2.18,3420,17,Nigeria,Mobile,Grocery,Card
TXN100538,22165.51,13,14.66,1211,28,Nigeria,Desktop,Healthcare,Digital Wallet
TXN100539,4551.03,11,4.14,3048,22,Nigeria,Desktop,Electronics,Bank Transfer
TXN100540,18689.03,14,3.99,3041,27,United Kingdom,Mobile,Travel,Card
TXN100541,2618.33,9,3.27,1534,23,United States,Mobile,Electronics,Card
TXN100542,13763.9,9,24.97,1932,35,Nigeria,Tablet,Travel,Card
TXN100543,34254.34,18,24.3,105,22,Nigeria,Mobile,Fuel,Digital Wallet
TXN100544,684.27,0,11.96,358,25,Nigeria,Mobile,Electronics,Mobile Money
TXN100545,3652.27,23,7.69,1469,22,United Kingdom,Mobile,Restaurant,Card
TXN100546,14430.11,9,13.38,3304,27,Nigeria,Mobile,Clothing,Card
TXN100547,6614.07,1,11.21,1282,18,,Desktop,Electronics,Card
TXN100548,11744.57,16,6.45,2229,23,Kenya,Tablet,Grocery,Card
TXN100549,4429.38,23,5.73,101,34,United Kingdom,Tablet,Fuel,Mobile Money
TXN100550,8836.0,6,5.79,254,30,Ghana,Tablet,Fuel,Mobile Money
TXN100551,6934.91,6,10.67,2550,25,Kenya,Mobile,Travel,Bank Transfer
TXN100552,26050.23,19,12.52,2437,24,Ghana,Desktop,Travel,Digital Wallet
TXN100553,10450.66,8,7.21,2617,28,United Kingdom,Mobile,Electronics,Card
TXN100554,11357.15,21,41.57,840,23,United Kingdom,Mobile,Healthcare,Bank Transfer
TXN100555,5367.53,1,1.05,2686,24,Ghana,Desktop,Travel,Mobile Money
TXN100556,4976.06,13,5.12,3147,28,Ghana,Mobile,Grocery,Card
TXN100557,5257.66,16,6.52,2078,21,United States,Tablet,Restaurant,Card
TXN100558,12021.5,0,0.2,707,29,United States,Mobile,Clothing,Bank Transfer
TXN100559,5318.87,8,5.45,3346,24,Kenya,Desktop,Healthcare,Card
TXN100560,10826.75,19,3.84,3320,25,Nigeria,Mobile,Clothing,Bank Transfer
TXN100561,64563.26,20,8.46,320,20,Nigeria,Mobile,Travel,Bank Transfer
TXN100562,19363.1,18,4.92,1511,28,United Kingdom,Mobile,Electronics,Card
TXN100563,5848.71,3,15.54,2281,24,Nigeria,Mobile,Travel,Card
TXN100564,26935.86,7,8.56,1255,15,Nigeria,Mobile,Fuel,Card
TXN100565,5387.97,12,1.67,595,26,Nigeria,Tablet,Grocery,Bank Transfer
TXN100566,1055.61,3,16.64,2559,40,Ghana,Desktop,Online Services,Card
TXN100567,2956.95,8,1.25,1845,32,Ghana,Mobile,Electronics,Digital Wallet
TXN100568,1247.89,8,21.92,540,24,Nigeria,Mobile,Restaurant,Mobile Money
TXN100569,5701.51,21,32.16,953,23,Nigeria,Mobile,Grocery,Card
TXN100570,8253.71,17,4.67,2355,27,South Africa,Mobile,Restaurant,Mobile Money
TXN100571,43322.93,11,31.27,3082,27,United States,Mobile,Healthcare,Bank Transfer
TXN100572,11236.55,9,18.9,45,24,Nigeria,Mobile,Electronics,Card
TXN100573,6508.73,10,30.68,3626,25,Nigeria,Desktop,Restaurant,Bank Transfer
TXN100574,18571.91,6,13.17,2433,25,Ghana,Mobile,Grocery,Bank Transfer
TXN100575,887.9,8,3.22,385,28,South Africa,Mobile,Grocery,Card
TXN100576,10255.96,5,26.99,859,23,South Africa,Mobile,Travel,Card
TXN100577,,18,2.44,2676,27,Kenya,Mobile,Online Services,Card
TXN100578,1847.18,15,2.88,1131,21,United Kingdom,Desktop,Electronics,Card
TXN100579,25431.76,14,3.79,3005,31,Nigeria,Mobile,Clothing,Card
TXN100580,11367.3,6,4.35,1120,18,Nigeria,Mobile,Fuel,Bank Transfer
TXN100581,5349.25,15,8.67,2936,27,Ghana,Mobile,Online Services,Card
TXN100582,15256.82,4,15.0,1776,31,United Kingdom,Tablet,Clothing,Card
TXN100583,78487.36,15,31.28,243,24,Ghana,Desktop,Healthcare,Card
TXN100584,9719.27,0,1.11,1750,23,United States,Mobile,Restaurant,Mobile Money
TXN100585,10386.07,18,37.05,478,33,South Africa,Mobile,Clothing,Card
TXN100586,5118.61,4,30.51,3042,31,Kenya,Mobile,Clothing,Card
TXN100587,3463.92,6,0.67,3534,21,Nigeria,Mobile,Fuel,Bank Transfer
TXN100588,18589.2,18,5.36,1598,23,Nigeria,Tablet,Grocery,Mobile Money
TXN100589,3442.37,21,20.13,3216,23,South Africa,Mobile,Grocery,Bank Transfer
TXN100590,8704.25,4,11.35,2864,15,Nigeria,Desktop,Grocery,Card
TXN100591,5025.81,16,18.12,3521,29,Nigeria,Mobile,Clothing,Card
TXN100592,13081.83,21,15.23,2576,28,United States,Mobile,Restaurant,Card
TXN100593,11312.48,7,8.24,739,18,United Kingdom,Tablet,Electronics,Bank Transfer
TXN100594,22869.05,0,0.51,409,29,Nigeria,Mobile,Fuel,Card
TXN100595,4865.79,1,10.53,3244,23,South Africa,Mobile,Travel,Card
TXN100596,6186.5,14,0.6,2817,24,Nigeria,Tablet,Healthcare,Bank Transfer
TXN100597,3044.94,19,11.11,2709,26,Nigeria,Tablet,Restaurant,Card
TXN100598,5196.32,17,19.34,1918,23,Ghana,Desktop,Fuel,Mobile Money
TXN100599,11817.07,10,10.55,1077,20,South Africa,Desktop,Healthcare,Card
TXN100600,17274.53,9,69.8,568,18,Nigeria,Desktop,Healthcare,Digital Wallet
TXN100601,3222.25,23,7.3,3022,34,Nigeria,Mobile,Fuel,Digital Wallet
TXN100602,19333.72,23,16.58,3176,34,Nigeria,Desktop,Grocery,Mobile Money
TXN100603,31433.76,3,13.2,782,22,United States,Tablet,Restaurant,Digital Wallet
TXN100604,12251.88,4,57.12,564,28,Kenya,Mobile,Electronics,Card
TXN100605,52933.72,3,14.99,702,34,Nigeria,Mobile,Online Services,Mobile Money
TXN100606,3737.64,12,2.15,1094,28,Nigeria,Mobile,Grocery,Card
TXN100607,2334.02,12,37.35,597,20,Ghana,Desktop,Electronics,Mobile Money
TXN100608,1368.24,17,13.22,1466,25,Ghana,Mobile,Online Services,Card
TXN100609,36172.13,23,0.73,444,20,United Kingdom,Desktop,Travel,Card
TXN100610,15589.7,1,12.86,478,24,Nigeria,Mobile,Restaurant,Digital Wallet
TXN100611,7664.97,15,25.76,639,19,United States,Mobile,Travel,Card
TXN100612,10721.1,0,10.33,2735,28,Nigeria,Mobile,Fuel,Mobile Money
TXN100613,2629.4,18,5.24,2031,27,Nigeria,Mobile,Clothing,Bank Transfer
TXN100614,93503.3,8,20.64,1827,33,Nigeria,Mobile,Restaurant,Card
TXN100615,9220.84,2,18.31,2513,14,Nigeria,Mobile,Fuel,Bank Transfer
TXN100616,9039.82,6,9.43,734,15,United States,Mobile,Online Services,Card
TXN100617,16743.52,9,2.01,2316,24,South Africa,Mobile,Clothing,Digital Wallet
TXN100618,13108.41,0,3.47,1095,19,Ghana,Mobile,Electronics,Digital Wallet
TXN100619,10136.36,9,16.1,763,22,Nigeria,Mobile,Clothing,Mobile Money
TXN100620,3675.8,20,19.68,829,24,Nigeria,Tablet,Online Services,Mobile Money
TXN100621,12983.94,8,3.93,2087,35,Nigeria,Desktop,Online Services,Card
TXN100622,53211.22,14,5.51,2824,25,Kenya,Desktop,Electronics,Card
TXN100623,31114.21,14,0.97,1890,34,South Africa,Mobile,Travel,Card
TXN100624,39862.31,2,15.0,3366,18,Nigeria,Mobile,Grocery,Bank Transfer
TXN100625,4859.95,4,0.04,3546,19,Nigeria,Mobile,Healthcare,Card
TXN100626,3012.11,8,0.57,2216,26,Nigeria,Desktop,Travel,Bank Transfer
TXN100627,7145.32,21,0.05,1920,27,United States,Mobile,Healthcare,Bank Transfer
TXN100628,8567.45,8,12.44,760,18,Nigeria,Desktop,Fuel,Card
TXN100629,24202.02,22,6.48,225,34,Nigeria,Mobile,Healthcare,Card
TXN100630,1491.5,6,4.24,1127,26,Nigeria,Mobile,Clothing,Card
TXN100631,37404.65,23,29.26,1668,24,Nigeria,Mobile,Electronics,Mobile Money
TXN100632,6918.76,22,2.57,3326,23,Nigeria,Desktop,Clothing,Card
TXN100633,5287.6,11,5.92,1688,25,South Africa,Mobile,Healthcare,Card
TXN100634,2945.09,8,33.82,1155,26,United States,Mobile,Online Services,Mobile Money
TXN100635,1548.66,5,6.68,293,23,Nigeria,Tablet,Fuel,Card
TXN100636,18456.48,22,9.71,3022,21,Nigeria,Desktop,Fuel,Card
TXN100637,8719.51,1,1.0,949,26,Kenya,Mobile,Grocery,Mobile Money
TXN100638,2230.63,8,18.74,190,19,South Africa,Mobile,Restaurant,Bank Transfer
TXN100639,2219.24,16,6.59,1286,30,Nigeria,Mobile,Restaurant,Bank Transfer
TXN100640,5791.9,0,19.34,2568,34,United Kingdom,Mobile,Restaurant,Card
TXN100641,43002.84,18,3.51,1840,21,United Kingdom,Desktop,Clothing,Card
TXN100642,6250.45,5,6.59,799,23,Nigeria,Mobile,Healthcare,Bank Transfer
TXN100643,1802.37,4,18.53,340,22,Ghana,Desktop,Restaurant,Card
TXN100644,6337.61,1,43.74,256,21,Kenya,Mobile,Electronics,Digital Wallet
TXN100645,6168.9,8,0.74,302,28,Kenya,Mobile,Grocery,Card
TXN100646,546.27,13,20.08,3015,18,Nigeria,Tablet,Fuel,Card
TXN100647,7674.86,3,4.29,346,22,Nigeria,Mobile,Healthcare,Card
TXN100648,6432.16,3,9.6,1952,25,Nigeria,Desktop,Online Services,Digital Wallet
TXN100649,16255.82,20,4.11,3187,18,South Africa,Desktop,Travel,Bank Transfer
TXN100650,51480.38,14,11.41,2368,37,Nigeria,Mobile,Online Services,Card
TXN100651,24998.35,7,5.24,1522,22,Nigeria,Mobile,Electronics,Bank Transfer
TXN100652,6192.61,3,4.87,2806,18,South Africa,Mobile,Grocery,Card
TXN100653,2679.74,15,0.46,1924,27,Nigeria,Tablet,Travel,Bank Transfer
TXN100654,106229.78,20,1.91,1631,26,South Africa,Mobile,Restaurant,Card
TXN100655,8597.43,3,29.88,1822,16,Nigeria,Mobile,Travel,Card
TXN100656,8216.74,15,76.37,3505,21,Nigeria,Mobile,Healthcare,Card
TXN100657,7909.94,21,18.2,1480,20,Nigeria,Mobile,Fuel,Card
TXN100658,9878.19,11,4.06,2452,25,United States,Mobile,Clothing,Card
TXN100659,7013.83,15,6.18,1955,28,South Africa,Mobile,Clothing,Card
TXN100660,4565.75,18,16.14,596,30,Nigeria,Tablet,Restaurant,Card
TXN100661,4689.78,7,41.5,2945,30,United States,Mobile,Healthcare,Digital Wallet
TXN100662,7841.98,5,7.29,2832,20,South Africa,Mobile,Restaurant,Bank Transfer
TXN100663,4705.91,9,21.23,281,26,Nigeria,Desktop,Electronics,Digital Wallet
TXN100664,3972.51,4,44.3,1586,20,Nigeria,Desktop,Electronics,Card
TXN100665,9013.06,17,24.81,2384,26,Nigeria,Mobile,Online Services,Card
TXN100666,6279.36,9,3.09,3531,31,Ghana,Mobile,Fuel,Mobile Money
TXN100667,36460.8,9,0.1,704,24,Ghana,Mobile,Clothing,Bank Transfer
TXN100668,571.94,6,8.13,2945,24,Nigeria,Mobile,Grocery,Bank Transfer
TXN100669,24137.14,17,9.1,2341,27,Nigeria,Desktop,Electronics,Bank Transfer
TXN100670,28172.04,0,2.7,2145,25,Nigeria,Mobile,Grocery,Bank Transfer
TXN100671,1019.03,6,4.02,3208,32,Nigeria,Desktop,Online Services,Mobile Money
TXN100672,5752.05,20,17.39,3501,27,Nigeria,Mobile,Clothing,Bank Transfer
TXN100673,5589.02,0,7.63,1632,22,Nigeria,Desktop,Electronics,Digital Wallet
TXN100674,1983.24,14,4.58,3300,25,Nigeria,Mobile,Grocery,Digital Wallet
TXN100675,3722.62,3,11.69,3293,19,United States,Tablet,Online Services,Card
TXN100676,2668.91,19,12.69,543,23,Nigeria,Mobile,Grocery,Card
TXN100677,46736.02,9,17.6,2846,22,Nigeria,Desktop,Electronics,Card
TXN100678,20654.29,22,2.05,471,28,Nigeria,Mobile,Restaurant,Card
TXN100679,28898.79,8,16.24,30,25,Nigeria,Mobile,Online Services,Card
TXN100680,16675.1,1,10.98,2435,28,Kenya,Desktop,Healthcare,Card
TXN100681,2620.05,13,0.71,1168,25,Ghana,Mobile,Online Services,Card
TXN100682,4795.72,15,18.03,932,31,Nigeria,Mobile,Travel,Bank Transfer
TXN100683,13218.53,0,5.8,1653,36,Nigeria,Desktop,Restaurant,Card
TXN100684,2387.19,1,4.81,1250,30,Nigeria,Desktop,Online Services,Bank Transfer
TXN100685,16531.09,6,7.13,2351,22,Nigeria,Mobile,Travel,Card
TXN100686,6372.04,9,5.1,885,19,Ghana,Mobile,Grocery,Mobile Money
TXN100687,5570.16,21,4.96,1047,31,Nigeria,Mobile,Electronics,Mobile Money
TXN100688,16497.43,19,19.81,1213,19,South Africa,Tablet,Online Services,Card
TXN100689,12635.47,0,1.6,2250,19,Ghana,Mobile,Clothing,Digital Wallet
TXN100690,5647.87,12,42.32,3646,33,Nigeria,Desktop,Electronics,Card
TXN100691,25830.98,0,9.71,3559,27,Nigeria,Mobile,Restaurant,Mobile Money
TXN100692,2748.85,4,2.42,614,13,United States,Mobile,Travel,Bank Transfer
TXN100693,15001.95,15,1.69,3534,23,Nigeria,Mobile,Electronics,Card
TXN100694,14663.27,14,10.74,3006,34,Nigeria,Desktop,Travel,Card
TXN100695,5945.88,16,12.03,2558,24,Nigeria,Mobile,Restaurant,Card
TXN100696,11227.63,22,0.65,484,26,Ghana,Mobile,Restaurant,Digital Wallet
TXN100697,2318.99,15,3.34,225,28,Nigeria,Mobile,Electronics,Bank Transfer
TXN100698,20415.04,12,19.04,2873,27,United States,Mobile,Healthcare,Card
TXN100699,6735.17,10,0.61,628,36,Ghana,Mobile,Online Services,Bank Transfer
TXN100700,4804.35,16,23.18,1362,25,United Kingdom,Mobile,Clothing,Card
TXN100701,23132.86,16,12.88,1789,22,Nigeria,Desktop,Online Services,Card
TXN100702,4006.43,1,6.84,585,29,United Kingdom,Mobile,Fuel,Digital Wallet
TXN100703,1981.36,12,5.1,2925,29,Nigeria,Mobile,Clothing,Bank Transfer
TXN100704,1708.5,13,0.23,1547,22,Nigeria,Tablet,Healthcare,Card
TXN100705,14853.78,10,20.93,468,32,United States,Mobile,Travel,Digital Wallet
TXN100706,2251.99,9,1.85,2727,30,,Tablet,Electronics,Card
TXN100707,46854.12,2,4.44,388,20,United States,Mobile,Grocery,Card
TXN100708,1010.37,16,10.1,3137,23,Nigeria,Mobile,Restaurant,Card
TXN100709,44198.95,14,3.39,1087,21,United States,Mobile,Online Services,Bank Transfer
TXN100710,10006.77,8,8.25,1141,16,Nigeria,Mobile,Travel,Bank Transfer
TXN100711,7356.11,9,19.89,2735,17,South Africa,Mobile,Restaurant,Card
TXN100712,4698.89,7,7.63,2093,26,Nigeria,Mobile,Travel,Bank Transfer
TXN100713,12077.94,20,35.71,2822,25,Nigeria,Desktop,Electronics,Mobile Money
TXN100714,7803.79,12,22.57,450,26,South Africa,Mobile,Travel,Bank Transfer
TXN100715,24423.52,17,4.86,582,31,South Africa,Mobile,Travel,Digital Wallet
TXN100716,9083.62,4,6.13,2844,20,Nigeria,Mobile,Fuel,Card
TXN100717,9417.28,5,6.61,2870,20,Nigeria,Desktop,Grocery,Card
TXN100718,5632.95,16,11.81,1179,10,Nigeria,Mobile,Travel,Bank Transfer
TXN100719,7654.54,10,4.06,1061,16,Nigeria,Mobile,Clothing,Card
TXN100720,11023.69,19,41.78,3573,22,Nigeria,Desktop,Travel,Card
TXN100721,1465.32,15,11.26,1521,29,South Africa,Tablet,Travel,Card
TXN100722,2104.46,8,6.12,909,22,Nigeria,Mobile,Electronics,Mobile Money
TXN100723,17039.07,1,12.43,1915,37,Nigeria,Tablet,Travel,Card
TXN100724,9612.94,4,6.04,881,29,United States,Mobile,Fuel,Card
TXN100725,6741.36,0,20.43,539,22,Nigeria,Tablet,Grocery,Card
TXN100726,8253.84,3,10.07,3503,28,Ghana,Mobile,Healthcare,Mobile Money
TXN100727,11471.05,3,0.51,1889,29,South Africa,Desktop,Electronics,Bank Transfer
TXN100728,4723.19,21,2.33,3277,22,South Africa,Desktop,Healthcare,Card
TXN100729,3720.8,2,24.03,1793,26,Kenya,Mobile,Fuel,Mobile Money
TXN100730,9856.09,8,9.93,995,33,Kenya,Mobile,Restaurant,Mobile Money
TXN100731,3046.13,21,36.03,1888,24,Nigeria,Mobile,Healthcare,Bank Transfer
TXN100732,12188.56,22,0.9,943,24,Nigeria,Mobile,Clothing,Card
TXN100733,1476.48,11,4.2,1420,32,South Africa,Mobile,Clothing,Bank Transfer
TXN100734,22678.11,9,2.58,1541,18,Nigeria,Tablet,Healthcare,Digital Wallet
TXN100735,12998.61,1,9.68,2095,23,Nigeria,Mobile,Healthcare,Card
TXN100736,10467.49,10,5.79,2133,28,United Kingdom,Mobile,Restaurant,Card
TXN100737,21648.49,9,2.05,2996,26,Kenya,Mobile,Travel,Card
TXN100738,42850.58,21,12.35,1088,29,Nigeria,Mobile,Grocery,Bank Transfer
TXN100739,22345.27,5,9.22,2979,19,United States,Mobile,Grocery,Bank Transfer
TXN100740,1285.79,17,3.85,2707,25,South Africa,Mobile,Grocery,Card
TXN100741,2253.91,1,7.84,823,26,United States,Desktop,Grocery,Card
TXN100742,4338.06,1,16.43,1626,25,United States,Desktop,Fuel,Digital Wallet
TXN100743,8317.28,9,2.76,1836,25,Nigeria,Desktop,Travel,Mobile Money
TXN100744,13597.74,15,4.16,376,22,South Africa,Desktop,Restaurant,Digital Wallet
TXN100745,3921.6,11,5.1,1085,20,Kenya,Mobile,Healthcare,Mobile Money
TXN100746,9767.02,0,16.48,937,34,United Kingdom,Desktop,Fuel,Card
TXN100747,3807.08,20,22.52,1053,32,South Africa,Mobile,Fuel,Card
TXN100748,4396.14,7,5.67,3234,25,Nigeria,Mobile,Restaurant,Bank Transfer
TXN100749,1984.93,15,4.22,605,23,Nigeria,Mobile,Healthcare,Card
TXN100750,3218.81,17,26.43,228,35,Nigeria,Mobile,Clothing,Card
TXN100751,2097.11,12,88.34,3357,22,United Kingdom,Mobile,Restaurant,Card
TXN100752,3053.75,14,13.32,1395,24,United Kingdom,Mobile,Grocery,Digital Wallet
TXN100753,23240.27,20,55.24,2028,24,Nigeria,Mobile,Travel,Card
TXN100754,3135.68,11,12.94,1284,25,Ghana,Mobile,Fuel,Card
TXN100755,112688.43,7,15.87,2378,19,United Kingdom,Desktop,Electronics,Bank Transfer
TXN100756,13270.75,9,5.91,1046,21,Nigeria,Mobile,Electronics,Digital Wallet
TXN100757,9748.18,13,6.81,3648,34,Nigeria,Tablet,Grocery,Digital Wallet
TXN100758,3434.55,4,1.87,55,20,Nigeria,Mobile,Online Services,Bank Transfer
TXN100759,16322.66,17,20.76,1588,23,United States,Desktop,Clothing,Card
TXN100760,4556.74,18,32.09,3575,24,South Africa,Desktop,Healthcare,Card
TXN100761,9154.58,14,11.72,3488,26,Nigeria,Tablet,Healthcare,Digital Wallet
TXN100762,104828.88,5,5.05,3386,16,Nigeria,Mobile,Fuel,Bank Transfer
TXN100763,7360.92,10,2.01,2527,21,Ghana,Mobile,Electronics,Mobile Money
TXN100764,25572.51,20,3.7,2397,22,United Kingdom,Mobile,Online Services,Card
TXN100765,4011.11,10,3.54,2233,28,Kenya,Mobile,Grocery,Card
TXN100766,7824.47,19,11.41,500,31,Nigeria,Mobile,Fuel,Bank Transfer
TXN100767,47610.12,19,34.81,2497,32,Nigeria,Desktop,Fuel,Mobile Money
TXN100768,4328.75,20,0.59,3214,23,United States,Mobile,Fuel,Digital Wallet
TXN100769,49634.85,17,0.01,680,19,Nigeria,Mobile,Healthcare,Mobile Money
TXN100770,16444.59,17,11.0,3523,22,Nigeria,Mobile,Travel,Bank Transfer
TXN100771,4617.15,9,4.01,915,19,United Kingdom,Mobile,Electronics,Bank Transfer
TXN100772,15251.11,1,25.5,959,22,United States,Tablet,Grocery,Mobile Money
TXN100773,21430.16,8,4.76,1774,22,Kenya,Desktop,Electronics,Card
TXN100774,15090.34,13,4.11,2912,21,Ghana,Mobile,Travel,Digital Wallet
TXN100775,1685.43,18,3.77,905,41,Nigeria,Mobile,Restaurant,Bank Transfer
TXN100776,3916.14,9,1.88,971,25,Nigeria,Tablet,Healthcare,Digital Wallet
TXN100777,6326.37,22,10.45,3071,30,Nigeria,Mobile,Restaurant,Mobile Money
TXN100778,7521.84,3,2.21,1338,23,Ghana,Mobile,Travel,Card
TXN100779,15073.18,5,6.63,601,24,Nigeria,Tablet,Travel,Card
TXN100780,,13,7.42,83,19,United Kingdom,Mobile,Restaurant,Card
TXN100781,2131.66,3,0.25,634,27,Nigeria,Mobile,Travel,Card
TXN100782,11851.36,14,0.2,354,23,Nigeria,Mobile,Fuel,Card
TXN100783,14921.91,15,8.81,3047,26,Nigeria,Tablet,Travel,Bank Transfer
TXN100784,,6,14.29,3559,28,Ghana,Mobile,Travel,Card
TXN100785,23879.62,16,34.2,914,31,Nigeria,Mobile,Restaurant,Card
TXN100786,18655.98,18,2.37,294,20,United Kingdom,Desktop,Restaurant,Digital Wallet
TXN100787,12825.36,18,1.31,411,32,Nigeria,Desktop,Online Services,Card
TXN100788,7554.01,16,0.64,1266,24,Kenya,Mobile,Healthcare,Digital Wallet
TXN100789,1539.23,5,6.87,2410,29,Ghana,Mobile,Healthcare,Card
TXN100790,12451.77,10,11.71,3111,27,Nigeria,Mobile,Electronics,Mobile Money
TXN100791,9973.51,15,22.03,1411,34,Ghana,Mobile,Restaurant,Card
TXN100792,10631.52,7,13.77,2280,30,Ghana,Mobile,Electronics,Bank Transfer
TXN100793,2260.3,10,2.8,2135,23,United Kingdom,Desktop,Fuel,Bank Transfer
TXN100794,2748.87,6,7.43,1547,14,United Kingdom,Mobile,Fuel,Digital Wallet
TXN100795,23228.91,23,28.94,1563,25,Nigeria,Mobile,Healthcare,Card
TXN100796,,21,4.75,1821,22,Nigeria,Mobile,Restaurant,Card
TXN100797,16018.52,18,8.29,3324,34,Nigeria,Mobile,Clothing,Digital Wallet
TXN100798,8335.83,9,38.2,3470,17,United States,Desktop,Electronics,Card
TXN100799,8347.82,8,15.92,3519,27,Nigeria,Desktop,Healthcare,Card
TXN100800,20708.17,3,16.53,576,32,Kenya,Desktop,Healthcare,Bank Transfer
TXN100801,4836.54,22,3.49,900,26,Ghana,Mobile,Travel,Card
TXN100802,8920.62,14,6.43,2180,32,Ghana,Desktop,Clothing,Card
TXN100803,5103.72,12,1.03,3262,34,Nigeria,Mobile,Online Services,Card
TXN100804,5247.48,1,11.19,1253,28,Nigeria,Mobile,Restaurant,Card
TXN100805,5948.1,1,1.31,3261,29,Nigeria,Mobile,Healthcare,Bank Transfer
TXN100806,10118.63,15,21.69,894,23,Nigeria,Mobile,Restaurant,Card
TXN100807,5020.33,8,20.22,3237,19,Nigeria,Mobile,Online Services,Mobile Money
TXN100808,28445.81,12,9.15,1995,22,Nigeria,Mobile,Clothing,Digital Wallet
TXN100809,3312.28,2,1.83,427,23,Ghana,Mobile,Grocery,Card
TXN100810,6721.91,8,0.31,1791,16,Nigeria,Mobile,Fuel,Mobile Money
TXN100811,5220.08,12,19.12,421,31,Nigeria,Desktop,Travel,Digital Wallet
TXN100812,34440.14,20,11.0,2183,29,Nigeria,Mobile,Electronics,Bank Transfer
TXN100813,9863.09,21,14.89,1642,26,Nigeria,Tablet,Clothing,Digital Wallet
TXN100814,,1,4.35,1107,23,Nigeria,Mobile,Electronics,Card
TXN100815,1834.34,7,8.55,1330,28,Nigeria,Mobile,Restaurant,Mobile Money
TXN100816,10583.49,8,16.5,2188,29,Kenya,Mobile,Grocery,Bank Transfer
TXN100817,19724.78,15,7.45,2301,17,Nigeria,Mobile,Online Services,Card
TXN100818,8798.04,1,11.04,2152,26,United States,Desktop,Grocery,Mobile Money
TXN100819,23517.04,5,18.71,2583,29,Nigeria,Mobile,Electronics,Bank Transfer
TXN100820,4830.53,21,2.91,3115,19,United States,Mobile,Online Services,Card
TXN100821,33168.22,7,0.82,2847,22,United Kingdom,Mobile,Fuel,Card
TXN100822,80732.63,4,9.11,2559,28,Kenya,Mobile,Restaurant,Mobile Money
TXN100823,5637.31,8,0.77,3290,20,United States,Mobile,Online Services,Mobile Money
TXN100824,5190.04,0,17.46,393,26,Nigeria,Mobile,Fuel,Bank Transfer
TXN100825,34661.49,8,15.24,2316,32,Nigeria,Mobile,Online Services,Bank Transfer
TXN100826,39323.29,9,25.62,1454,28,Nigeria,Desktop,Grocery,Card
TXN100827,4803.69,22,12.25,875,14,Nigeria,Desktop,Travel,Card
TXN100828,5323.11,3,0.83,3062,29,Nigeria,Mobile,Restaurant,Digital Wallet
TXN100829,6113.26,2,3.5,1357,27,Ghana,Mobile,Clothing,Digital Wallet
TXN100830,2112.34,9,19.8,3192,29,Nigeria,Desktop,Healthcare,Bank Transfer
TXN100831,3233.59,14,2.19,421,22,Nigeria,Desktop,Clothing,Digital Wallet
TXN100832,2968.64,10,14.39,3285,20,Nigeria,Mobile,Clothing,Digital Wallet
TXN100833,3760.11,13,18.18,1070,20,Ghana,Mobile,Travel,Card
TXN100834,7826.85,5,4.81,3042,28,United States,Mobile,Restaurant,Card
TXN100835,10241.62,11,4.67,2089,24,Nigeria,Mobile,Online Services,Card
TXN100836,38196.55,12,9.79,3267,33,Nigeria,Mobile,Electronics,Bank Transfer
TXN100837,2985.87,16,23.7,2076,24,Nigeria,Mobile,Electronics,Mobile Money
TXN100838,21683.84,15,3.04,175,20,South Africa,Desktop,Restaurant,Card
TXN100839,6542.08,2,34.02,1335,24,Nigeria,Mobile,Travel,Digital Wallet
TXN100840,7712.03,1,10.97,1602,21,United States,Mobile,Restaurant,Bank Transfer
TXN100841,15911.85,10,58.13,2246,25,Nigeria,Mobile,Healthcare,Mobile Money
TXN100842,2636.69,8,1.13,2924,18,Nigeria,Desktop,Electronics,Card
TXN100843,11877.6,2,1.62,2247,26,United States,Mobile,Restaurant,Card
TXN100844,9570.61,17,21.03,2062,22,United States,Mobile,Clothing,Bank Transfer
TXN100845,13259.26,19,24.01,794,28,Ghana,Mobile,Healthcare,Mobile Money
TXN100846,10820.18,14,7.08,1399,25,Nigeria,Mobile,Fuel,Digital Wallet
TXN100847,94400.36,13,15.02,528,24,South Africa,Mobile,Online Services,Bank Transfer
TXN100848,4282.36,1,24.26,3561,32,Nigeria,Mobile,Restaurant,Card
TXN100849,4764.76,16,0.53,3398,41,Nigeria,Mobile,Healthcare,Card
TXN100850,4345.34,21,10.24,1996,26,Nigeria,Mobile,Healthcare,Digital Wallet
TXN100851,4649.54,7,23.05,1195,25,Nigeria,Mobile,Online Services,Card
TXN100852,4283.87,9,6.09,2974,31,South Africa,Mobile,Grocery,Bank Transfer
TXN100853,26609.31,17,4.32,1790,27,Nigeria,Mobile,Restaurant,Bank Transfer
TXN100854,33540.34,18,19.06,3154,20,United States,Mobile,Electronics,Card
TXN100855,4579.08,7,4.91,147,28,Nigeria,Desktop,Healthcare,Card
TXN100856,3525.03,7,0.04,394,31,Nigeria,Desktop,Fuel,Digital Wallet
TXN100857,12983.25,2,38.5,2011,17,Ghana,Tablet,Electronics,Digital Wallet
TXN100858,4664.69,2,10.76,165,24,United Kingdom,Mobile,Healthcare,Digital Wallet
TXN100859,15259.11,11,20.55,3515,31,United States,Mobile,Fuel,Card
TXN100860,9926.1,21,20.94,1130,15,South Africa,Mobile,Online Services,Card
TXN100861,1779.8,16,0.82,1901,13,Nigeria,Mobile,Electronics,Digital Wallet
TXN100862,38082.31,3,2.25,2634,28,United States,Mobile,Clothing,Card
TXN100863,48819.14,16,4.47,47,27,United States,Mobile,Electronics,Bank Transfer
TXN100864,4390.56,13,4.64,1920,21,Nigeria,Mobile,Grocery,Card
TXN100865,5498.87,18,12.9,2480,28,Ghana,Mobile,Restaurant,Bank Transfer
TXN100866,10784.5,8,11.71,234,22,Ghana,Tablet,Travel,Card
TXN100867,11321.48,20,8.19,528,23,Nigeria,Mobile,Electronics,Digital Wallet
TXN100868,15654.98,11,2.85,2401,16,United States,Mobile,Restaurant,Digital Wallet
TXN100869,60488.26,4,5.77,624,22,Nigeria,Mobile,Healthcare,Card
TXN100870,6788.96,10,9.41,591,24,Ghana,Desktop,Healthcare,Card
TXN100871,3647.16,19,7.57,1334,23,Nigeria,Desktop,Clothing,Bank Transfer
TXN100872,2039.95,2,1.63,3267,33,Nigeria,Mobile,Restaurant,Card
TXN100873,3901.32,20,12.58,3344,26,South Africa,Mobile,Electronics,Digital Wallet
TXN100874,7839.05,14,0.91,2556,25,Nigeria,Desktop,Electronics,Card
TXN100875,48754.75,13,5.7,2241,21,Nigeria,Mobile,Online Services,Card
TXN100876,4828.97,10,14.86,2401,18,United States,Tablet,Fuel,Bank Transfer
TXN100877,10135.38,19,0.24,2628,29,South Africa,Mobile,Electronics,Mobile Money
TXN100878,7971.09,7,10.13,2908,25,Ghana,Mobile,Grocery,Bank Transfer
TXN100879,26592.73,3,4.89,669,25,Nigeria,Desktop,Restaurant,Card
TXN100880,101410.55,11,0.11,1956,23,Nigeria,Mobile,Online Services,Card
TXN100881,4765.37,7,2.53,2711,25,South Africa,Mobile,Healthcare,Card
TXN100882,4966.95,5,33.95,2836,28,United Kingdom,Mobile,Fuel,Card
TXN100883,23020.97,14,8.84,2285,24,Nigeria,Desktop,Travel,Digital Wallet
TXN100884,16024.78,11,70.65,344,25,Kenya,Mobile,Grocery,Card
TXN100885,51364.75,15,8.93,2381,32,Nigeria,Mobile,Travel,Card
TXN100886,14529.38,15,9.42,930,33,Nigeria,Mobile,Healthcare,Mobile Money
TXN100887,5657.33,20,5.97,2316,38,Nigeria,Desktop,Electronics,Card
TXN100888,14627.44,19,4.45,1780,20,Nigeria,Mobile,Travel,Digital Wallet
TXN100889,24555.81,19,3.48,833,27,Nigeria,Mobile,Travel,Mobile Money
TXN100890,18406.92,3,5.05,3325,32,Kenya,Mobile,Grocery,Card
TXN100891,13457.26,10,7.39,3189,22,Nigeria,Desktop,Healthcare,Digital Wallet
TXN100892,23545.14,12,2.56,1590,23,South Africa,Desktop,Grocery,Bank Transfer
TXN100893,26089.69,8,3.06,1482,29,Kenya,Mobile,Restaurant,Bank Transfer
TXN100894,32278.58,3,3.8,1273,28,Kenya,Desktop,Travel,Digital Wallet
TXN100895,15501.78,11,7.16,2352,23,Nigeria,Mobile,Grocery,Digital Wallet
TXN100896,6856.02,8,12.69,1700,22,Nigeria,Mobile,Restaurant,Card
TXN100897,9383.55,12,23.27,2057,17,Ghana,Desktop,Travel,Card
TXN100898,27078.87,15,4.06,3031,21,Nigeria,Mobile,Fuel,Card
TXN100899,3579.81,5,2.44,1798,26,United Kingdom,Mobile,Travel,Mobile Money
TXN100900,11715.56,9,5.71,2030,24,Nigeria,Tablet,Online Services,Digital Wallet
TXN100901,5467.96,12,26.98,1119,32,Nigeria,Mobile,Healthcare,Card
TXN100902,8339.39,6,0.12,1476,18,Ghana,Mobile,Electronics,Card
TXN100903,29098.79,18,13.59,2332,25,United States,Desktop,Fuel,Mobile Money
TXN100904,9809.43,23,7.78,2202,27,Nigeria,Mobile,Healthcare,Card
TXN100905,8488.24,18,2.11,1199,29,Nigeria,Mobile,Grocery,Card
TXN100906,2080.04,16,4.65,644,31,United Kingdom,Mobile,Clothing,Card
TXN100907,17090.08,12,3.06,2462,36,Nigeria,Mobile,Fuel,Card
TXN100908,15451.85,12,25.23,2524,25,Nigeria,Desktop,Online Services,Digital Wallet
TXN100909,70492.02,20,7.89,416,21,Nigeria,Mobile,Healthcare,Digital Wallet
TXN100910,5956.4,1,9.94,2460,27,Nigeria,Mobile,Grocery,Card
TXN100911,10088.49,9,10.81,3378,27,Ghana,Desktop,Online Services,Digital Wallet
TXN100912,10398.16,21,12.25,1435,32,Nigeria,Mobile,Electronics,Card
TXN100913,39240.05,12,8.21,153,26,United States,Mobile,Online Services,Digital Wallet
TXN100914,7366.55,8,0.22,3368,23,South Africa,Desktop,Online Services,Card
TXN100915,10710.95,0,4.89,1843,25,United States,Desktop,Restaurant,Mobile Money
TXN100916,14881.83,13,2.44,3212,35,Nigeria,Mobile,Fuel,Card
TXN100917,9765.48,15,13.68,3482,24,Nigeria,Mobile,Grocery,Card
TXN100918,5185.21,19,0.7,1654,21,United States,Mobile,Fuel,Digital Wallet
TXN100919,9838.81,14,9.96,1211,34,Nigeria,Mobile,Travel,Card
TXN100920,23709.52,0,2.84,757,30,South Africa,Mobile,Clothing,Digital Wallet
TXN100921,2902.96,16,35.67,2973,22,Nigeria,Desktop,Restaurant,Card
TXN100922,9255.47,23,4.91,3649,25,South Africa,Mobile,Fuel,Card
TXN100923,4023.39,12,4.72,1171,28,United States,Tablet,Grocery,Digital Wallet
TXN100924,26770.25,14,30.83,2405,19,Nigeria,Desktop,Restaurant,Bank Transfer
TXN100925,1766.6,15,6.48,2771,23,Nigeria,Mobile,Fuel,Card
TXN100926,4633.55,15,39.52,3169,15,Nigeria,Mobile,Travel,Card
TXN100927,11816.02,1,0.29,3535,21,Nigeria,Desktop,Online Services,Bank Transfer
TXN100928,38774.73,16,4.39,388,29,Nigeria,Desktop,Clothing,Card
TXN100929,7587.44,10,13.17,3080,23,Kenya,Tablet,Fuel,Bank Transfer
TXN100930,4650.83,7,26.58,2874,27,Nigeria,Mobile,Fuel,Bank Transfer
TXN100931,53165.08,19,3.56,472,28,Nigeria,Mobile,Travel,Bank Transfer
TXN100932,1904.52,2,31.99,2241,23,Nigeria,Tablet,Clothing,Digital Wallet
TXN100933,898.92,11,10.82,1002,21,Nigeria,Mobile,Restaurant,Bank Transfer
TXN100934,12581.9,19,19.37,390,19,Nigeria,Desktop,Online Services,Card
TXN100935,4904.68,15,6.07,2662,25,Kenya,Mobile,Online Services,Card
TXN100936,2918.33,13,2.86,3220,29,United Kingdom,Desktop,Grocery,Bank Transfer
TXN100937,16454.54,15,29.06,882,26,Nigeria,Mobile,Clothing,Card
TXN100938,10340.26,20,32.46,3088,26,Nigeria,Desktop,Healthcare,Card
TXN100939,4609.72,16,8.26,3296,19,South Africa,Mobile,Travel,Mobile Money
TXN100940,2252.27,10,0.08,1654,28,Nigeria,Tablet,Clothing,Digital Wallet
TXN100941,19388.93,16,1.4,1641,18,Nigeria,Mobile,Healthcare,Bank Transfer
TXN100942,15524.91,18,10.21,1786,21,Ghana,Mobile,Fuel,Bank Transfer
TXN100943,7338.02,21,0.29,1053,33,Nigeria,Mobile,Restaurant,Card
TXN100944,51361.13,0,6.07,1937,20,Nigeria,Desktop,Online Services,Bank Transfer
TXN100945,2779.19,11,4.34,1960,18,United States,Mobile,Restaurant,Mobile Money
TXN100946,1762.48,14,15.04,270,17,,Mobile,Restaurant,Mobile Money
TXN100947,4056.57,17,0.69,3610,22,United Kingdom,Mobile,Fuel,Card
TXN100948,7741.99,22,8.05,695,25,Nigeria,Mobile,Grocery,Mobile Money
TXN100949,10335.5,13,10.38,2642,28,United Kingdom,Mobile,Healthcare,Mobile Money
TXN100950,6366.24,0,11.53,1195,17,Nigeria,Mobile,Restaurant,Card
TXN100951,11522.48,12,6.23,2909,22,Nigeria,Desktop,Grocery,Card
TXN100952,2318.0,14,4.36,1005,22,South Africa,Mobile,Fuel,Mobile Money
TXN100953,34329.65,6,13.77,2069,26,United Kingdom,Mobile,Fuel,Bank Transfer
TXN100954,7464.02,14,22.57,2108,15,Nigeria,Desktop,Electronics,Mobile Money
TXN100955,24767.7,19,14.2,252,36,Kenya,Tablet,Clothing,Card
TXN100956,11415.48,9,32.28,1857,21,Nigeria,Desktop,Healthcare,Card
TXN100957,12794.28,13,15.16,2343,21,South Africa,Mobile,Online Services,Card
TXN100958,14325.08,5,17.36,1335,30,Kenya,Mobile,Online Services,Bank Transfer
TXN100959,12679.08,13,2.21,817,28,Nigeria,Mobile,Travel,Bank Transfer
TXN100960,15409.24,23,6.53,2458,23,Nigeria,Mobile,Online Services,Digital Wallet
TXN100961,30612.16,21,7.96,585,17,Nigeria,Mobile,Grocery,Mobile Money
TXN100962,9862.76,11,3.55,2139,24,United States,Desktop,Online Services,Digital Wallet
TXN100963,16465.19,10,9.02,2790,21,Nigeria,Mobile,Grocery,Card
TXN100964,7407.62,19,4.12,876,25,Ghana,Mobile,Online Services,Card
TXN100965,34204.66,21,13.96,2598,26,Nigeria,Mobile,Travel,Card
TXN100966,4120.0,23,7.63,1124,24,Kenya,Mobile,Clothing,Bank Transfer
TXN100967,49066.92,18,7.37,2679,25,Ghana,Mobile,Restaurant,Card
TXN100968,7784.13,1,49.36,1589,19,Kenya,Mobile,Clothing,Bank Transfer
TXN100969,1937.64,21,5.98,169,29,United Kingdom,Mobile,Grocery,Card
TXN100970,9210.55,19,5.4,3417,27,Nigeria,Mobile,Healthcare,Card
TXN100971,4100.85,0,4.6,1393,22,Nigeria,Desktop,Fuel,Bank Transfer
TXN100972,18781.8,7,27.02,619,26,United States,Desktop,Restaurant,Card
TXN100973,4219.1,13,8.24,1779,17,Nigeria,Desktop,Electronics,Mobile Money
TXN100974,5186.51,8,11.0,2605,32,Kenya,Mobile,Travel,Mobile Money
TXN100975,1224.71,1,2.39,570,31,Kenya,Desktop,Clothing,Card
TXN100976,5154.85,22,9.34,3517,22,Kenya,Mobile,Restaurant,Mobile Money
TXN100977,717.75,4,3.85,3568,24,Nigeria,Desktop,Travel,Bank Transfer
TXN100978,1662.53,22,15.74,2452,26,Nigeria,Mobile,Clothing,Bank Transfer
TXN100979,17333.82,7,21.44,320,17,Kenya,Mobile,Grocery,Card
TXN100980,17779.48,15,15.06,2120,13,Nigeria,Mobile,Grocery,Mobile Money
TXN100981,12400.07,21,15.72,3154,24,Kenya,Mobile,Fuel,Card
TXN100982,3081.04,15,8.62,1285,29,Nigeria,Mobile,Healthcare,Card
TXN100983,7725.55,12,14.94,1265,23,Nigeria,Tablet,Healthcare,Card
TXN100984,8073.94,19,6.59,37,25,Nigeria,Mobile,Grocery,Bank Transfer
TXN100985,2544.36,14,12.65,1687,38,United States,Mobile,Healthcare,Bank Transfer
TXN100986,36439.12,0,3.6,512,28,Nigeria,Mobile,Electronics,Digital Wallet
TXN100987,19484.26,21,0.87,2119,24,Ghana,Mobile,Online Services,Mobile Money
TXN100988,6496.61,2,6.4,362,18,United States,Desktop,Grocery,Digital Wallet
TXN100989,8323.9,5,7.43,1286,23,Kenya,Mobile,Healthcare,Mobile Money
TXN100990,9980.44,21,3.56,3171,26,United States,Desktop,Grocery,Card
TXN100991,1051.81,13,15.61,1069,22,Nigeria,Mobile,Online Services,Bank Transfer
TXN100992,6328.53,3,0.92,2146,22,United Kingdom,Tablet,Grocery,Bank Transfer
TXN100993,4097.02,17,3.02,2130,25,Nigeria,Mobile,Restaurant,Bank Transfer
TXN100994,2976.13,14,16.57,714,19,United Kingdom,Tablet,Fuel,Bank Transfer
TXN100995,6117.44,8,6.9,1023,20,United Kingdom,Mobile,Travel,Mobile Money
TXN100996,48907.52,17,14.66,1827,30,Nigeria,Desktop,Electronics,Card
TXN100997,15380.3,2,10.06,3480,28,Nigeria,Mobile,Clothing,Mobile Money
TXN100998,4577.1,9,36.12,1854,16,Kenya,Mobile,Online Services,Card
TXN100999,14365.47,16,10.93,3564,26,Nigeria,Mobile,Healthcare,Card
TXN101000,32838.45,6,0.18,2604,32,South Africa,Mobile,Healthcare,Bank Transfer
TXN101001,20427.43,14,5.22,1835,20,Nigeria,Mobile,Fuel,Bank Transfer
TXN101002,8600.97,0,1.85,1732,28,United States,Mobile,Fuel,Card
TXN101003,4243.16,10,31.02,92,22,Nigeria,Mobile,Online Services,Bank Transfer
TXN101004,16288.64,16,1.32,290,25,Ghana,Desktop,Online Services,Bank Transfer
TXN101005,12009.89,4,5.89,3601,26,Nigeria,Tablet,Electronics,Card
TXN101006,19834.8,6,3.08,3222,21,Nigeria,Mobile,Travel,Mobile Money
TXN101007,15293.33,18,22.51,887,33,Nigeria,Mobile,Fuel,Card
TXN101008,,23,4.43,1293,24,Nigeria,Mobile,Grocery,Mobile Money
TXN101009,4744.61,14,57.78,1518,29,Nigeria,Desktop,Online Services,Card
TXN101010,30254.31,2,0.47,1160,34,United Kingdom,Tablet,Grocery,Bank Transfer
TXN101011,9873.4,14,1.65,2060,22,Nigeria,Tablet,Clothing,Digital Wallet
TXN101012,64554.23,4,3.05,209,24,South Africa,Tablet,Online Services,Mobile Money
TXN101013,4067.62,22,20.0,3117,24,Nigeria,Desktop,Fuel,Mobile Money
TXN101014,45980.09,11,25.3,384,24,Nigeria,Tablet,Electronics,Card
TXN101015,9876.47,19,0.89,963,30,Nigeria,Mobile,Electronics,Card
TXN101016,4224.19,4,0.4,3410,19,Ghana,Tablet,Fuel,Bank Transfer
TXN101017,4994.61,2,16.38,2804,30,Nigeria,Desktop,Fuel,Card
TXN101018,5882.0,8,1.72,618,28,Nigeria,Mobile,Clothing,Digital Wallet
TXN101019,12384.07,8,1.71,1790,21,Nigeria,Mobile,Electronics,Card
TXN101020,13668.31,6,0.27,634,17,Nigeria,Mobile,Electronics,Card
TXN101021,4565.58,1,0.61,2258,20,Nigeria,Desktop,Electronics,Bank Transfer
TXN101022,7908.12,22,3.67,203,25,Nigeria,Mobile,Online Services,Mobile Money
TXN101023,69028.2,22,0.81,2431,28,Nigeria,Mobile,Clothing,Card
TXN101024,45594.54,20,5.52,383,28,Kenya,Desktop,Online Services,Digital Wallet
TXN101025,12535.55,15,21.46,3320,27,Nigeria,Mobile,Clothing,Bank Transfer
TXN101026,8416.96,8,4.74,1368,24,Nigeria,Desktop,Healthcare,Mobile Money
TXN101027,9136.49,12,15.62,463,36,Nigeria,Desktop,Travel,Bank Transfer
TXN101028,14965.73,18,1.18,2982,33,Ghana,Tablet,Electronics,Mobile Money
TXN101029,2913.78,19,12.92,2359,22,Nigeria,Mobile,Travel,Card
TXN101030,6264.31,16,4.57,288,27,Kenya,Tablet,Healthcare,Mobile Money
TXN101031,1527.54,5,16.62,897,27,South Africa,Mobile,Restaurant,Bank Transfer
TXN101032,12078.99,3,1.76,2636,34,Ghana,Mobile,Restaurant,Card
TXN101033,15478.33,0,27.38,2082,25,Nigeria,Mobile,Electronics,Card
TXN101034,4998.1,17,3.33,2033,26,Nigeria,Mobile,Grocery,Mobile Money
TXN101035,39104.26,18,5.23,625,22,Nigeria,Tablet,Fuel,Card
TXN101036,2378.52,8,35.99,1698,16,United Kingdom,Mobile,Restaurant,Card
TXN101037,1873.62,12,10.37,423,38,South Africa,Tablet,Grocery,Card
TXN101038,10142.11,7,5.46,365,27,Nigeria,Mobile,Healthcare,Card
TXN101039,23088.69,22,35.85,2140,28,United States,Mobile,Travel,Bank Transfer
TXN101040,43648.65,12,4.79,73,22,Nigeria,Mobile,Electronics,Card
TXN101041,5121.05,14,1.2,2230,22,Nigeria,Mobile,Fuel,Card
TXN101042,23829.53,10,69.12,883,31,Nigeria,Tablet,Travel,Card
TXN101043,7796.98,11,3.74,3257,15,Nigeria,Desktop,Online Services,Bank Transfer
TXN101044,6818.35,13,22.87,3579,21,United Kingdom,Mobile,Travel,Bank Transfer
TXN101045,19607.35,3,2.17,304,29,United Kingdom,Desktop,Clothing,Card
TXN101046,15557.89,0,15.77,3459,30,Ghana,Mobile,Electronics,Bank Transfer
TXN101047,1675.07,23,8.92,455,25,Nigeria,Mobile,Clothing,Card
TXN101048,35473.47,3,47.5,3633,27,Kenya,Mobile,Travel,Mobile Money
TXN101049,32211.9,18,9.66,512,34,,Mobile,Grocery,Card
TXN101050,4334.83,8,0.3,243,25,Nigeria,Tablet,Electronics,Digital Wallet
TXN101051,12037.76,9,11.11,2156,16,Nigeria,Mobile,Electronics,Card
TXN101052,13280.21,3,1.88,168,21,Kenya,Mobile,Restaurant,Mobile Money
TXN101053,10516.22,19,19.23,979,21,United Kingdom,Mobile,Grocery,Card
TXN101054,4673.65,8,23.3,127,24,South Africa,Mobile,Online Services,Card
TXN101055,4139.69,12,7.9,693,21,Nigeria,Mobile,Grocery,Bank Transfer
TXN101056,7898.64,11,18.35,2275,28,Nigeria,Mobile,Healthcare,Mobile Money
TXN101057,26179.42,10,1.88,2862,23,United Kingdom,Desktop,Travel,Card
TXN101058,13955.1,11,8.13,2233,24,United Kingdom,Mobile,Healthcare,Bank Transfer
TXN101059,5593.64,17,6.01,1103,24,Nigeria,Mobile,Travel,Card
TXN101060,17530.52,11,11.34,508,13,Ghana,Mobile,Travel,Digital Wallet
TXN101061,469.4,15,0.55,2305,23,United Kingdom,Mobile,Restaurant,Mobile Money
TXN101062,25559.53,4,16.74,3558,32,United States,Desktop,Grocery,Card
TXN101063,1422.66,19,0.99,2599,22,South Africa,Mobile,Clothing,Mobile Money
TXN101064,5639.55,11,12.82,2226,34,Nigeria,Mobile,Grocery,Card
TXN101065,2644.75,20,0.22,1111,25,South Africa,Mobile,Clothing,Mobile Money
TXN101066,2220.12,10,21.4,191,20,Nigeria,Tablet,Electronics,Bank Transfer
TXN101067,25869.68,8,2.3,2940,28,United Kingdom,Desktop,Clothing,Bank Transfer
TXN101068,5076.1,17,8.7,1530,27,Nigeria,Mobile,Fuel,Card
TXN101069,11458.69,2,3.64,3208,23,Kenya,Mobile,Electronics,Digital Wallet
TXN101070,7731.66,19,15.39,1480,25,Ghana,Mobile,Healthcare,Mobile Money
TXN101071,13056.49,16,4.65,424,15,South Africa,Desktop,Healthcare,Mobile Money
TXN101072,8750.11,13,15.47,830,25,Ghana,Mobile,Online Services,Card
TXN101073,2246.23,0,4.02,215,31,,Mobile,Online Services,Card
TXN101074,21944.39,16,16.75,587,29,Kenya,Mobile,Fuel,Bank Transfer
TXN101075,4945.55,7,0.37,2010,26,Nigeria,Mobile,Travel,Mobile Money
TXN101076,1708.58,4,4.0,475,20,Nigeria,Mobile,Fuel,Digital Wallet
TXN101077,5281.07,4,8.29,859,21,United States,Mobile,Grocery,Card
TXN101078,36343.11,8,0.55,3549,31,Ghana,Mobile,Travel,Bank Transfer
TXN101079,18962.56,2,2.47,2164,29,Kenya,Mobile,Grocery,Mobile Money
TXN101080,5717.85,18,32.72,1302,21,Nigeria,Mobile,Clothing,Card
TXN101081,5714.39,22,45.18,3541,27,South Africa,Mobile,Healthcare,Card
TXN101082,5874.43,8,16.15,3358,27,South Africa,Mobile,Healthcare,Card
TXN101083,64650.3,21,3.49,3378,21,Kenya,Tablet,Grocery,Bank Transfer
TXN101084,11871.97,17,3.62,1843,29,United States,Mobile,Healthcare,Digital Wallet
TXN101085,12457.05,15,12.45,2515,30,Nigeria,Mobile,Clothing,Digital Wallet
TXN101086,22703.71,0,1.5,545,22,Kenya,Desktop,Grocery,Bank Transfer
TXN101087,10288.57,1,35.55,1630,31,South Africa,Mobile,Fuel,Card
TXN101088,6253.88,13,3.06,976,22,Nigeria,Mobile,Fuel,Bank Transfer
TXN101089,6658.5,13,95.01,1255,35,Nigeria,Mobile,Fuel,Digital Wallet
TXN101090,7543.18,0,8.22,1628,27,United States,Mobile,Fuel,Bank Transfer
TXN101091,7807.01,15,17.71,1708,25,Nigeria,Mobile,Electronics,Card
TXN101092,16774.74,14,0.03,785,30,Nigeria,Mobile,Clothing,Digital Wallet
TXN101093,8535.13,14,26.35,2874,31,Nigeria,Desktop,Fuel,Mobile Money
TXN101094,16859.0,11,3.78,3281,30,Nigeria,Desktop,Travel,Digital Wallet
TXN101095,7474.73,15,13.23,2763,24,United Kingdom,Mobile,Travel,Digital Wallet
TXN101096,8765.99,13,19.7,354,26,Nigeria,Desktop,Travel,Card
TXN101097,1098.61,23,2.15,2700,25,Nigeria,Mobile,Travel,Digital Wallet
TXN101098,20258.46,14,7.01,716,15,United Kingdom,Desktop,Electronics,Bank Transfer
TXN101099,11458.52,22,8.17,1528,26,Nigeria,Mobile,Electronics,Card
TXN101100,21982.68,14,4.49,1718,24,Kenya,Desktop,Restaurant,Bank Transfer
TXN101101,447.53,18,7.89,2029,24,United Kingdom,Mobile,Restaurant,Bank Transfer
TXN101102,65406.36,7,4.58,2477,30,South Africa,Mobile,Fuel,Card
TXN101103,7047.37,1,5.37,897,21,South Africa,Mobile,Restaurant,Digital Wallet
TXN101104,24543.02,1,13.28,246,31,Nigeria,Desktop,Online Services,Card
TXN101105,2864.34,9,12.02,2886,21,Nigeria,Mobile,Fuel,Digital Wallet
TXN101106,14954.6,2,3.17,3038,27,Nigeria,Mobile,Restaurant,Card
TXN101107,2825.91,22,27.33,3554,32,Nigeria,Mobile,Grocery,Card
TXN101108,4342.61,16,23.83,1030,24,Nigeria,Mobile,Online Services,Card
TXN101109,54941.89,7,8.54,3505,29,Nigeria,Desktop,Clothing,Mobile Money
TXN101110,6696.35,22,6.81,2018,25,Ghana,Tablet,Travel,Card
TXN101111,10071.18,3,5.68,961,22,Nigeria,Desktop,Grocery,Digital Wallet
TXN101112,,13,14.74,2042,28,Nigeria,Desktop,Online Services,Mobile Money
TXN101113,13302.16,20,13.36,269,31,Nigeria,Mobile,Fuel,Mobile Money
TXN101114,9418.38,9,2.62,1239,31,Nigeria,Mobile,Electronics,Card
TXN101115,11672.15,0,13.36,77,27,Ghana,Mobile,Travel,Bank Transfer
TXN101116,89627.33,3,3.49,3487,27,Kenya,Tablet,Clothing,Digital Wallet
TXN101117,7649.39,0,0.22,3309,23,United Kingdom,Desktop,Clothing,Card
TXN101118,9908.01,16,14.42,3258,25,United Kingdom,Mobile,Fuel,Card
TXN101119,23170.94,16,12.42,1278,22,Kenya,Mobile,Fuel,Bank Transfer
TXN101120,24477.9,6,6.35,1197,23,Kenya,Mobile,Electronics,Digital Wallet
TXN101121,26556.51,22,8.95,3520,29,Nigeria,Mobile,Travel,Bank Transfer
TXN101122,15347.84,19,35.29,3212,27,Nigeria,Desktop,Restaurant,Card
TXN101123,2583.74,14,10.85,904,23,United Kingdom,Mobile,Travel,Bank Transfer
TXN101124,41499.29,12,12.87,1927,21,Nigeria,Desktop,Travel,Digital Wallet
TXN101125,2575.13,1,0.79,3566,18,Nigeria,Tablet,Clothing,Card
TXN101126,10966.88,18,2.18,2209,26,Nigeria,Desktop,Healthcare,Card
TXN101127,3811.29,23,4.3,654,20,Nigeria,Tablet,Electronics,Card
TXN101128,7599.68,12,9.3,1889,29,South Africa,Mobile,Travel,Card
TXN101129,11257.19,23,17.99,2000,30,Nigeria,Tablet,Grocery,Card
TXN101130,11174.14,10,4.65,630,29,Nigeria,Mobile,Grocery,Card
TXN101131,12356.29,21,5.29,2750,24,Nigeria,Desktop,Fuel,Bank Transfer
TXN101132,40688.93,14,3.55,2411,32,Kenya,Mobile,Electronics,Card
TXN101133,12753.16,9,3.53,1973,23,Kenya,Mobile,Restaurant,Card
TXN101134,6347.67,8,35.68,3176,36,Nigeria,Mobile,Online Services,Digital Wallet
TXN101135,21249.47,8,12.11,1846,22,South Africa,Mobile,Travel,Card
TXN101136,26621.39,19,2.03,3513,21,Nigeria,Tablet,Online Services,Card
TXN101137,2374.14,0,15.37,3620,34,Kenya,Desktop,Travel,Card
TXN101138,14726.44,16,15.36,2113,24,Kenya,Mobile,Clothing,Bank Transfer
TXN101139,16336.75,11,13.18,2855,24,United States,Mobile,Travel,Mobile Money
TXN101140,6017.56,9,1.74,1678,35,Nigeria,Desktop,Online Services,Mobile Money
TXN101141,32070.98,4,6.29,1857,18,Nigeria,Mobile,Restaurant,Bank Transfer
TXN101142,6974.0,17,1.35,252,30,Nigeria,Desktop,Travel,Digital Wallet
TXN101143,9187.29,14,20.35,1776,24,Nigeria,Mobile,Travel,Mobile Money
TXN101144,6815.32,5,12.78,559,26,Nigeria,Mobile,Fuel,Card
TXN101145,8230.31,6,8.49,2318,22,Nigeria,Tablet,Clothing,Card
TXN101146,2707.35,16,5.04,163,26,Nigeria,Mobile,Healthcare,Bank Transfer
TXN101147,1919.75,5,2.44,420,22,United Kingdom,Mobile,Healthcare,Digital Wallet
TXN101148,39914.9,7,1.35,131,27,Nigeria,Tablet,Grocery,Card
TXN101149,3473.92,11,41.78,2070,34,United States,Tablet,Grocery,Card
TXN101150,3006.73,20,2.67,2758,34,United Kingdom,Tablet,Fuel,Digital Wallet
TXN101151,940.69,13,0.74,2575,23,United Kingdom,Mobile,Restaurant,Card
TXN101152,4277.13,11,39.14,2588,21,United States,Mobile,Electronics,Bank Transfer
TXN101153,2157.94,22,9.55,2780,18,South Africa,Mobile,Electronics,Card
TXN101154,41857.03,9,19.11,3071,31,South Africa,Mobile,Clothing,Card
TXN101155,22243.77,21,0.54,3638,29,Nigeria,Desktop,Online Services,Bank Transfer
TXN101156,4071.84,19,10.04,2030,35,Nigeria,Mobile,Online Services,Bank Transfer
TXN101157,77067.41,14,6.09,978,24,United States,Mobile,Travel,Card
TXN101158,21628.46,6,17.74,1598,33,,Tablet,Healthcare,Mobile Money
TXN101159,5855.69,8,0.47,3444,28,Nigeria,Tablet,Healthcare,Card
TXN101160,665.54,9,6.16,870,20,South Africa,Mobile,Clothing,Bank Transfer
TXN101161,80092.91,9,19.26,2083,27,Ghana,Mobile,Online Services,Card
TXN101162,2019.14,15,8.88,3035,27,United Kingdom,Desktop,Grocery,Mobile Money
TXN101163,1563.37,6,9.58,223,32,Nigeria,Mobile,Fuel,Mobile Money
TXN101164,22529.27,4,1.23,771,24,Ghana,Desktop,Restaurant,Card
TXN101165,92944.0,22,1.7,3238,26,Nigeria,Desktop,Healthcare,Card
TXN101166,32346.88,2,13.56,2989,34,United Kingdom,Mobile,Healthcare,Digital Wallet
TXN101167,14241.41,17,13.49,502,25,Nigeria,Mobile,Electronics,Card
TXN101168,14687.53,10,46.42,2293,16,United Kingdom,Mobile,Fuel,Bank Transfer
TXN101169,19023.22,14,14.94,3450,33,Nigeria,Desktop,Travel,Card
TXN101170,17308.08,20,8.16,2953,24,Nigeria,Mobile,Fuel,Digital Wallet
TXN101171,10734.21,19,23.37,3284,27,Nigeria,Desktop,Electronics,Digital Wallet
TXN101172,8992.99,4,1.32,3269,22,Nigeria,Tablet,Grocery,Card
TXN101173,7611.43,23,7.16,67,19,Ghana,Mobile,Travel,Bank Transfer
TXN101174,3812.48,11,4.06,1728,20,Nigeria,Tablet,Grocery,Digital Wallet
TXN101175,6120.05,3,1.33,500,22,Nigeria,Mobile,Electronics,Card
TXN101176,1490.76,14,17.3,2529,20,Nigeria,Desktop,Electronics,Card
TXN101177,7344.16,8,8.58,1543,17,United Kingdom,Mobile,Grocery,Card
TXN101178,3015.16,6,9.76,3243,25,Nigeria,Mobile,Travel,Card
TXN101179,2687.62,9,6.36,1042,27,Nigeria,Mobile,Grocery,Mobile Money
TXN101180,9700.13,22,7.4,1813,27,Ghana,Mobile,Travel,Bank Transfer
TXN101181,32597.87,12,1.48,1996,19,United States,Mobile,Clothing,Bank Transfer
TXN101182,20298.79,7,13.41,132,23,United Kingdom,Desktop,Clothing,Card
TXN101183,1684.96,11,6.8,1764,25,United Kingdom,Mobile,Travel,Mobile Money
TXN101184,3012.04,21,20.36,1765,23,Nigeria,Tablet,Grocery,Mobile Money
TXN101185,20759.75,23,2.62,71,25,United Kingdom,Mobile,Fuel,Bank Transfer
TXN101186,3033.62,18,2.75,3024,23,South Africa,Mobile,Fuel,Digital Wallet
TXN101187,6472.82,0,12.45,3248,20,United Kingdom,Mobile,Travel,Card
TXN101188,14045.43,15,22.45,2143,24,Nigeria,Tablet,Healthcare,Mobile Money
TXN101189,3076.83,21,7.67,3020,26,United States,Mobile,Electronics,Bank Transfer
TXN101190,9003.56,16,15.58,222,20,Nigeria,Mobile,Healthcare,Card
TXN101191,2134.47,17,87.7,3399,31,Ghana,Tablet,Fuel,Card
TXN101192,,10,55.59,1091,31,Nigeria,Mobile,Grocery,Card
TXN101193,11156.55,17,16.37,2579,31,Nigeria,Desktop,Online Services,Digital Wallet
TXN101194,1647.49,6,16.15,1706,22,Nigeria,Mobile,Travel,Mobile Money
TXN101195,12587.69,17,3.41,3529,30,Nigeria,Mobile,Electronics,Bank Transfer
TXN101196,7945.51,7,21.52,2741,41,South Africa,Mobile,Restaurant,Card
TXN101197,14079.71,5,6.23,2429,16,Ghana,Tablet,Electronics,Digital Wallet
TXN101198,10136.66,6,39.24,355,24,Kenya,Tablet,Online Services,Card
TXN101199,31702.17,22,1.02,3139,26,Nigeria,Mobile,Travel,Bank Transfer
TXN101200,9184.06,21,6.87,1150,24,United States,Mobile,Grocery,Mobile Money
TXN101201,5274.26,9,9.74,137,15,Kenya,Mobile,Grocery,Card
TXN101202,9157.22,10,6.23,2708,24,Nigeria,Mobile,Clothing,Bank Transfer
TXN101203,13950.88,12,2.84,2228,27,South Africa,Mobile,Online Services,Card
TXN101204,8508.83,8,10.79,1127,20,Nigeria,Mobile,Travel,Card
TXN101205,8438.77,6,16.92,3158,20,Nigeria,Mobile,Electronics,Mobile Money
TXN101206,4015.87,8,12.42,2955,27,Nigeria,Mobile,Electronics,Card
TXN101207,4175.96,12,3.21,364,22,Ghana,Desktop,Online Services,Card
TXN101208,1993.0,2,15.78,3353,22,Nigeria,Desktop,Travel,Card
TXN101209,46610.3,2,3.56,1972,30,Nigeria,Mobile,Electronics,Card
TXN101210,2335.86,0,2.31,2069,35,United States,Desktop,Fuel,Card
TXN101211,4052.52,20,14.08,833,21,Nigeria,Mobile,Restaurant,Mobile Money
TXN101212,3950.48,19,22.2,1878,24,Nigeria,Mobile,Online Services,Card
TXN101213,19829.47,1,7.88,796,24,United States,Desktop,Clothing,Mobile Money
TXN101214,6033.31,2,9.1,1307,16,Nigeria,Desktop,Grocery,Bank Transfer
TXN101215,28218.75,14,4.33,1438,27,Kenya,Mobile,Healthcare,Card
TXN101216,4131.97,23,8.19,3557,39,Nigeria,Mobile,Electronics,Digital Wallet
TXN101217,10710.65,5,1.7,2336,26,Ghana,Tablet,Restaurant,Card
TXN101218,3514.5,12,37.44,2859,30,Nigeria,Mobile,Travel,Card
TXN101219,69227.2,20,19.33,1518,26,United States,Mobile,Electronics,Card
TXN101220,2471.06,0,13.23,63,24,Nigeria,Desktop,Online Services,Card
TXN101221,11045.97,19,9.27,3596,23,Ghana,Mobile,Travel,Digital Wallet
TXN101222,15272.01,18,18.85,2403,17,United States,Mobile,Healthcare,Card
TXN101223,12256.35,0,8.19,866,19,United States,Tablet,Restaurant,Mobile Money
TXN101224,6732.57,20,4.28,3339,26,Nigeria,Mobile,Restaurant,Bank Transfer
TXN101225,7116.56,21,2.1,2768,27,United Kingdom,Mobile,Fuel,Card
TXN101226,8465.98,1,12.52,2054,28,Nigeria,Mobile,Grocery,Digital Wallet
TXN101227,6995.33,14,31.81,1669,23,Ghana,Mobile,Travel,Digital Wallet
TXN101228,21245.05,13,2.0,3642,28,Nigeria,Mobile,Clothing,Digital Wallet
TXN101229,73904.06,18,2.38,768,35,Nigeria,Mobile,Healthcare,Bank Transfer
TXN101230,4640.18,10,6.82,1519,29,Nigeria,Mobile,Grocery,Card
TXN101231,2059.46,14,19.73,2821,25,Ghana,Mobile,Travel,Card
TXN101232,7418.39,5,4.18,1357,30,Nigeria,Mobile,Fuel,Bank Transfer
TXN101233,106906.44,19,3.51,1915,22,Nigeria,Mobile,Travel,Card
TXN101234,3627.6,8,11.61,2924,24,Nigeria,Mobile,Fuel,Mobile Money
TXN101235,41735.89,4,9.2,146,23,United States,Mobile,Restaurant,Mobile Money
TXN101236,43377.7,19,0.75,3308,31,Kenya,Mobile,Online Services,Card
TXN101237,4658.33,1,1.02,1534,25,Nigeria,Mobile,Restaurant,Card
TXN101238,14313.85,5,12.36,2727,25,United States,Desktop,Travel,Digital Wallet
TXN101239,41290.87,17,7.51,2480,17,Ghana,Desktop,Online Services,Card
TXN101240,5546.22,22,42.48,3074,23,Nigeria,Mobile,Online Services,Card
TXN101241,6610.53,18,13.62,2063,31,Nigeria,Mobile,Restaurant,Card
TXN101242,4529.28,8,0.12,1729,23,Nigeria,Mobile,Fuel,Card
TXN101243,2937.29,20,7.87,1953,30,South Africa,Mobile,Fuel,Card
TXN101244,4233.24,23,6.42,1640,23,United States,Mobile,Fuel,Card
TXN101245,2382.87,5,1.35,2310,33,Nigeria,Mobile,Travel,Card
TXN101246,8384.03,13,30.8,3006,23,Nigeria,Mobile,Travel,Bank Transfer
TXN101247,3751.93,23,19.62,1337,24,Nigeria,Tablet,Online Services,Card
TXN101248,10237.23,12,3.14,2557,25,Nigeria,Desktop,Grocery,Card
TXN101249,1709.75,10,3.55,1005,26,South Africa,Desktop,Grocery,Digital Wallet
TXN101250,11281.06,11,0.39,2086,23,Ghana,Mobile,Clothing,Bank Transfer
TXN101251,18648.65,18,4.22,744,30,Nigeria,Mobile,Grocery,Card
TXN101252,1103.52,18,10.54,1955,31,United Kingdom,Mobile,Electronics,Digital Wallet
TXN101253,11778.8,20,6.55,2456,18,Nigeria,Tablet,Healthcare,Card
TXN101254,27657.96,18,41.78,2458,40,United States,Mobile,Electronics,Card
TXN101255,2417.19,23,0.69,873,31,Nigeria,Mobile,Restaurant,Digital Wallet
TXN101256,43155.81,12,10.74,389,22,Ghana,Mobile,Online Services,Card
TXN101257,12320.49,13,23.45,2253,14,Nigeria,Desktop,Electronics,Digital Wallet
TXN101258,4003.76,23,7.86,514,20,Nigeria,Mobile,Grocery,Mobile Money
TXN101259,7663.55,17,0.04,1458,15,South Africa,Mobile,Online Services,Card
TXN101260,14162.13,11,3.34,2110,27,Nigeria,Tablet,Healthcare,Card
TXN101261,8742.97,3,4.69,1518,23,United Kingdom,Mobile,Clothing,Card
TXN101262,13887.66,9,40.57,725,28,Ghana,Mobile,Travel,Card
TXN101263,3227.06,16,29.13,2234,19,United States,Mobile,Clothing,Digital Wallet
TXN101264,9598.49,3,35.75,594,21,United States,Desktop,Healthcare,Card
TXN101265,1970.98,11,20.97,1861,29,Nigeria,Mobile,Grocery,Card
TXN101266,7250.12,12,5.2,231,20,Ghana,Mobile,Healthcare,Bank Transfer
TXN101267,3281.62,3,28.36,1228,32,United Kingdom,Desktop,Grocery,Card
TXN101268,3883.41,9,48.0,1297,27,Nigeria,Mobile,Healthcare,Card
TXN101269,27891.94,2,5.17,3370,16,United Kingdom,Tablet,Grocery,Card
TXN101270,24132.39,14,3.62,3000,26,Ghana,Mobile,Restaurant,Mobile Money
TXN101271,14900.32,1,9.5,1499,31,Kenya,Mobile,Electronics,Card
TXN101272,2718.1,16,2.49,103,23,Nigeria,Mobile,Healthcare,Card
TXN101273,5905.22,5,0.4,125,24,South Africa,Desktop,Grocery,Card
TXN101274,27257.87,7,34.99,1926,21,Nigeria,Desktop,Healthcare,Bank Transfer
TXN101275,9336.78,2,31.2,202,25,South Africa,Mobile,Travel,Card
TXN101276,82399.08,17,2.13,1952,21,Nigeria,Mobile,Electronics,Card
TXN101277,12007.87,21,6.29,3507,25,Nigeria,Tablet,Electronics,Bank Transfer
TXN101278,9818.75,0,21.34,2232,30,United States,Mobile,Restaurant,Bank Transfer
TXN101279,5948.44,15,12.98,3284,28,South Africa,Mobile,Clothing,Card
TXN101280,9260.76,6,6.03,3424,22,United States,Tablet,Online Services,Mobile Money
TXN101281,6957.18,2,16.36,2366,32,Nigeria,Desktop,Electronics,Card
TXN101282,16450.46,22,27.28,287,24,Ghana,Mobile,Electronics,Mobile Money
TXN101283,21093.12,3,31.27,2251,29,Ghana,Tablet,Grocery,Bank Transfer
TXN101284,3692.32,8,5.71,359,25,Kenya,Mobile,Travel,Digital Wallet
TXN101285,2140.44,4,2.29,1284,26,Nigeria,Mobile,Grocery,Bank Transfer
TXN101286,1291.8,18,29.28,2836,24,Nigeria,Desktop,Travel,Card
TXN101287,13466.92,14,1.17,3097,17,United Kingdom,Mobile,Electronics,Mobile Money
TXN101288,2688.22,7,15.35,190,18,Nigeria,Tablet,Travel,Mobile Money
TXN101289,941.16,5,1.82,215,30,United States,Desktop,Grocery,Digital Wallet
TXN101290,11951.1,17,5.92,172,31,Nigeria,Mobile,Grocery,Card
TXN101291,98027.13,18,6.36,3383,37,United States,Desktop,Clothing,Bank Transfer
TXN101292,8054.04,23,2.07,2984,29,Kenya,Mobile,Healthcare,Bank Transfer
TXN101293,18741.41,14,30.72,669,36,South Africa,Mobile,Restaurant,Bank Transfer
TXN101294,8794.04,6,0.03,2104,25,Nigeria,Tablet,Clothing,Digital Wallet
TXN101295,7340.12,9,26.91,3347,22,United Kingdom,Desktop,Electronics,Bank Transfer
TXN101296,20314.22,5,25.83,3588,24,Nigeria,Mobile,Travel,Bank Transfer
TXN101297,6061.58,13,4.57,231,21,Kenya,Mobile,Grocery,Card
TXN101298,10587.11,16,14.62,3122,31,Nigeria,Mobile,Grocery,Card
TXN101299,11177.94,8,3.5,1644,22,Ghana,Mobile,Healthcare,Card
TXN101300,4154.34,18,17.06,2747,23,United Kingdom,Mobile,Grocery,Card
TXN101301,21851.88,4,9.88,3195,32,Nigeria,Mobile,Healthcare,Card
TXN101302,6802.46,22,4.28,3109,22,South Africa,Mobile,Online Services,Card
TXN101303,3805.7,6,6.13,501,25,Nigeria,Desktop,Grocery,Bank Transfer
TXN101304,13856.5,18,14.05,3440,26,United States,Mobile,Online Services,Bank Transfer
TXN101305,3299.52,19,28.39,2336,31,United States,Mobile,Electronics,Mobile Money
TXN101306,8334.69,6,1.68,2132,23,Nigeria,Tablet,Restaurant,Bank Transfer
TXN101307,8029.53,23,10.17,940,24,Nigeria,Mobile,Healthcare,Bank Transfer
TXN101308,24002.08,1,3.51,1601,23,Kenya,Desktop,Clothing,Card
TXN101309,13025.94,22,19.4,1059,34,Nigeria,Mobile,Online Services,Digital Wallet
TXN101310,7902.81,15,0.87,3478,27,Nigeria,Mobile,Clothing,Card
TXN101311,18357.0,12,14.01,2631,19,Nigeria,Mobile,Healthcare,Digital Wallet
TXN101312,32539.42,7,2.31,1103,27,Nigeria,Mobile,Online Services,Bank Transfer
TXN101313,14154.82,5,10.89,2189,23,Nigeria,Mobile,Grocery,Card
TXN101314,8187.41,5,21.67,2223,32,Nigeria,Mobile,Grocery,Card
TXN101315,2182.36,8,16.88,259,19,Nigeria,Mobile,Travel,Card
TXN101316,2793.04,3,16.78,1776,28,Ghana,Mobile,Grocery,Card
TXN101317,5971.63,10,8.75,2574,25,Ghana,Mobile,Clothing,Card
TXN101318,4404.97,4,26.57,1359,27,Nigeria,Tablet,Travel,Bank Transfer
TXN101319,6721.25,16,10.64,3643,28,Ghana,Desktop,Fuel,Card
TXN101320,8575.37,19,29.94,490,34,United Kingdom,Desktop,Travel,Bank Transfer
TXN101321,13762.36,6,9.49,836,28,Nigeria,Desktop,Grocery,Mobile Money
TXN101322,7551.5,14,8.46,1961,25,United Kingdom,Mobile,Fuel,Bank Transfer
TXN101323,13180.6,14,3.02,2303,25,Kenya,Mobile,Fuel,Card
TXN101324,8642.74,13,9.44,88,33,Nigeria,Desktop,Travel,Card
TXN101325,1123.87,12,1.82,1129,25,Nigeria,Mobile,Restaurant,Card
TXN101326,3167.39,10,24.45,2505,24,Nigeria,Mobile,Grocery,Mobile Money
TXN101327,7015.75,12,13.52,757,19,South Africa,Mobile,Restaurant,Bank Transfer
TXN101328,2417.06,21,60.68,1185,25,Nigeria,Mobile,Grocery,Bank Transfer
TXN101329,14763.73,23,1.16,3009,24,United States,Mobile,Online Services,Card
TXN101330,37449.58,8,3.3,527,34,Kenya,Tablet,Restaurant,Card
TXN101331,27412.7,9,25.16,2893,31,Nigeria,Desktop,Healthcare,Mobile Money
TXN101332,6545.66,3,6.04,939,27,Nigeria,Mobile,Fuel,Bank Transfer
TXN101333,35980.27,16,7.54,1358,39,Nigeria,Mobile,Grocery,Digital Wallet
TXN101334,9401.9,13,23.65,2144,32,Nigeria,Mobile,Healthcare,Digital Wallet
TXN101335,5784.37,23,8.85,259,20,Nigeria,Mobile,Healthcare,Mobile Money
TXN101336,4387.86,17,2.58,3060,22,South Africa,Desktop,Clothing,Card
TXN101337,5988.11,10,26.71,362,29,Kenya,Mobile,Online Services,Card
TXN101338,5496.26,15,0.38,2354,30,Nigeria,Desktop,Online Services,Card
TXN101339,9608.62,0,27.09,1926,25,Ghana,Mobile,Online Services,Digital Wallet
TXN101340,9514.52,6,0.62,1637,21,Nigeria,Mobile,Healthcare,Card
TXN101341,8127.8,9,13.15,750,33,Nigeria,Desktop,Grocery,Mobile Money
TXN101342,12543.25,8,0.89,2221,25,South Africa,Desktop,Clothing,Digital Wallet
TXN101343,26652.71,2,14.7,1304,32,Nigeria,Desktop,Electronics,Mobile Money
TXN101344,20942.88,21,0.41,720,21,United Kingdom,Tablet,Online Services,Bank Transfer
TXN101345,1835.55,22,22.18,3181,24,United States,Desktop,Electronics,Card
TXN101346,630.23,13,7.53,86,19,Ghana,Desktop,Grocery,Card
TXN101347,20626.25,14,1.18,3467,32,Nigeria,Desktop,Healthcare,Bank Transfer
TXN101348,2065.49,1,14.72,2385,27,Nigeria,Mobile,Online Services,Digital Wallet
TXN101349,6471.96,23,8.06,2251,16,Nigeria,Mobile,Clothing,Digital Wallet
TXN101350,2514.65,13,2.54,1515,34,Ghana,Mobile,Clothing,Card
TXN101351,1336.78,15,0.19,779,35,United Kingdom,Mobile,Online Services,Card
TXN101352,13925.3,6,6.5,3081,22,Ghana,Desktop,Fuel,Bank Transfer
TXN101353,17312.0,3,1.07,707,29,South Africa,Mobile,Travel,Bank Transfer
TXN101354,4552.76,17,1.19,3594,32,South Africa,Mobile,Travel,Card
TXN101355,607.26,23,3.73,589,34,United Kingdom,Desktop,Online Services,Card
TXN101356,4692.66,4,11.95,1692,32,Nigeria,Mobile,Healthcare,Digital Wallet
TXN101357,11989.71,5,9.06,1734,31,United Kingdom,Mobile,Fuel,Digital Wallet
TXN101358,1846.58,6,0.86,3475,20,Kenya,Mobile,Restaurant,Bank Transfer
TXN101359,9733.8,14,41.47,2008,21,Nigeria,Desktop,Travel,Bank Transfer
TXN101360,7979.97,0,26.18,378,30,United States,Mobile,Grocery,Card
TXN101361,,23,3.6,1120,20,United States,Tablet,Travel,Mobile Money
TXN101362,9132.37,3,1.57,2407,31,Ghana,Mobile,Travel,Card
TXN101363,3062.33,0,34.25,2271,26,United Kingdom,Desktop,Fuel,Card
TXN101364,26811.11,10,7.42,1208,30,Nigeria,Mobile,Grocery,Card
TXN101365,6915.15,17,4.47,3261,24,Nigeria,Mobile,Grocery,Card
TXN101366,7884.83,13,8.09,1749,29,Nigeria,Mobile,Fuel,Digital Wallet
TXN101367,3186.67,21,17.78,2343,25,Nigeria,Mobile,Restaurant,Digital Wallet
TXN101368,5201.58,10,2.21,2245,28,Nigeria,Mobile,Clothing,Bank Transfer
TXN101369,3344.92,9,17.51,2222,26,Nigeria,Mobile,Travel,Mobile Money
TXN101370,6816.18,16,16.61,2263,35,Kenya,Mobile,Healthcare,Card
TXN101371,44878.25,3,9.3,915,21,Nigeria,Desktop,Online Services,Bank Transfer
TXN101372,2055.14,23,24.1,894,24,Nigeria,Mobile,Online Services,Mobile Money
TXN101373,1613.95,14,1.7,2851,14,Nigeria,Tablet,Electronics,Bank Transfer
TXN101374,35283.49,15,10.86,3524,27,Nigeria,Desktop,Clothing,Card
TXN101375,6572.68,20,7.16,3084,27,Nigeria,Mobile,Grocery,Mobile Money
TXN101376,4150.26,12,6.58,815,23,Nigeria,Mobile,Online Services,Card
TXN101377,22923.2,8,3.49,486,16,Nigeria,Mobile,Fuel,Card
TXN101378,4422.16,10,5.59,374,30,Nigeria,Desktop,Travel,Bank Transfer
TXN101379,50312.54,10,1.37,2812,30,Nigeria,Desktop,Restaurant,Card
TXN101380,15961.36,5,3.48,583,29,United Kingdom,Mobile,Fuel,Bank Transfer
TXN101381,4974.54,0,3.81,1050,20,Nigeria,Mobile,Healthcare,Bank Transfer
TXN101382,70074.08,21,15.3,3617,30,Kenya,Mobile,Electronics,Card
TXN101383,4421.72,5,0.6,817,22,Nigeria,Desktop,Clothing,Digital Wallet
TXN101384,17019.17,12,12.64,1849,31,Nigeria,Desktop,Travel,Mobile Money
TXN101385,10930.28,21,3.0,3013,36,Nigeria,Desktop,Healthcare,Card
TXN101386,29784.44,23,1.02,734,34,United States,Desktop,Grocery,Mobile Money
TXN101387,38619.45,21,4.29,1157,28,Nigeria,Mobile,Clothing,Card
TXN101388,8366.61,4,3.05,2324,27,Kenya,Tablet,Fuel,Mobile Money
TXN101389,3814.57,14,9.64,841,22,Ghana,Tablet,Fuel,Mobile Money
TXN101390,12835.53,17,5.31,3124,22,Nigeria,Mobile,Electronics,Card
TXN101391,4114.55,19,40.57,982,19,United States,Mobile,Healthcare,Bank Transfer
TXN101392,60681.08,13,39.74,844,33,Nigeria,Mobile,Grocery,Digital Wallet
TXN101393,9288.53,14,7.04,1578,30,Nigeria,Desktop,Electronics,Card
TXN101394,5623.33,4,19.02,173,28,Nigeria,Mobile,Travel,Card
TXN101395,9746.66,3,0.16,2807,28,Nigeria,Mobile,Clothing,Card
TXN101396,2106.69,1,9.52,892,29,Nigeria,Mobile,Restaurant,Card
TXN101397,3066.79,6,16.32,1246,24,Ghana,Mobile,Fuel,Card
TXN101398,26914.32,9,2.93,2542,30,Nigeria,Mobile,Travel,Card
TXN101399,4201.12,15,0.76,1837,24,Ghana,Mobile,Online Services,Card
TXN101400,2844.35,9,2.03,404,29,Nigeria,Desktop,Travel,Card
TXN101401,13858.48,17,7.0,706,30,United States,Mobile,Restaurant,Bank Transfer
TXN101402,26521.32,16,8.47,2769,20,Nigeria,Desktop,Restaurant,Digital Wallet
TXN101403,16629.83,20,5.75,2706,36,Kenya,Desktop,Online Services,Digital Wallet
TXN101404,21939.58,12,6.96,1319,13,Kenya,Mobile,Online Services,Card
TXN101405,3801.7,0,7.62,3479,27,Nigeria,Mobile,Grocery,Mobile Money
TXN101406,1955.09,0,17.61,585,30,Nigeria,Mobile,Electronics,Digital Wallet
TXN101407,36363.97,14,1.33,892,20,Nigeria,Mobile,Travel,Digital Wallet
TXN101408,5868.3,0,17.58,2151,27,Nigeria,Tablet,Grocery,Digital Wallet
TXN101409,6305.43,5,14.0,2515,23,Nigeria,Desktop,Online Services,Mobile Money
TXN101410,30582.83,12,16.24,910,25,Kenya,Mobile,Grocery,Card
TXN101411,14132.47,0,15.91,2303,23,Nigeria,Tablet,Travel,Card
TXN101412,12783.21,4,7.63,1872,21,Nigeria,Desktop,Electronics,Bank Transfer
TXN101413,70615.32,8,2.85,2385,22,Nigeria,Tablet,Restaurant,Card
TXN101414,4257.69,16,9.23,995,20,United Kingdom,Mobile,Travel,Digital Wallet
TXN101415,20493.03,15,38.04,2425,21,Nigeria,Desktop,Electronics,Card
TXN101416,8578.49,7,10.66,505,25,Nigeria,Mobile,Restaurant,Digital Wallet
TXN101417,10599.82,16,0.13,1368,29,Nigeria,Desktop,Fuel,Mobile Money
TXN101418,37364.2,14,0.74,554,28,Nigeria,Mobile,Fuel,Card
TXN101419,13464.82,23,59.31,1478,23,Kenya,Desktop,Fuel,Card
TXN101420,13881.27,0,0.9,2601,37,Kenya,Mobile,Clothing,Card
TXN101421,23682.87,11,0.57,591,25,Kenya,Desktop,Travel,Bank Transfer
TXN101422,5625.4,4,5.23,3350,26,Ghana,Desktop,Fuel,Mobile Money
TXN101423,3500.95,23,41.81,598,26,United States,Mobile,Online Services,Digital Wallet
TXN101424,2850.33,5,4.6,1235,31,Nigeria,Mobile,Healthcare,Card
TXN101425,1134.16,0,6.33,135,24,Nigeria,Desktop,Travel,Card
TXN101426,63335.87,0,12.06,2268,21,Nigeria,Mobile,Online Services,Card
TXN101427,2688.64,9,0.29,1190,26,Nigeria,Mobile,Electronics,Card
TXN101428,6494.73,9,27.37,729,27,Nigeria,Desktop,Grocery,Mobile Money
TXN101429,6143.73,2,8.79,1173,22,Nigeria,Desktop,Grocery,Card
TXN101430,11019.33,16,7.55,2908,18,Nigeria,Mobile,Healthcare,Bank Transfer
TXN101431,18319.79,18,23.66,101,13,Nigeria,Mobile,Electronics,Card
TXN101432,19157.96,10,36.71,784,21,United Kingdom,Desktop,Travel,Card
TXN101433,4522.96,17,6.61,3232,21,United States,Desktop,Travel,Bank Transfer
TXN101434,6855.99,1,2.27,2534,15,Nigeria,Mobile,Online Services,Bank Transfer
TXN101435,10749.13,8,20.29,934,33,United Kingdom,Mobile,Healthcare,Card
TXN101436,,23,6.2,2556,22,United Kingdom,Mobile,Travel,Bank Transfer
TXN101437,40430.74,16,32.9,81,22,United States,Tablet,Clothing,Card
TXN101438,13239.7,13,35.92,1033,24,Nigeria,Mobile,Online Services,Bank Transfer
TXN101439,16896.77,3,1.46,2651,28,South Africa,Mobile,Healthcare,Digital Wallet
TXN101440,15723.02,16,37.63,3220,20,Nigeria,Mobile,Grocery,Mobile Money
TXN101441,26198.93,16,5.51,1317,33,Ghana,Mobile,Healthcare,Card
TXN101442,9711.07,11,12.47,1292,29,Kenya,Desktop,Healthcare,Mobile Money
TXN101443,2215.36,19,0.42,3452,25,South Africa,Mobile,Fuel,Mobile Money
TXN101444,12084.61,17,26.37,2970,28,Nigeria,Mobile,Clothing,Card
TXN101445,4224.44,2,12.31,2332,24,United Kingdom,Mobile,Travel,Mobile Money
TXN101446,4776.12,10,12.38,714,15,Nigeria,Mobile,Fuel,Card
TXN101447,14564.82,17,27.9,3410,27,Nigeria,Desktop,Grocery,Mobile Money
TXN101448,27953.09,3,8.52,1802,19,Nigeria,Mobile,Fuel,Card
TXN101449,8277.3,16,6.34,1660,33,United Kingdom,Desktop,Online Services,Digital Wallet
TXN101450,11035.06,17,24.13,3596,27,United States,Mobile,Travel,Bank Transfer
TXN101451,44454.21,4,16.28,2134,24,South Africa,Mobile,Online Services,Card
TXN101452,10308.8,13,35.71,979,22,Nigeria,Mobile,Travel,Card
TXN101453,109281.58,9,33.79,3504,24,Nigeria,Tablet,Electronics,Card
TXN101454,14264.22,14,5.78,3168,25,Nigeria,Mobile,Grocery,Card
TXN101455,1393.03,0,7.11,3147,22,Nigeria,Desktop,Healthcare,Card
TXN101456,17211.65,15,3.55,2683,20,Nigeria,Mobile,Travel,Card
TXN101457,11862.75,10,12.97,1703,36,Nigeria,Mobile,Restaurant,Bank Transfer
TXN101458,29429.5,22,5.44,2446,24,Nigeria,Mobile,Restaurant,Card
TXN101459,15885.81,19,18.51,2309,28,United Kingdom,Tablet,Fuel,Card
TXN101460,7055.37,5,1.56,1455,19,Ghana,Mobile,Fuel,Bank Transfer
TXN101461,2382.01,23,1.49,2985,30,South Africa,Desktop,Online Services,Card
TXN101462,6574.65,21,2.74,1614,19,Nigeria,Tablet,Travel,Card
TXN101463,3461.58,15,1.06,1076,26,Nigeria,Mobile,Fuel,Card
TXN101464,4534.53,1,11.61,2651,23,Nigeria,Mobile,Electronics,Bank Transfer
TXN101465,14597.1,0,1.91,1320,28,Nigeria,Mobile,Online Services,Card
TXN101466,43040.83,23,2.09,2918,20,Ghana,Mobile,Travel,Card
TXN101467,12024.14,23,0.17,2195,26,Nigeria,Mobile,Fuel,Bank Transfer
TXN101468,2450.67,8,18.28,1653,15,United Kingdom,Mobile,Fuel,Card
TXN101469,12639.76,21,20.07,3156,29,United Kingdom,Desktop,Healthcare,Card
TXN101470,26812.71,11,2.12,1206,27,Nigeria,Desktop,Healthcare,Card
TXN101471,4403.77,16,16.14,3340,24,Nigeria,Tablet,Restaurant,Digital Wallet
TXN101472,7086.76,14,6.82,3366,31,United States,Mobile,Grocery,Mobile Money
TXN101473,8222.98,18,3.29,2345,35,South Africa,Mobile,Fuel,Digital Wallet
TXN101474,3696.35,21,11.65,2190,18,Ghana,Mobile,Electronics,Bank Transfer
TXN101475,15495.12,9,2.36,2243,24,South Africa,Mobile,Travel,Bank Transfer
TXN101476,7179.98,11,16.97,2745,19,Nigeria,Mobile,Fuel,Digital Wallet
TXN101477,12326.82,13,0.59,1061,15,Nigeria,Mobile,Restaurant,Card
TXN101478,3335.93,8,38.37,2791,22,Nigeria,Desktop,Fuel,Bank Transfer
TXN101479,5231.96,12,0.9,3318,25,Nigeria,Tablet,Fuel,Card
TXN101480,16686.94,2,10.39,460,22,Nigeria,Mobile,Grocery,Bank Transfer
TXN101481,5581.24,20,27.9,1345,22,Nigeria,Desktop,Restaurant,Card
TXN101482,45568.13,13,0.14,922,25,United Kingdom,Desktop,Online Services,Mobile Money
TXN101483,5433.64,20,8.28,1103,30,Ghana,Mobile,Electronics,Digital Wallet
TXN101484,10144.48,9,5.17,136,28,Nigeria,Mobile,Online Services,Card
TXN101485,20590.62,15,10.42,3110,31,Nigeria,Tablet,Clothing,Mobile Money
TXN101486,1961.83,6,3.07,774,20,Ghana,Desktop,Healthcare,Card
TXN101487,1392.97,3,0.81,2777,28,Nigeria,Tablet,Travel,Card
TXN101488,1762.24,19,11.8,1509,19,South Africa,Mobile,Online Services,Bank Transfer
TXN101489,28640.7,22,6.47,2400,24,South Africa,Mobile,Grocery,Card
TXN101490,4666.39,10,11.69,2386,28,Nigeria,Mobile,Electronics,Bank Transfer
TXN101491,104631.43,15,2.84,2927,27,Nigeria,Tablet,Fuel,Card
TXN101492,4608.94,19,4.96,651,22,South Africa,Mobile,Healthcare,Bank Transfer
TXN101493,9745.41,3,9.9,1024,31,Nigeria,Mobile,Healthcare,Bank Transfer
TXN101494,37877.4,21,10.79,174,24,Nigeria,Mobile,Fuel,Digital Wallet
TXN101495,60240.06,21,5.59,2817,18,Nigeria,Mobile,Electronics,Mobile Money
TXN101496,63672.22,22,3.94,850,24,United States,Mobile,Fuel,Card
TXN101497,27129.21,16,3.84,441,28,Nigeria,Mobile,Fuel,Card
TXN101498,22562.91,12,2.3,143,28,United Kingdom,Mobile,Clothing,Digital Wallet
TXN101499,14654.85,10,4.72,2652,22,Nigeria,Mobile,Clothing,Mobile Money
TXN101500,17647.71,2,2.67,2476,31,Nigeria,Mobile,Healthcare,Bank Transfer
TXN101501,,8,12.06,3376,35,Kenya,Mobile,Travel,Bank Transfer
TXN101502,3575.29,5,10.1,153,20,Nigeria,Mobile,Online Services,Card
TXN101503,8075.79,21,5.79,115,30,Nigeria,Mobile,Travel,Bank Transfer
TXN101504,6835.02,20,4.73,76,18,Nigeria,Desktop,Online Services,Mobile Money
TXN101505,5150.1,10,3.26,1929,21,Nigeria,Mobile,Online Services,Card
TXN101506,16258.77,15,9.2,3021,23,Nigeria,Mobile,Fuel,Digital Wallet
TXN101507,21063.67,18,30.15,3302,18,South Africa,Mobile,Electronics,Card
TXN101508,8852.07,4,13.89,3377,34,Kenya,Mobile,Online Services,Card
TXN101509,35508.6,13,16.37,1602,23,United States,Mobile,Travel,Card
TXN101510,2587.15,16,21.58,1768,17,Kenya,Mobile,Healthcare,Bank Transfer
TXN101511,6676.44,2,5.2,3231,25,Kenya,Desktop,Travel,Card
TXN101512,3956.75,3,0.78,3549,27,Kenya,Desktop,Clothing,Card
TXN101513,1253.21,15,11.69,2035,27,United Kingdom,Mobile,Electronics,Digital Wallet
TXN101514,7460.06,15,2.51,833,26,Nigeria,Mobile,Healthcare,Card
TXN101515,7174.24,20,10.1,2466,20,Nigeria,Desktop,Healthcare,Card
TXN101516,36807.24,3,16.14,2653,21,South Africa,Mobile,Restaurant,Bank Transfer
TXN101517,15226.79,18,18.37,3364,27,Nigeria,Mobile,Restaurant,Card
TXN101518,2909.72,16,4.31,2019,22,United States,Desktop,Healthcare,Card
TXN101519,51745.49,12,8.62,2709,29,Nigeria,Mobile,Grocery,Card
TXN101520,27475.05,21,11.64,3379,17,Nigeria,Desktop,Clothing,Bank Transfer
TXN101521,14502.81,22,20.54,2791,37,South Africa,Mobile,Grocery,Digital Wallet
TXN101522,6460.85,23,17.2,1099,22,Nigeria,Mobile,Electronics,Card
TXN101523,3104.35,0,53.05,1221,30,United States,Desktop,Fuel,Bank Transfer
TXN101524,5584.74,11,0.1,3546,22,United States,Mobile,Restaurant,Card
TXN101525,24070.65,3,6.9,2699,24,Kenya,Mobile,Fuel,Card
TXN101526,53347.71,10,3.55,75,25,Nigeria,Mobile,Restaurant,Bank Transfer
TXN101527,37920.36,4,1.53,2801,30,Nigeria,Mobile,Healthcare,Card
TXN101528,4969.88,1,29.1,569,18,Nigeria,Mobile,Restaurant,Bank Transfer
TXN101529,2644.88,16,74.35,116,26,United Kingdom,Mobile,Grocery,Card
TXN101530,9329.03,7,2.39,2880,27,Nigeria,Tablet,Fuel,Digital Wallet
TXN101531,1382.38,5,0.47,1438,21,Nigeria,Desktop,Travel,Bank Transfer
TXN101532,11194.39,20,3.86,294,29,Nigeria,Mobile,Grocery,Card
TXN101533,6991.13,8,21.61,3123,18,Nigeria,Desktop,Fuel,Card
TXN101534,5084.56,12,4.18,732,23,United Kingdom,Mobile,Restaurant,Card
TXN101535,1644.67,10,0.7,1503,28,Nigeria,Mobile,Clothing,Card
TXN101536,13542.66,15,0.65,2309,25,Nigeria,Mobile,Clothing,Bank Transfer
TXN101537,4756.65,15,6.69,215,23,Kenya,Desktop,Online Services,Digital Wallet
TXN101538,2515.14,1,32.23,355,21,United Kingdom,Mobile,Fuel,Card
TXN101539,458.4,9,4.04,1236,25,South Africa,Mobile,Grocery,Card
TXN101540,7883.17,11,6.69,426,28,South Africa,Desktop,Healthcare,Card
TXN101541,47679.25,7,1.29,1534,20,Nigeria,Mobile,Online Services,Bank Transfer
TXN101542,42670.33,10,8.16,1456,26,Nigeria,Mobile,Online Services,Card
TXN101543,5130.22,9,14.31,3564,22,United States,Mobile,Grocery,Digital Wallet
TXN101544,4437.24,12,3.8,1470,31,United States,Mobile,Online Services,Mobile Money
TXN101545,12949.01,16,4.22,3303,20,Ghana,Mobile,Electronics,Digital Wallet
TXN101546,2985.77,6,22.14,1118,35,Kenya,Mobile,Grocery,Card
TXN101547,10957.64,23,0.13,985,21,United States,Mobile,Online Services,Bank Transfer
TXN101548,17432.3,2,12.14,584,29,Nigeria,Mobile,Online Services,Mobile Money
TXN101549,27637.62,19,6.01,2810,26,Nigeria,Mobile,Grocery,Mobile Money
TXN101550,7330.84,12,4.25,1070,23,Kenya,Tablet,Restaurant,Card
TXN101551,6609.92,18,12.86,2874,24,United States,Mobile,Healthcare,Digital Wallet
TXN101552,,6,21.6,3284,26,Kenya,Desktop,Online Services,Digital Wallet
TXN101553,3544.38,8,9.81,2468,28,South Africa,Desktop,Healthcare,Card
TXN101554,6460.88,18,0.38,73,25,Nigeria,Mobile,Healthcare,Bank Transfer
TXN101555,11700.25,12,7.43,930,16,Nigeria,Mobile,Travel,Card
TXN101556,20202.96,21,7.46,1753,26,Nigeria,Mobile,Restaurant,Digital Wallet
TXN101557,3629.39,7,9.42,511,20,United States,Desktop,Travel,Bank Transfer
TXN101558,36050.95,21,13.34,2066,19,Nigeria,Mobile,Restaurant,Card
TXN101559,6178.78,17,0.23,1316,17,Nigeria,Mobile,Fuel,Card
TXN101560,7931.78,22,8.37,1227,26,United States,Mobile,Restaurant,Card
TXN101561,3838.31,1,10.65,1494,31,Nigeria,Mobile,Electronics,Card
TXN101562,717.49,17,5.05,595,25,United Kingdom,Mobile,Online Services,Card
TXN101563,19614.91,17,13.24,2297,29,Nigeria,Tablet,Healthcare,Bank Transfer
TXN101564,16930.02,10,3.11,3495,31,Nigeria,Mobile,Fuel,Mobile Money
TXN101565,6116.05,0,4.58,801,27,Ghana,Mobile,Healthcare,Bank Transfer
TXN101566,8664.51,13,39.48,1248,31,United States,Desktop,Travel,Bank Transfer
TXN101567,13574.38,15,5.13,2486,25,Nigeria,Desktop,Restaurant,Card
TXN101568,1698.42,10,5.1,500,17,United Kingdom,Mobile,Restaurant,Card
TXN101569,4774.04,0,10.87,1400,31,Nigeria,Mobile,Travel,Mobile Money
TXN101570,17930.61,6,42.48,3563,34,Nigeria,Mobile,Fuel,Card
TXN101571,2311.64,15,48.95,3162,33,Nigeria,Mobile,Electronics,Card
TXN101572,10867.78,13,10.4,2243,29,United Kingdom,Mobile,Travel,Card
TXN101573,2086.86,14,0.01,701,18,Nigeria,Mobile,Electronics,Bank Transfer
TXN101574,12918.68,13,27.71,1204,30,Nigeria,Mobile,Fuel,Mobile Money
TXN101575,7819.36,20,10.13,140,25,United Kingdom,Tablet,Electronics,Bank Transfer
TXN101576,1611.42,10,5.47,3589,19,Nigeria,Mobile,Clothing,Card
TXN101577,25971.09,15,21.21,2626,22,Nigeria,Mobile,Electronics,Mobile Money
TXN101578,3887.06,18,6.13,1056,26,Nigeria,Tablet,Clothing,Card
TXN101579,3603.81,16,0.42,3584,25,Kenya,Desktop,Online Services,Bank Transfer
TXN101580,9902.76,5,20.65,3114,22,Nigeria,Mobile,Grocery,Card
TXN101581,25556.25,10,9.47,3263,26,United Kingdom,Mobile,Electronics,Digital Wallet
TXN101582,2934.16,16,4.95,373,22,Nigeria,Tablet,Travel,Mobile Money
TXN101583,8618.62,8,3.47,1502,25,Nigeria,Mobile,Clothing,Bank Transfer
TXN101584,12441.79,17,10.81,2409,28,South Africa,Desktop,Fuel,Bank Transfer
TXN101585,16205.49,16,2.8,2341,25,,Desktop,Fuel,Bank Transfer
TXN101586,9666.69,11,4.7,2160,33,United States,Mobile,Grocery,Card
TXN101587,5613.74,22,12.14,806,32,Nigeria,Desktop,Online Services,Mobile Money
TXN101588,3541.87,21,25.6,3001,32,Nigeria,Tablet,Grocery,Bank Transfer
TXN101589,8832.06,21,9.13,2411,28,Nigeria,Mobile,Electronics,Bank Transfer
TXN101590,2773.49,4,17.08,1433,18,Nigeria,Mobile,Travel,Card
TXN101591,436.44,10,17.28,3320,27,Nigeria,Desktop,Electronics,Card
TXN101592,12538.51,3,13.1,687,28,Nigeria,Mobile,Restaurant,Bank Transfer
TXN101593,20008.95,3,3.39,1863,29,Nigeria,Desktop,Healthcare,Bank Transfer
TXN101594,762.85,2,24.19,1862,29,Nigeria,Mobile,Grocery,Card
TXN101595,2952.09,23,6.88,483,26,Nigeria,Mobile,Restaurant,Card
TXN101596,15050.32,22,0.54,2750,22,Nigeria,Mobile,Restaurant,Bank Transfer
TXN101597,63417.52,16,3.37,770,24,Nigeria,Mobile,Clothing,Card
TXN101598,8273.34,6,17.41,1799,17,Nigeria,Mobile,Fuel,Card
TXN101599,3912.76,3,0.86,3190,27,Ghana,Mobile,Restaurant,Bank Transfer
TXN101600,6748.69,22,1.91,2410,29,Kenya,Mobile,Grocery,Card
TXN101601,32044.36,12,14.22,2387,28,Kenya,Mobile,Grocery,Mobile Money
TXN101602,4247.29,11,26.77,2804,29,Nigeria,Desktop,Healthcare,Card
TXN101603,3643.89,0,12.05,1473,20,Nigeria,Desktop,Healthcare,Digital Wallet
TXN101604,5000.32,20,3.02,1778,22,Nigeria,Mobile,Healthcare,Mobile Money
TXN101605,3123.38,18,0.66,2431,30,United Kingdom,Mobile,Travel,Card
TXN101606,9160.63,20,11.46,853,31,Nigeria,Mobile,Electronics,Digital Wallet
TXN101607,41137.63,19,0.58,3201,32,Nigeria,Mobile,Travel,Mobile Money
TXN101608,11193.4,17,11.38,174,27,Nigeria,Mobile,Travel,Digital Wallet
TXN101609,6295.85,10,3.07,3111,19,United States,Desktop,Fuel,Bank Transfer
TXN101610,6052.27,19,28.2,2036,26,South Africa,Mobile,Electronics,Bank Transfer
TXN101611,1697.33,2,7.73,1097,20,Nigeria,Desktop,Grocery,Bank Transfer
TXN101612,19596.57,16,3.04,1816,20,Nigeria,Desktop,Clothing,Card
TXN101613,7496.28,11,23.02,1439,26,United Kingdom,Mobile,Fuel,Digital Wallet
TXN101614,6765.02,9,3.52,1792,26,Nigeria,Mobile,Healthcare,Bank Transfer
TXN101615,197423.72,7,4.39,939,23,Nigeria,Mobile,Healthcare,Bank Transfer
TXN101616,10924.39,14,21.57,790,20,Kenya,Mobile,Healthcare,Digital Wallet
TXN101617,3820.78,4,4.43,2572,18,Nigeria,Mobile,Restaurant,Digital Wallet
TXN101618,5290.36,3,6.33,1546,26,Nigeria,Mobile,Healthcare,Card
TXN101619,25551.36,20,5.13,3270,24,Nigeria,Mobile,Clothing,Mobile Money
TXN101620,9074.93,19,1.49,2719,28,United Kingdom,Mobile,Restaurant,Bank Transfer
TXN101621,1923.15,18,0.48,560,31,Nigeria,Mobile,Healthcare,Bank Transfer
TXN101622,20317.32,20,15.47,1389,28,United Kingdom,Mobile,Electronics,Digital Wallet
TXN101623,4154.12,3,12.43,2057,26,Ghana,Mobile,Electronics,Digital Wallet
TXN101624,52748.88,14,3.98,2590,26,United States,Mobile,Travel,Bank Transfer
TXN101625,23862.13,16,4.2,2207,26,United Kingdom,Mobile,Online Services,Card
TXN101626,5180.61,11,34.81,1037,24,Nigeria,Desktop,Online Services,Bank Transfer
TXN101627,29173.51,2,52.75,3640,18,Nigeria,Desktop,Electronics,Bank Transfer
TXN101628,8672.01,9,7.7,1567,31,Ghana,Mobile,Restaurant,Card
TXN101629,19011.01,14,19.46,1303,29,Kenya,Mobile,Online Services,Bank Transfer
TXN101630,13157.31,9,16.01,2811,24,Nigeria,Desktop,Clothing,Card
TXN101631,3476.02,23,4.23,976,19,United Kingdom,Mobile,Fuel,Bank Transfer
TXN101632,4257.55,22,0.72,1191,27,Nigeria,Mobile,Clothing,Mobile Money
TXN101633,22696.38,17,1.85,1328,25,Nigeria,Desktop,Clothing,Card
TXN101634,5797.75,0,21.86,1031,19,Kenya,Mobile,Online Services,Mobile Money
TXN101635,5411.88,2,15.77,2541,27,Nigeria,Mobile,Fuel,Card
TXN101636,3117.78,20,13.1,2218,24,Nigeria,Tablet,Clothing,Bank Transfer
TXN101637,12377.05,11,1.68,1997,26,United States,Mobile,Travel,Bank Transfer
TXN101638,63737.28,0,12.26,3357,34,Ghana,Tablet,Online Services,Mobile Money
TXN101639,2786.29,2,17.75,911,20,United States,Mobile,Clothing,Mobile Money
TXN101640,8301.73,2,23.65,1877,18,Kenya,Mobile,Restaurant,Card
TXN101641,33263.65,4,0.16,2533,27,Kenya,Mobile,Healthcare,Card
TXN101642,7482.77,18,13.84,2005,26,Ghana,Desktop,Healthcare,Bank Transfer
TXN101643,12738.34,0,0.23,2511,26,Nigeria,Mobile,Travel,Bank Transfer
TXN101644,2800.65,3,14.73,1660,27,Nigeria,Mobile,Fuel,Card
TXN101645,12435.46,3,12.11,202,27,Nigeria,Desktop,Travel,Card
TXN101646,6720.08,16,1.93,502,28,United States,Mobile,Online Services,Card
TXN101647,21714.38,13,17.44,1476,25,Nigeria,Mobile,Travel,Card
TXN101648,26565.96,17,0.85,3097,22,Nigeria,Mobile,Electronics,Bank Transfer
TXN101649,107965.14,0,21.01,2994,17,Ghana,Desktop,Travel,Bank Transfer
TXN101650,14467.11,21,3.64,2516,30,Nigeria,Desktop,Restaurant,Bank Transfer
TXN101651,11223.85,15,14.01,3093,23,Nigeria,Mobile,Fuel,Card
TXN101652,9841.71,2,30.88,3158,17,Nigeria,Mobile,Online Services,Digital Wallet
TXN101653,5692.1,22,4.98,527,31,United Kingdom,Mobile,Online Services,Bank Transfer
TXN101654,11367.16,20,8.39,2246,27,Nigeria,Mobile,Clothing,Card
TXN101655,6030.58,8,7.46,1018,25,Nigeria,Mobile,Fuel,Card
TXN101656,9589.85,22,2.06,1635,31,Nigeria,Desktop,Electronics,Bank Transfer
TXN101657,30260.47,3,10.71,2638,29,Nigeria,Tablet,Clothing,Bank Transfer
TXN101658,2961.52,20,16.3,2505,21,Nigeria,Desktop,Grocery,Bank Transfer
TXN101659,25333.39,4,29.85,448,32,United States,Mobile,Electronics,Digital Wallet
TXN101660,30245.87,10,22.83,1400,21,Nigeria,Mobile,Fuel,Mobile Money
TXN101661,7200.69,20,8.56,3618,31,Nigeria,Mobile,Restaurant,Digital Wallet
TXN101662,970.82,8,15.23,2532,36,United States,Mobile,Electronics,Card
TXN101663,4412.42,2,19.36,743,16,South Africa,Mobile,Travel,Card
TXN101664,29643.39,5,8.16,2279,27,Nigeria,Mobile,Electronics,Card
TXN101665,7919.88,23,1.47,208,29,Nigeria,Desktop,Travel,Bank Transfer
TXN101666,2983.04,10,6.91,2134,25,United Kingdom,Mobile,Clothing,Card
TXN101667,4891.36,8,22.18,1959,19,Nigeria,Tablet,Electronics,Mobile Money
TXN101668,18781.36,14,10.9,975,19,Ghana,Mobile,Electronics,Card
TXN101669,13998.89,22,15.47,2048,35,Nigeria,Mobile,Restaurant,Card
TXN101670,6380.92,2,2.46,2578,20,Nigeria,Mobile,Healthcare,Card
TXN101671,5614.88,0,40.0,768,25,Ghana,Mobile,Grocery,Card
TXN101672,5476.61,19,6.21,1986,28,Nigeria,Tablet,Electronics,Card
TXN101673,3221.46,21,12.72,141,23,Nigeria,Mobile,Clothing,Card
TXN101674,40756.71,18,0.23,3249,16,United Kingdom,Tablet,Travel,Card
TXN101675,5870.41,13,1.63,744,29,Nigeria,Mobile,Healthcare,Mobile Money
TXN101676,27368.79,16,18.28,1431,28,Nigeria,Mobile,Clothing,Card
TXN101677,37097.92,21,41.29,2954,27,Ghana,Mobile,Fuel,Card
TXN101678,21989.29,13,4.63,1968,20,Kenya,Desktop,Online Services,Card
TXN101679,5262.6,16,0.45,3449,27,Nigeria,Mobile,Online Services,Digital Wallet
TXN101680,12133.56,13,5.37,1411,34,South Africa,Tablet,Restaurant,Bank Transfer
TXN101681,7909.38,11,0.21,3157,22,Nigeria,Mobile,Online Services,Digital Wallet
TXN101682,3282.29,15,2.56,842,25,Kenya,Mobile,Electronics,Bank Transfer
TXN101683,11207.73,0,16.75,3417,23,United Kingdom,Mobile,Fuel,Digital Wallet
TXN101684,2492.3,12,33.19,3041,33,United Kingdom,Mobile,Grocery,Card
TXN101685,26573.76,5,1.1,1238,29,Ghana,Mobile,Healthcare,Card
TXN101686,5091.78,16,9.79,3155,33,Nigeria,Desktop,Grocery,Bank Transfer
TXN101687,9908.61,11,3.51,66,24,Nigeria,Mobile,Electronics,Digital Wallet
TXN101688,10756.74,22,1.8,1858,29,Nigeria,Mobile,Grocery,Mobile Money
TXN101689,6254.74,18,2.97,3090,31,Nigeria,Mobile,Clothing,Bank Transfer
TXN101690,14569.62,5,10.35,3371,29,Nigeria,Mobile,Travel,Card
TXN101691,5039.67,6,0.81,2940,22,United States,Mobile,Electronics,Card
TXN101692,19366.45,0,6.83,2809,24,United Kingdom,Mobile,Online Services,Card
TXN101693,2109.11,0,1.74,3609,26,Nigeria,Desktop,Healthcare,Card
TXN101694,9194.67,4,3.82,1281,23,Ghana,Mobile,Travel,Card
TXN101695,56326.98,5,2.54,3529,28,South Africa,Desktop,Grocery,Card
TXN101696,2979.97,15,25.74,839,26,Nigeria,Mobile,Healthcare,Mobile Money
TXN101697,4114.43,15,14.77,3102,22,Nigeria,Mobile,Restaurant,Card
TXN101698,13546.83,13,24.34,52,21,Nigeria,Mobile,Fuel,Card
TXN101699,9697.1,0,5.8,1556,23,Nigeria,Desktop,Travel,Card
TXN101700,11506.07,12,4.51,3549,22,,Desktop,Fuel,Card
TXN101701,13216.05,19,5.75,825,17,United States,Mobile,Fuel,Card
TXN101702,15286.44,9,0.22,525,14,Nigeria,Mobile,Restaurant,Card
TXN101703,24580.28,23,15.48,929,29,Ghana,Desktop,Healthcare,Digital Wallet
TXN101704,12207.66,9,5.17,454,23,Nigeria,Desktop,Clothing,Card
TXN101705,6366.1,8,4.51,2777,15,United Kingdom,Desktop,Restaurant,Card
TXN101706,15876.16,12,10.94,2095,37,United Kingdom,Mobile,Travel,Bank Transfer
TXN101707,54169.97,2,6.88,2012,25,Nigeria,Mobile,Travel,Card
TXN101708,7096.57,17,47.46,1498,23,United Kingdom,Desktop,Electronics,Card
TXN101709,3057.86,19,5.29,2704,28,Nigeria,Mobile,Online Services,Card
TXN101710,24515.99,1,11.42,3140,20,Nigeria,Mobile,Restaurant,Card
TXN101711,7184.05,16,4.48,1263,23,Kenya,Mobile,Clothing,Mobile Money
TXN101712,922.72,18,56.0,1827,29,Nigeria,Mobile,Electronics,Mobile Money
TXN101713,18909.54,22,7.07,2288,26,Nigeria,Tablet,Electronics,Card
TXN101714,4744.17,12,12.07,594,28,Kenya,Tablet,Clothing,Bank Transfer
TXN101715,7401.71,12,1.63,3049,28,Nigeria,Mobile,Electronics,Card
TXN101716,11293.47,0,15.85,1334,21,Nigeria,Mobile,Clothing,Card
TXN101717,9803.55,1,3.76,1886,33,Nigeria,Desktop,Grocery,Card
TXN101718,16472.57,0,7.14,162,28,Nigeria,Mobile,Electronics,Bank Transfer
TXN101719,5242.29,23,25.76,478,26,Nigeria,Mobile,Travel,Card
TXN101720,13535.97,4,42.3,2341,24,Nigeria,Mobile,Grocery,Bank Transfer
TXN101721,6250.73,23,6.63,1860,19,South Africa,Mobile,Electronics,Mobile Money
TXN101722,16963.35,2,21.61,2188,19,United States,Mobile,Clothing,Digital Wallet
TXN101723,14993.43,6,0.66,879,22,Nigeria,Mobile,Grocery,Card
TXN101724,3179.76,23,22.57,1291,27,Nigeria,Mobile,Online Services,Card
TXN101725,24004.15,21,11.92,1510,17,Kenya,Desktop,Grocery,Card
TXN101726,4741.16,12,8.05,930,23,United States,Tablet,Travel,Digital Wallet
TXN101727,18179.64,22,26.48,788,22,Nigeria,Desktop,Electronics,Mobile Money
TXN101728,11699.34,17,22.4,1569,25,United Kingdom,Mobile,Electronics,Mobile Money
TXN101729,50928.79,23,4.23,1929,29,Nigeria,Mobile,Clothing,Bank Transfer
TXN101730,6480.38,20,18.81,2938,22,United States,Desktop,Grocery,Bank Transfer
TXN101731,5714.05,6,1.26,2974,28,Nigeria,Tablet,Travel,Card
TXN101732,7947.24,0,20.76,891,23,United States,Mobile,Clothing,Mobile Money
TXN101733,5983.85,4,13.5,1877,24,Nigeria,Mobile,Online Services,Mobile Money
TXN101734,18032.7,16,1.1,3274,24,United States,Mobile,Healthcare,Card
TXN101735,1609.52,7,13.79,2270,24,Nigeria,Mobile,Clothing,Card
TXN101736,2825.15,14,10.42,544,15,Nigeria,Mobile,Travel,Mobile Money
TXN101737,2785.54,19,10.83,2867,13,South Africa,Tablet,Electronics,Card
TXN101738,20958.67,3,4.12,997,27,Kenya,Mobile,Travel,Digital Wallet
TXN101739,44829.13,1,3.72,1621,19,Ghana,Mobile,Electronics,Card
TXN101740,7299.42,4,17.25,3510,25,Nigeria,Tablet,Restaurant,Card
TXN101741,6844.35,0,3.56,113,27,South Africa,Mobile,Grocery,Bank Transfer
TXN101742,8691.08,4,7.09,827,25,United States,Desktop,Travel,Bank Transfer
TXN101743,25896.89,5,14.24,2157,25,Nigeria,Mobile,Healthcare,Card
TXN101744,3205.58,1,1.0,1631,24,Ghana,Tablet,Online Services,Digital Wallet
TXN101745,10284.25,0,10.83,3310,26,United Kingdom,Mobile,Online Services,Digital Wallet
TXN101746,21486.88,3,10.68,551,24,Kenya,Tablet,Fuel,Bank Transfer
TXN101747,13374.35,6,13.83,1252,24,South Africa,Mobile,Clothing,Bank Transfer
TXN101748,9794.55,21,5.54,1624,28,United Kingdom,Mobile,Healthcare,Bank Transfer
TXN101749,22049.52,0,7.15,263,38,South Africa,Mobile,Electronics,Bank Transfer
TXN101750,542.81,0,4.81,1872,25,Kenya,Mobile,Grocery,Digital Wallet
TXN101751,15960.55,7,19.81,2321,34,United States,Mobile,Online Services,Card
TXN101752,4212.97,19,1.68,1446,19,United Kingdom,Tablet,Grocery,Card
TXN101753,1299.02,15,39.55,1619,27,United Kingdom,Mobile,Travel,Digital Wallet
TXN101754,13510.23,20,12.09,1499,31,Nigeria,Desktop,Clothing,Card
TXN101755,32005.36,12,26.15,2926,36,Nigeria,Mobile,Online Services,Mobile Money
TXN101756,7062.48,22,6.67,422,27,Ghana,Desktop,Travel,Card
TXN101757,21012.54,23,4.85,38,16,Kenya,Mobile,Clothing,Digital Wallet
TXN101758,40630.66,22,27.72,642,17,Nigeria,Tablet,Restaurant,Mobile Money
TXN101759,30179.39,17,1.25,1973,26,Nigeria,Mobile,Travel,Digital Wallet
TXN101760,41771.29,19,1.49,2884,31,Nigeria,Mobile,Fuel,Digital Wallet
TXN101761,17019.71,9,4.27,744,28,South Africa,Mobile,Electronics,Card
TXN101762,8737.97,11,38.56,1957,22,United Kingdom,Desktop,Travel,Card
TXN101763,1632.77,0,12.03,3254,23,United States,Desktop,Travel,Bank Transfer
TXN101764,6335.59,9,9.69,139,26,Nigeria,Desktop,Online Services,Mobile Money
TXN101765,3486.85,8,14.66,863,30,Nigeria,Mobile,Fuel,Card
TXN101766,71036.05,2,6.48,295,28,Nigeria,Mobile,Restaurant,Digital Wallet
TXN101767,6796.17,18,17.03,1426,29,Nigeria,Tablet,Online Services,Card
TXN101768,9165.53,8,6.0,3253,19,Kenya,Mobile,Restaurant,Digital Wallet
TXN101769,14065.57,9,21.01,2061,24,Nigeria,Mobile,Online Services,Bank Transfer
TXN101770,,18,3.73,1005,28,Nigeria,Desktop,Healthcare,Bank Transfer
TXN101771,44136.88,15,3.9,1648,25,Nigeria,Mobile,Travel,Card
TXN101772,4347.48,23,8.87,984,29,Nigeria,Desktop,Clothing,Card
TXN101773,9843.9,17,6.76,3516,25,Nigeria,Mobile,Restaurant,Card
TXN101774,3856.55,13,12.53,2984,18,Nigeria,Tablet,Healthcare,Card
TXN101775,2164.57,2,5.44,1699,29,Nigeria,Desktop,Restaurant,Bank Transfer
TXN101776,4395.04,1,3.14,1379,28,Nigeria,Desktop,Clothing,Mobile Money
TXN101777,7808.46,0,7.61,2749,34,Nigeria,Mobile,Grocery,Card
TXN101778,5274.81,17,9.88,1604,27,Ghana,Mobile,Fuel,Card
TXN101779,4054.49,23,1.85,2253,26,United States,Desktop,Healthcare,Digital Wallet
TXN101780,1985.61,8,9.76,2602,26,Nigeria,Mobile,Restaurant,Mobile Money
TXN101781,7456.9,12,4.61,3416,33,Ghana,Desktop,Restaurant,Card
TXN101782,1799.53,1,5.98,3168,16,United States,Mobile,Clothing,Mobile Money
TXN101783,17327.6,6,3.93,3029,21,Nigeria,Mobile,Healthcare,Digital Wallet
TXN101784,8799.41,15,32.16,3285,24,Nigeria,Mobile,Clothing,Digital Wallet
TXN101785,1886.44,20,13.8,1088,33,Nigeria,Mobile,Travel,Mobile Money
TXN101786,5947.88,18,3.65,1987,21,Nigeria,Desktop,Fuel,Bank Transfer
TXN101787,3819.38,14,12.43,2582,27,Ghana,Desktop,Travel,Card
TXN101788,11149.77,21,22.65,878,20,Nigeria,Mobile,Healthcare,Bank Transfer
TXN101789,30959.97,10,6.16,992,36,United Kingdom,Mobile,Grocery,Bank Transfer
TXN101790,1242.43,0,21.26,1855,20,Nigeria,Desktop,Grocery,Card
TXN101791,9090.87,20,2.01,3177,26,United Kingdom,Desktop,Grocery,Card
TXN101792,6904.08,6,20.76,2549,22,United States,Mobile,Electronics,Card
TXN101793,15856.58,19,9.33,2600,33,United States,Mobile,Clothing,Bank Transfer
TXN101794,10028.6,7,3.03,2957,24,South Africa,Desktop,Restaurant,Card
TXN101795,3820.1,9,6.27,3384,27,Nigeria,Mobile,Clothing,Bank Transfer
TXN101796,5889.62,4,53.07,3637,24,Kenya,Desktop,Clothing,Digital Wallet
TXN101797,3655.45,8,18.37,2351,21,Nigeria,Desktop,Grocery,Card
TXN101798,23765.9,0,10.27,3640,28,United Kingdom,Desktop,Clothing,Digital Wallet
TXN101799,8277.63,1,1.47,2131,29,Nigeria,Tablet,Electronics,Bank Transfer
TXN101800,54240.91,18,6.49,3156,29,Nigeria,Desktop,Online Services,Card
TXN101801,7626.16,13,3.66,917,25,United States,Mobile,Restaurant,Card
TXN101802,3990.19,19,0.88,774,27,Nigeria,Mobile,Healthcare,Card
TXN101803,1783.42,9,9.38,2354,26,Nigeria,Mobile,Online Services,Card
TXN101804,1335.23,8,26.4,3544,26,Nigeria,Mobile,Grocery,Mobile Money
TXN101805,1662.14,9,13.51,2960,23,Kenya,Mobile,Fuel,Mobile Money
TXN101806,10584.3,5,3.45,1471,30,Ghana,Mobile,Travel,Digital Wallet
TXN101807,13476.8,16,10.23,2709,38,Kenya,Mobile,Fuel,Bank Transfer
TXN101808,1667.05,5,34.43,1278,29,United Kingdom,Mobile,Fuel,Card
TXN101809,19831.73,3,15.4,2647,25,Nigeria,Desktop,Online Services,Card
TXN101810,4998.73,19,14.03,3356,22,Nigeria,Desktop,Restaurant,Bank Transfer
TXN101811,9384.3,2,41.36,205,25,Kenya,Tablet,Online Services,Bank Transfer
TXN101812,40628.32,22,19.25,595,35,Ghana,Mobile,Travel,Card
TXN101813,19867.48,18,1.76,3247,25,Nigeria,Mobile,Healthcare,Digital Wallet
TXN101814,6194.82,17,5.13,2848,23,Nigeria,Mobile,Travel,Bank Transfer
TXN101815,3323.61,23,40.28,1717,28,Nigeria,Mobile,Clothing,Mobile Money
TXN101816,942.17,3,8.07,1438,28,Nigeria,Mobile,Restaurant,Bank Transfer
TXN101817,3947.54,7,1.42,291,28,Nigeria,Mobile,Electronics,Card
TXN101818,6560.81,16,7.36,560,19,Nigeria,Mobile,Clothing,Mobile Money
TXN101819,3019.42,4,14.33,1907,32,Nigeria,Desktop,Travel,Card
TXN101820,7106.34,12,72.13,1424,30,Nigeria,Desktop,Online Services,Bank Transfer
TXN101821,8750.38,0,4.7,1736,24,South Africa,Mobile,Healthcare,Card
TXN101822,6471.38,12,8.66,2968,26,United Kingdom,Mobile,Restaurant,Card
TXN101823,4230.17,3,25.41,1250,22,Nigeria,Mobile,Healthcare,Card
TXN101824,9591.71,21,5.27,977,24,Nigeria,Mobile,Clothing,Card
TXN101825,,23,1.39,614,24,United States,Tablet,Restaurant,Card
TXN101826,2723.3,13,35.7,2892,20,Nigeria,Desktop,Online Services,Mobile Money
TXN101827,33220.83,2,8.04,1650,28,,Mobile,Grocery,Bank Transfer
TXN101828,7342.33,4,8.38,3385,34,Nigeria,Mobile,Electronics,Card
TXN101829,8257.27,6,11.65,2379,22,United Kingdom,Mobile,Electronics,Bank Transfer
TXN101830,16452.2,0,0.04,1185,20,Nigeria,Mobile,Electronics,Mobile Money
TXN101831,10231.39,22,32.11,3221,32,Nigeria,Tablet,Healthcare,Card
TXN101832,21018.05,11,5.38,1781,24,United States,Desktop,Travel,Bank Transfer
TXN101833,10798.09,10,6.07,3237,31,United States,Mobile,Travel,Bank Transfer
TXN101834,4392.1,23,2.3,2705,32,Nigeria,Mobile,Healthcare,Digital Wallet
TXN101835,11631.86,7,5.7,2650,25,United States,Desktop,Electronics,Bank Transfer
TXN101836,2581.88,5,19.55,2606,21,Nigeria,Mobile,Restaurant,Card
TXN101837,9032.28,21,19.31,2111,24,Kenya,Mobile,Grocery,Card
TXN101838,7838.24,1,32.95,561,25,Nigeria,Mobile,Travel,Bank Transfer
TXN101839,6580.61,18,6.19,1261,24,Nigeria,Mobile,Online Services,Card
TXN101840,7125.69,19,14.8,2023,24,South Africa,Desktop,Clothing,Digital Wallet
TXN101841,1234.17,19,8.49,1727,31,Nigeria,Mobile,Clothing,Card
TXN101842,4681.04,23,19.56,3400,26,Nigeria,Mobile,Travel,Card
TXN101843,8891.45,13,14.96,1575,28,Nigeria,Mobile,Electronics,Card
TXN101844,9507.69,0,5.5,3195,18,Nigeria,Mobile,Restaurant,Bank Transfer
TXN101845,2899.59,9,4.93,1467,16,Kenya,Desktop,Grocery,Bank Transfer
TXN101846,28730.31,15,3.49,400,15,Nigeria,Mobile,Clothing,Card
TXN101847,3407.81,3,10.31,438,27,United Kingdom,Desktop,Travel,Digital Wallet
TXN101848,21363.89,10,39.84,1436,23,Nigeria,Mobile,Healthcare,Card
TXN101849,,15,2.68,3542,24,Nigeria,Mobile,Restaurant,Card
TXN101850,4246.17,19,1.2,1931,33,Nigeria,Desktop,Healthcare,Card
TXN101851,47825.34,0,1.53,1500,31,Ghana,Desktop,Electronics,Digital Wallet
TXN101852,2456.18,15,18.34,646,29,Nigeria,Mobile,Grocery,Mobile Money
TXN101853,20315.8,18,5.17,100,25,Nigeria,Mobile,Grocery,Mobile Money
TXN101854,22039.3,20,3.05,113,31,Nigeria,Mobile,Clothing,Card
TXN101855,4143.85,21,5.22,2286,24,United Kingdom,Desktop,Healthcare,Bank Transfer
TXN101856,32612.97,8,12.44,288,23,Nigeria,Mobile,Fuel,Bank Transfer
TXN101857,6310.39,8,9.5,3340,20,United Kingdom,Mobile,Clothing,Card
TXN101858,10815.05,8,16.33,1355,25,Nigeria,Mobile,Online Services,Card
TXN101859,10512.52,16,4.97,3333,22,Nigeria,Mobile,Travel,Digital Wallet
TXN101860,7084.69,11,7.22,961,29,Nigeria,Desktop,Fuel,Card
TXN101861,18229.72,12,1.29,2359,27,Nigeria,Mobile,Grocery,Bank Transfer
TXN101862,17916.7,7,0.91,423,38,Nigeria,Mobile,Electronics,Card
TXN101863,1410.17,15,7.44,2495,28,United States,Mobile,Electronics,Bank Transfer
TXN101864,29861.95,17,4.31,3307,25,Nigeria,Mobile,Fuel,Card
TXN101865,1536.88,0,11.39,3365,23,Nigeria,Mobile,Travel,Card
TXN101866,22755.14,0,0.53,1364,25,Nigeria,Mobile,Grocery,Bank Transfer
TXN101867,25001.85,11,1.56,2936,21,Nigeria,Mobile,Clothing,Digital Wallet
TXN101868,2721.76,5,24.05,1959,19,Nigeria,Desktop,Online Services,Digital Wallet
TXN101869,5373.24,8,10.03,1750,22,United Kingdom,Desktop,Electronics,Card
TXN101870,2681.94,22,14.94,655,21,Nigeria,Mobile,Restaurant,Card
TXN101871,6535.99,4,22.14,3180,29,South Africa,Mobile,Travel,Bank Transfer
TXN101872,5954.88,15,7.48,1922,23,Nigeria,Mobile,Electronics,Card
TXN101873,17670.65,17,17.18,3443,31,Nigeria,Mobile,Restaurant,Mobile Money
TXN101874,30040.71,16,8.92,1866,34,Nigeria,Desktop,Fuel,Bank Transfer
TXN101875,32718.1,17,3.02,591,23,Nigeria,Tablet,Restaurant,Bank Transfer
TXN101876,4618.53,0,4.94,2909,32,Nigeria,Mobile,Electronics,Bank Transfer
TXN101877,6573.35,18,8.09,3196,24,Nigeria,Mobile,Travel,Card
TXN101878,1505.02,21,4.57,1823,34,Nigeria,Desktop,Restaurant,Bank Transfer
TXN101879,3619.64,7,4.91,970,21,United Kingdom,Mobile,Restaurant,Bank Transfer
TXN101880,21265.72,2,4.94,3452,21,Nigeria,Mobile,Grocery,Mobile Money
TXN101881,40765.15,4,1.57,2139,21,South Africa,Mobile,Online Services,Card
TXN101882,2358.19,22,1.06,1195,18,Nigeria,Mobile,Online Services,Card
TXN101883,4480.71,7,0.57,1895,27,United Kingdom,Mobile,Healthcare,Digital Wallet
TXN101884,7891.92,18,1.41,2811,15,Nigeria,Mobile,Online Services,Bank Transfer
TXN101885,10723.16,17,5.05,1921,27,Nigeria,Mobile,Grocery,Digital Wallet
TXN101886,3606.15,17,10.81,3212,23,United States,Desktop,Online Services,Bank Transfer
TXN101887,12382.77,20,2.5,1669,26,Nigeria,Desktop,Grocery,Digital Wallet
TXN101888,,0,26.27,1580,25,Ghana,Tablet,Restaurant,Card
TXN101889,7986.82,14,19.83,811,19,Ghana,Mobile,Restaurant,Card
TXN101890,13992.6,17,8.82,1724,15,Nigeria,Mobile,Travel,Mobile Money
TXN101891,8155.29,6,15.46,3258,21,United States,Mobile,Clothing,Mobile Money
TXN101892,5237.58,15,5.47,2616,23,United Kingdom,Desktop,Healthcare,Bank Transfer
TXN101893,7261.85,15,0.45,626,31,United Kingdom,Mobile,Grocery,Bank Transfer
TXN101894,7417.79,14,28.16,2086,25,United States,Mobile,Online Services,Digital Wallet
TXN101895,5597.02,5,1.64,2353,24,Nigeria,Mobile,Clothing,Card
TXN101896,6255.42,8,35.46,2304,20,Nigeria,Tablet,Grocery,Bank Transfer
TXN101897,40080.58,6,10.18,2263,19,South Africa,Desktop,Online Services,Card
TXN101898,14198.9,13,4.38,2668,30,Nigeria,Mobile,Fuel,Card
TXN101899,6030.1,10,8.21,3317,30,Nigeria,Desktop,Fuel,Card
TXN101900,16267.99,20,8.36,2510,34,Nigeria,Mobile,Grocery,Mobile Money
TXN101901,,15,0.28,2646,30,United States,Mobile,Online Services,Mobile Money
TXN101902,26189.78,5,5.27,2733,26,Nigeria,Desktop,Travel,Digital Wallet
TXN101903,11726.92,21,16.16,385,31,United Kingdom,Mobile,Travel,Card
TXN101904,7278.63,15,8.56,2920,35,Nigeria,Mobile,Fuel,Card
TXN101905,12679.18,19,3.36,2070,27,Nigeria,Desktop,Electronics,Card
TXN101906,1684.33,15,4.9,421,18,United Kingdom,Mobile,Grocery,Card
TXN101907,2626.04,11,23.86,608,30,United States,Tablet,Grocery,Card
TXN101908,2455.47,16,8.95,3376,18,Nigeria,Mobile,Fuel,Card
TXN101909,9348.24,4,9.02,3595,31,Nigeria,Mobile,Grocery,Card
TXN101910,45821.79,12,39.08,1670,19,Nigeria,Mobile,Healthcare,Card
TXN101911,75455.63,7,4.64,3552,28,United Kingdom,Desktop,Travel,Bank Transfer
TXN101912,15337.42,23,7.84,2497,27,Nigeria,Mobile,Online Services,Digital Wallet
TXN101913,13371.01,4,20.04,2038,24,Nigeria,Mobile,Grocery,Mobile Money
TXN101914,1338.01,11,17.07,1753,35,Kenya,Mobile,Electronics,Mobile Money
TXN101915,4709.45,8,3.71,193,34,Nigeria,Desktop,Restaurant,Mobile Money
TXN101916,3685.7,2,1.97,2856,28,Nigeria,Mobile,Electronics,Card
TXN101917,,2,14.48,667,26,United Kingdom,Mobile,Online Services,Mobile Money
TXN101918,6848.99,0,3.58,3284,32,United States,Mobile,Restaurant,Mobile Money
TXN101919,5053.87,21,30.72,3411,30,United States,Mobile,Travel,Card
TXN101920,1119.57,17,1.66,2094,31,Nigeria,Mobile,Fuel,Digital Wallet
TXN101921,17118.42,23,4.6,2523,18,United States,Mobile,Online Services,Bank Transfer
TXN101922,2771.81,11,0.68,199,25,South Africa,Desktop,Clothing,Card
TXN101923,10293.28,8,14.58,3381,18,Nigeria,Mobile,Online Services,Bank Transfer
TXN101924,64478.21,8,26.63,369,29,Ghana,Mobile,Healthcare,Bank Transfer
TXN101925,3231.22,17,12.12,755,20,Nigeria,Mobile,Travel,Bank Transfer
TXN101926,645.3,17,33.32,3620,22,Kenya,Tablet,Clothing,Card
TXN101927,6087.52,6,1.65,1963,25,South Africa,Mobile,Restaurant,Bank Transfer
TXN101928,24366.38,3,1.1,1064,23,South Africa,Desktop,Clothing,Card
TXN101929,57431.46,12,21.87,3625,31,Nigeria,Desktop,Restaurant,Digital Wallet
TXN101930,2369.54,16,23.21,1675,24,Ghana,Mobile,Online Services,Mobile Money
TXN101931,13315.7,23,21.34,162,18,Nigeria,Mobile,Clothing,Mobile Money
TXN101932,5088.25,1,19.25,2978,28,United States,Desktop,Restaurant,Card
TXN101933,7288.49,13,5.4,2717,27,Kenya,Desktop,Online Services,Card
TXN101934,114044.43,2,2.94,3249,20,Nigeria,Desktop,Healthcare,Card
TXN101935,1802.68,4,31.71,852,26,Nigeria,Desktop,Clothing,Bank Transfer
TXN101936,10443.55,13,4.4,983,27,Kenya,Mobile,Restaurant,Card
TXN101937,12935.01,2,6.1,2156,30,Nigeria,Desktop,Electronics,Bank Transfer
TXN101938,23999.45,22,14.43,375,24,South Africa,Mobile,Grocery,Card
TXN101939,8937.25,6,4.17,638,33,Nigeria,Mobile,Healthcare,Bank Transfer
TXN101940,11026.43,17,20.52,3350,33,Kenya,Mobile,Electronics,Card
TXN101941,5477.21,12,0.87,668,23,Nigeria,Mobile,Travel,Card
TXN101942,10605.49,22,18.8,3643,24,Nigeria,Mobile,Fuel,Mobile Money
TXN101943,5749.15,21,11.05,1077,21,United States,Mobile,Fuel,Bank Transfer
TXN101944,15086.75,9,10.21,1524,19,Ghana,Mobile,Clothing,Mobile Money
TXN101945,5599.26,12,7.36,1254,22,Nigeria,Desktop,Fuel,Bank Transfer
TXN101946,11814.71,15,3.89,2208,18,United States,Mobile,Healthcare,Digital Wallet
TXN101947,7869.4,8,7.49,2433,29,Nigeria,Desktop,Online Services,Card
TXN101948,24985.48,1,7.17,3021,24,Kenya,Mobile,Restaurant,Card
TXN101949,7697.16,22,10.52,179,26,Nigeria,Mobile,Healthcare,Bank Transfer
TXN101950,1376.04,4,3.97,1579,28,Nigeria,Mobile,Electronics,Digital Wallet
TXN101951,28621.73,21,0.97,1357,27,Nigeria,Mobile,Electronics,Bank Transfer
TXN101952,3275.64,16,1.88,1594,32,Nigeria,Mobile,Online Services,Bank Transfer
TXN101953,4214.28,22,14.41,79,25,United Kingdom,Desktop,Restaurant,Card
TXN101954,4466.4,21,0.27,2541,15,United Kingdom,Mobile,Clothing,Bank Transfer
TXN101955,32030.32,3,23.29,3341,24,Nigeria,Mobile,Online Services,Card
TXN101956,957.5,16,14.23,1535,20,Nigeria,Mobile,Travel,Mobile Money
TXN101957,186791.54,8,17.54,2532,27,United Kingdom,Mobile,Travel,Card
TXN101958,23296.46,19,21.69,3384,35,Nigeria,Mobile,Online Services,Card
TXN101959,10129.82,1,1.57,364,25,Nigeria,Desktop,Travel,Card
TXN101960,7670.26,23,20.74,1405,25,Nigeria,Mobile,Fuel,Card
TXN101961,10781.15,17,8.43,697,32,Nigeria,Mobile,Healthcare,Card
TXN101962,13644.92,20,26.01,1702,19,Nigeria,Mobile,Restaurant,Card
TXN101963,15447.7,21,26.12,2404,25,Ghana,Mobile,Healthcare,Bank Transfer
TXN101964,14123.63,10,0.29,1045,22,Nigeria,Mobile,Electronics,Mobile Money
TXN101965,8862.47,12,5.79,365,27,United Kingdom,Mobile,Online Services,Card
TXN101966,6651.93,7,8.97,695,16,Nigeria,Desktop,Travel,Bank Transfer
TXN101967,6965.51,0,13.61,3072,30,Ghana,Mobile,Healthcare,Digital Wallet
TXN101968,6668.11,16,4.05,110,32,Nigeria,Desktop,Electronics,Bank Transfer
TXN101969,25179.11,11,3.49,2164,36,South Africa,Mobile,Online Services,Bank Transfer
TXN101970,14669.95,3,5.76,1829,26,Nigeria,Desktop,Travel,Bank Transfer
TXN101971,428.21,20,8.34,287,27,Nigeria,Tablet,Travel,Card
TXN101972,15613.65,12,36.23,1020,27,South Africa,Mobile,Online Services,Card
TXN101973,9845.17,8,17.23,214,25,Nigeria,Mobile,Clothing,Card
TXN101974,7952.89,6,6.73,1745,25,Ghana,Mobile,Restaurant,Card
TXN101975,5494.38,22,0.67,2775,22,United States,Mobile,Clothing,Mobile Money
TXN101976,24937.12,23,2.21,152,26,Nigeria,Mobile,Fuel,Card
TXN101977,20900.46,4,7.3,3197,20,Nigeria,Desktop,Electronics,Digital Wallet
TXN101978,3741.05,4,20.17,634,33,Nigeria,Mobile,Fuel,Mobile Money
TXN101979,12173.93,16,5.75,2592,19,United Kingdom,Mobile,Electronics,Bank Transfer
TXN101980,3066.66,8,9.28,933,22,Nigeria,Desktop,Online Services,Mobile Money
TXN101981,2039.34,5,26.69,3544,23,Kenya,Desktop,Restaurant,Card
TXN101982,4329.83,18,29.41,1567,29,South Africa,Mobile,Travel,Bank Transfer
TXN101983,19194.78,15,2.92,2011,26,Nigeria,Desktop,Restaurant,Digital Wallet
TXN101984,21017.8,20,0.53,1424,30,South Africa,Tablet,Healthcare,Card
TXN101985,13535.69,1,4.37,2382,38,Nigeria,Mobile,Travel,Card
TXN101986,16732.29,9,14.28,3458,22,Nigeria,Mobile,Grocery,Card
TXN101987,13577.62,15,36.22,3249,26,Kenya,Desktop,Fuel,Bank Transfer
TXN101988,4266.37,4,0.96,1338,31,Nigeria,Desktop,Grocery,Card
TXN101989,12480.5,14,0.35,2734,30,Nigeria,Mobile,Restaurant,Bank Transfer
TXN101990,18041.13,12,25.87,1895,21,Kenya,Mobile,Fuel,Mobile Money
TXN101991,17228.0,12,16.55,1971,28,Kenya,Desktop,Healthcare,Card
TXN101992,26606.57,12,58.32,2339,28,Nigeria,Tablet,Grocery,Mobile Money
TXN101993,16453.67,14,6.07,1627,30,South Africa,Desktop,Grocery,Card
TXN101994,11515.49,13,6.46,520,27,Nigeria,Tablet,Fuel,Card
TXN101995,23627.11,7,2.27,2815,35,United Kingdom,Mobile,Healthcare,Card
TXN101996,7891.0,10,1.48,1084,28,South Africa,Tablet,Fuel,Mobile Money
TXN101997,3354.73,17,10.37,731,24,Nigeria,Desktop,Electronics,Digital Wallet
TXN101998,6883.85,23,5.44,2964,36,Nigeria,Tablet,Travel,Card
TXN101999,3847.19,3,1.0,1321,24,Kenya,Mobile,Online Services,Card
TXN102000,4125.0,9,26.16,2089,21,United Kingdom,Desktop,Grocery,Mobile Money
TXN102001,7012.72,0,2.65,1244,23,Nigeria,Mobile,Clothing,Bank Transfer
TXN102002,3668.65,4,16.57,1453,27,Nigeria,Mobile,Healthcare,Card
TXN102003,5955.31,12,3.98,1590,20,Nigeria,Mobile,Fuel,Bank Transfer
TXN102004,1219.73,0,20.11,1971,24,Nigeria,Mobile,Electronics,Digital Wallet
TXN102005,10029.58,22,1.51,2168,25,Kenya,Mobile,Travel,Card
TXN102006,8112.86,7,16.93,629,23,Nigeria,Tablet,Healthcare,Card
TXN102007,3579.26,2,1.24,3602,20,Kenya,Desktop,Electronics,Card
TXN102008,15665.96,2,7.11,1839,24,United Kingdom,Tablet,Clothing,Bank Transfer
TXN102009,20693.4,6,15.89,2378,21,United States,Tablet,Online Services,Card
TXN102010,1623.66,3,2.28,1164,29,Nigeria,Mobile,Travel,Mobile Money
TXN102011,3779.23,2,4.04,109,27,South Africa,Mobile,Restaurant,Mobile Money
TXN102012,3755.05,14,24.01,865,27,United States,Mobile,Restaurant,Bank Transfer
TXN102013,3165.6,7,25.97,681,20,Nigeria,Mobile,Electronics,Card
TXN102014,18573.2,2,0.55,2510,35,Nigeria,Mobile,Online Services,Digital Wallet
TXN102015,6675.33,6,2.21,446,27,United States,Mobile,Restaurant,Bank Transfer
TXN102016,,17,1.5,3315,22,Nigeria,Mobile,Fuel,Bank Transfer
TXN102017,1092.41,10,2.38,1500,33,United States,Mobile,Travel,Digital Wallet
TXN102018,15297.09,10,42.15,2095,32,Nigeria,Mobile,Clothing,Digital Wallet
TXN102019,2346.64,16,9.63,1107,24,Nigeria,Mobile,Clothing,Bank Transfer
TXN102020,8603.57,5,7.58,1933,35,Nigeria,Desktop,Restaurant,Card
TXN102021,10693.35,7,49.98,775,27,Nigeria,Mobile,Grocery,Card
TXN102022,31591.98,0,9.77,2032,23,Nigeria,Mobile,Grocery,Digital Wallet
TXN102023,2188.96,9,12.99,269,29,Nigeria,Mobile,Online Services,Mobile Money
TXN102024,395.63,18,4.86,2923,30,Nigeria,Desktop,Healthcare,Card
TXN102025,9738.57,2,5.78,1974,24,Nigeria,Mobile,Grocery,Mobile Money
TXN102026,49045.87,3,10.83,2495,30,Nigeria,Mobile,Restaurant,Mobile Money
TXN102027,27971.64,10,0.87,885,32,South Africa,Mobile,Healthcare,Card
TXN102028,9993.19,14,3.55,3587,26,Nigeria,Tablet,Restaurant,Bank Transfer
TXN102029,4956.05,0,2.63,3545,12,United Kingdom,Tablet,Restaurant,Card
TXN102030,18162.65,8,0.19,2676,16,United Kingdom,Mobile,Fuel,Mobile Money
TXN102031,3060.87,10,9.24,1826,26,Nigeria,Desktop,Healthcare,Card
TXN102032,13047.58,18,9.88,1801,21,Nigeria,Mobile,Travel,Bank Transfer
TXN102033,13433.01,12,5.81,3224,22,United States,Mobile,Healthcare,Card
TXN102034,23393.42,15,3.76,449,25,South Africa,Mobile,Grocery,Card
TXN102035,127983.94,3,12.67,2293,26,Nigeria,Mobile,Electronics,Card
TXN102036,11997.05,0,1.74,3521,17,Kenya,Desktop,Online Services,Bank Transfer
TXN102037,4870.91,19,8.77,738,26,Nigeria,Tablet,Travel,Card
TXN102038,7898.48,12,17.54,2628,22,Nigeria,Mobile,Online Services,Bank Transfer
TXN102039,1381.5,0,2.15,3043,25,Nigeria,Mobile,Online Services,Card
TXN102040,4045.2,4,16.79,3329,25,Nigeria,Mobile,Travel,Bank Transfer
TXN102041,5381.47,4,17.17,3338,28,United States,Mobile,Restaurant,Bank Transfer
TXN102042,4797.79,13,0.74,1697,21,United Kingdom,Tablet,Healthcare,Card
TXN102043,9436.64,22,0.23,1383,26,Ghana,Desktop,Restaurant,Card
TXN102044,3560.23,13,43.77,2065,25,Nigeria,Mobile,Travel,Card
TXN102045,24860.38,7,2.58,2910,29,Nigeria,Mobile,Restaurant,Bank Transfer
TXN102046,8104.76,3,20.72,3570,25,Nigeria,Desktop,Grocery,Mobile Money
TXN102047,8028.07,6,9.9,709,32,Nigeria,Mobile,Travel,Card
TXN102048,5837.78,19,3.69,516,27,Nigeria,Tablet,Fuel,Bank Transfer
TXN102049,9463.43,18,1.67,652,23,Ghana,Mobile,Fuel,Card
TXN102050,18492.09,14,8.24,1468,21,Nigeria,Mobile,Online Services,Card
TXN102051,3404.56,21,6.28,248,16,United States,Mobile,Fuel,Bank Transfer
TXN102052,4195.99,3,14.4,2798,27,United States,Mobile,Travel,Card
TXN102053,5980.59,18,28.14,2458,28,Ghana,Mobile,Fuel,Bank Transfer
TXN102054,2109.34,8,19.63,2164,23,Ghana,Desktop,Travel,Digital Wallet
TXN102055,3571.5,20,3.85,1514,29,Nigeria,Desktop,Restaurant,Card
TXN102056,5033.04,12,25.34,2892,22,Nigeria,Mobile,Fuel,Bank Transfer
TXN102057,19426.42,13,21.51,2488,24,United Kingdom,Mobile,Healthcare,Digital Wallet
TXN102058,10536.09,22,31.76,720,20,Kenya,Desktop,Travel,Card
TXN102059,9833.89,13,7.36,2059,28,Nigeria,Desktop,Healthcare,Card
TXN102060,18975.39,21,17.56,1042,41,Ghana,Mobile,Healthcare,Card
TXN102061,7063.02,9,10.75,2602,27,United States,Desktop,Electronics,Bank Transfer
TXN102062,11973.66,15,4.46,476,15,Nigeria,Tablet,Electronics,Bank Transfer
TXN102063,7308.39,4,62.29,2377,25,Nigeria,Mobile,Grocery,Bank Transfer
TXN102064,10565.64,22,0.47,2485,29,United States,Mobile,Travel,Bank Transfer
TXN102065,4524.4,5,2.12,404,20,Nigeria,Mobile,Fuel,Mobile Money
TXN102066,707.11,1,26.77,2310,18,Nigeria,Mobile,Healthcare,Card
TXN102067,7084.9,12,0.75,1952,29,Nigeria,Desktop,Travel,Digital Wallet
TXN102068,33615.69,12,26.15,667,31,United Kingdom,Mobile,Healthcare,Card
TXN102069,20459.76,18,15.07,1800,19,United Kingdom,Tablet,Online Services,Card
TXN102070,21277.33,17,0.45,2727,22,Nigeria,Mobile,Restaurant,Digital Wallet
TXN102071,27892.99,18,6.73,3038,23,Nigeria,Mobile,Online Services,Mobile Money
TXN102072,8854.29,0,16.85,3150,23,Nigeria,Desktop,Fuel,Mobile Money
TXN102073,9870.6,7,10.5,2263,28,Nigeria,Mobile,Clothing,Card
TXN102074,4369.26,21,32.96,3306,32,Nigeria,Mobile,Online Services,Mobile Money
TXN102075,5907.2,15,24.27,2155,30,Nigeria,Mobile,Fuel,Bank Transfer
TXN102076,14999.49,1,4.85,1534,24,Nigeria,Mobile,Clothing,Mobile Money
TXN102077,27007.89,7,1.06,3487,24,United States,Tablet,Fuel,Digital Wallet
TXN102078,7048.38,5,34.64,223,19,Nigeria,Mobile,Travel,Card
TXN102079,5165.78,15,8.74,3204,23,Nigeria,Desktop,Grocery,Bank Transfer
TXN102080,8107.36,22,0.93,1429,16,Nigeria,Mobile,Electronics,Mobile Money
TXN102081,14782.61,10,20.35,2364,29,Kenya,Desktop,Travel,Card
TXN102082,1912.46,16,24.35,1535,26,Nigeria,Mobile,Travel,Card
TXN102083,815.51,22,12.24,1776,20,Nigeria,Mobile,Grocery,Card
TXN102084,4672.56,18,7.12,279,20,South Africa,Tablet,Grocery,Bank Transfer
TXN102085,2390.57,10,13.02,1254,14,United States,Mobile,Clothing,Card
TXN102086,4874.92,7,14.72,565,21,Kenya,Desktop,Fuel,Card
TXN102087,6989.89,21,26.82,3562,17,Nigeria,Mobile,Travel,Card
TXN102088,5150.0,3,37.45,2377,26,Nigeria,Mobile,Fuel,Card
TXN102089,34629.72,10,8.67,3579,26,South Africa,Desktop,Travel,Card
TXN102090,11234.5,7,19.22,1136,28,Nigeria,Desktop,Restaurant,Card
TXN102091,10943.21,8,40.06,2886,23,Nigeria,Mobile,Electronics,Digital Wallet
TXN102092,15096.33,1,1.97,487,22,United States,Tablet,Restaurant,Card
TXN102093,2594.55,15,0.22,2768,24,United Kingdom,Mobile,Healthcare,Mobile Money
TXN102094,22905.03,5,24.39,3399,24,United Kingdom,Mobile,Restaurant,Mobile Money
TXN102095,7511.84,20,2.61,1417,29,United Kingdom,Mobile,Electronics,Bank Transfer
TXN102096,15842.96,20,0.52,2795,26,Ghana,Mobile,Travel,Card
TXN102097,2774.27,18,2.09,69,28,South Africa,Mobile,Clothing,Digital Wallet
TXN102098,1713.41,7,5.82,3441,27,Nigeria,Mobile,Healthcare,Bank Transfer
TXN102099,18359.27,13,2.97,1569,25,United States,Tablet,Fuel,Card
TXN102100,11806.55,23,4.37,2185,32,Nigeria,Mobile,Electronics,Card
TXN102101,3287.72,15,44.41,3417,23,Ghana,Mobile,Grocery,Card
TXN102102,3395.94,11,14.63,3215,36,Nigeria,Mobile,Travel,Card
TXN102103,24970.11,4,14.95,3268,26,Nigeria,Mobile,Electronics,Bank Transfer
TXN102104,2466.58,23,1.19,290,24,Ghana,Mobile,Electronics,Card
TXN102105,,23,15.81,1671,33,Nigeria,Mobile,Online Services,Bank Transfer
TXN102106,3292.42,18,16.13,1277,25,Ghana,Mobile,Fuel,Digital Wallet
TXN102107,15342.65,17,12.94,3363,29,Ghana,Mobile,Electronics,Card
TXN102108,5833.55,8,3.11,3352,22,Nigeria,Desktop,Healthcare,Card
TXN102109,14811.92,1,6.6,2603,21,Nigeria,Tablet,Clothing,Mobile Money
TXN102110,4702.67,19,22.47,2787,22,Nigeria,Mobile,Restaurant,Bank Transfer
TXN102111,6885.73,11,13.31,155,24,United Kingdom,Mobile,Restaurant,Card
TXN102112,8441.53,1,15.84,1259,24,Nigeria,Mobile,Online Services,Mobile Money
TXN102113,2974.44,9,10.62,3241,30,Nigeria,Desktop,Electronics,Digital Wallet
TXN102114,16997.55,0,7.17,3163,25,Nigeria,Desktop,Electronics,Bank Transfer
TXN102115,4850.25,3,17.08,1336,33,United Kingdom,Mobile,Restaurant,Card
TXN102116,6447.19,11,0.84,2131,25,Kenya,Mobile,Clothing,Bank Transfer
TXN102117,2997.85,8,13.42,2423,22,Nigeria,Desktop,Healthcare,Bank Transfer
TXN102118,624.95,3,70.56,3625,24,United Kingdom,Mobile,Travel,Card
TXN102119,6694.04,8,18.18,165,17,United Kingdom,Mobile,Restaurant,Card
TXN102120,90455.69,5,4.12,2407,24,South Africa,Mobile,Electronics,Bank Transfer
TXN102121,17758.23,0,3.91,3245,25,Nigeria,Mobile,Clothing,Card
TXN102122,7948.51,9,13.2,1489,25,South Africa,Desktop,Fuel,Card
TXN102123,6229.86,13,27.14,3383,19,Nigeria,Desktop,Clothing,Digital Wallet
TXN102124,8287.19,21,10.35,165,26,South Africa,Desktop,Fuel,Digital Wallet
TXN102125,14004.29,17,8.99,3590,27,United Kingdom,Mobile,Online Services,Mobile Money
TXN102126,2487.88,5,2.1,842,21,United Kingdom,Desktop,Electronics,Card
TXN102127,24694.15,17,15.08,881,29,Nigeria,Mobile,Healthcare,Card
TXN102128,16570.53,19,14.54,1774,23,United Kingdom,Mobile,Grocery,Mobile Money
TXN102129,16617.07,15,40.92,1968,17,Nigeria,Desktop,Clothing,Bank Transfer
TXN102130,12562.55,14,4.28,3502,13,Nigeria,Mobile,Restaurant,Bank Transfer
TXN102131,8263.61,15,16.95,900,27,Nigeria,Mobile,Healthcare,Card
TXN102132,15880.72,7,6.83,2969,27,Kenya,Tablet,Grocery,Bank Transfer
TXN102133,14644.41,12,9.81,1502,32,Nigeria,Tablet,Online Services,Digital Wallet
TXN102134,5687.12,22,20.34,664,31,Nigeria,Mobile,Travel,Card
TXN102135,4566.02,10,3.01,1681,24,Nigeria,Mobile,Restaurant,Card
TXN102136,8971.93,6,5.04,698,28,Ghana,Mobile,Online Services,Bank Transfer
TXN102137,38140.05,16,17.81,1323,22,United Kingdom,Tablet,Fuel,Bank Transfer
TXN102138,2347.0,17,10.14,3118,23,South Africa,Mobile,Online Services,Card
TXN102139,1867.72,21,1.16,298,27,Nigeria,Tablet,Online Services,Digital Wallet
TXN102140,9554.44,22,6.75,890,19,United States,Mobile,Electronics,Card
TXN102141,8526.1,18,10.6,511,24,Kenya,Mobile,Grocery,Digital Wallet
TXN102142,9636.77,12,28.83,3320,22,United Kingdom,Mobile,Online Services,Card
TXN102143,10341.84,14,2.51,3420,18,Kenya,Mobile,Online Services,Card
TXN102144,6482.09,22,19.68,1291,29,United States,Tablet,Online Services,Mobile Money
TXN102145,35949.25,21,1.68,3646,30,United Kingdom,Mobile,Restaurant,Digital Wallet
TXN102146,1634.51,21,3.33,2362,24,Nigeria,Mobile,Healthcare,Digital Wallet
TXN102147,3538.66,0,3.35,3138,28,Nigeria,Mobile,Online Services,Card
TXN102148,7308.15,15,25.19,132,29,Kenya,Desktop,Clothing,Bank Transfer
TXN102149,1566.83,4,2.66,1483,17,Ghana,Mobile,Electronics,Card
TXN102150,6796.38,2,18.56,821,28,Ghana,Desktop,Grocery,Card
TXN102151,42679.34,22,7.43,1707,25,Nigeria,Mobile,Clothing,Card
TXN102152,8274.11,9,84.03,268,27,Nigeria,Mobile,Online Services,Card
TXN102153,10205.69,18,21.92,2818,28,Ghana,Mobile,Healthcare,Digital Wallet
TXN102154,2298.09,4,16.15,2722,29,United Kingdom,Mobile,Fuel,Card
TXN102155,4374.9,6,24.55,3226,27,South Africa,Mobile,Healthcare,Bank Transfer
TXN102156,5568.07,13,12.06,1618,29,Nigeria,Tablet,Electronics,Bank Transfer
TXN102157,5897.51,2,22.27,911,28,Nigeria,Mobile,Healthcare,Card
TXN102158,29191.82,12,3.63,2684,18,Nigeria,Mobile,Electronics,Digital Wallet
TXN102159,14153.13,12,1.23,2265,21,Nigeria,Mobile,Healthcare,Card
TXN102160,2666.55,9,11.48,917,23,Nigeria,Mobile,Healthcare,Digital Wallet
TXN102161,10368.26,1,6.84,1309,30,South Africa,Desktop,Grocery,Digital Wallet
TXN102162,13335.99,5,6.67,3064,24,United Kingdom,Desktop,Grocery,Digital Wallet
TXN102163,25340.24,7,8.98,953,30,Nigeria,Mobile,Healthcare,Mobile Money
TXN102164,39361.39,3,5.38,823,28,Ghana,Desktop,Grocery,Card
TXN102165,2936.3,11,11.8,2607,24,Kenya,Mobile,Restaurant,Card
TXN102166,3601.63,14,0.37,705,16,United States,Mobile,Fuel,Bank Transfer
TXN102167,2304.05,7,42.04,2469,22,United States,Mobile,Electronics,Card
TXN102168,6412.34,6,31.04,1711,19,Nigeria,Desktop,Online Services,Mobile Money
TXN102169,12917.76,13,32.85,1521,27,Nigeria,Mobile,Travel,Mobile Money
TXN102170,21749.25,22,5.45,1879,27,Nigeria,Mobile,Clothing,Card
TXN102171,7510.44,18,9.11,1306,27,Ghana,Mobile,Grocery,Card
TXN102172,5884.94,13,36.98,701,18,Kenya,Mobile,Electronics,Card
TXN102173,9431.01,21,27.92,2938,22,Nigeria,Mobile,Fuel,Bank Transfer
TXN102174,3515.22,12,18.74,3277,22,United Kingdom,Mobile,Online Services,Card
TXN102175,65482.53,20,6.28,2543,23,Nigeria,Desktop,Clothing,Bank Transfer
TXN102176,1623.5,0,9.97,868,27,United States,Mobile,Travel,Bank Transfer
TXN102177,9747.25,18,18.9,3065,22,Nigeria,Mobile,Clothing,Card
TXN102178,61304.36,0,3.83,1342,23,Nigeria,Desktop,Healthcare,Bank Transfer
TXN102179,8158.37,3,11.82,1103,27,Nigeria,Desktop,Travel,Bank Transfer
TXN102180,6700.66,9,21.12,33,22,Nigeria,Mobile,Online Services,Bank Transfer
TXN102181,5667.79,2,14.75,1684,20,South Africa,Mobile,Grocery,Digital Wallet
TXN102182,6765.61,19,7.84,2929,15,Nigeria,Desktop,Restaurant,Card
TXN102183,31979.44,8,10.54,1938,26,South Africa,Mobile,Travel,Card
TXN102184,887.26,2,53.77,3601,13,Nigeria,Mobile,Grocery,Digital Wallet
TXN102185,37550.19,5,11.06,3324,30,Nigeria,Mobile,Clothing,Card
TXN102186,1950.89,5,18.48,1923,20,United Kingdom,Tablet,Online Services,Card
TXN102187,6206.47,22,15.56,1952,26,United States,Mobile,Fuel,Bank Transfer
TXN102188,5275.11,11,14.51,1315,15,Nigeria,Mobile,Clothing,Bank Transfer
TXN102189,14596.74,22,15.12,564,30,United States,Mobile,Clothing,Card
TXN102190,1639.06,0,7.27,2980,28,Ghana,Desktop,Online Services,Bank Transfer
TXN102191,12863.8,15,7.71,3477,33,Nigeria,Mobile,Online Services,Card
TXN102192,61347.5,23,7.57,1114,21,South Africa,Desktop,Restaurant,Bank Transfer
TXN102193,,4,0.41,1409,23,Nigeria,Desktop,Electronics,Bank Transfer
TXN102194,9795.77,8,3.31,675,18,Nigeria,Mobile,Travel,Bank Transfer
TXN102195,4179.8,9,2.01,53,23,Kenya,Desktop,Fuel,Bank Transfer
TXN102196,12405.4,12,26.11,1346,29,Nigeria,Mobile,Online Services,Card
TXN102197,8259.73,14,3.86,586,25,Nigeria,Tablet,Electronics,Card
TXN102198,4266.35,11,1.79,2768,22,,Desktop,Clothing,Card
TXN102199,13198.68,4,1.53,385,29,South Africa,Tablet,Fuel,Card
TXN102200,49234.41,4,14.45,2037,22,Kenya,Desktop,Restaurant,Bank Transfer
TXN102201,6694.87,17,0.07,899,24,Nigeria,Desktop,Healthcare,Bank Transfer
TXN102202,16643.22,11,7.65,3018,22,United Kingdom,Mobile,Healthcare,Card
TXN102203,2223.25,2,1.52,604,19,Nigeria,Mobile,Grocery,Digital Wallet
TXN102204,3113.69,6,22.74,58,30,Kenya,Mobile,Restaurant,Bank Transfer
TXN102205,12996.12,16,38.17,2434,20,United Kingdom,Mobile,Online Services,Card
TXN102206,35743.23,18,38.26,394,29,United Kingdom,Desktop,Electronics,Card
TXN102207,11563.55,17,7.0,2685,21,Nigeria,Mobile,Clothing,Bank Transfer
TXN102208,5925.04,0,12.41,438,23,Kenya,Mobile,Fuel,Card
TXN102209,8097.34,23,10.99,3367,28,Nigeria,Desktop,Fuel,Digital Wallet
TXN102210,2320.63,4,5.17,1344,20,Ghana,Tablet,Healthcare,Bank Transfer
TXN102211,14831.6,1,7.05,2644,19,Nigeria,Desktop,Fuel,Digital Wallet
TXN102212,19581.35,0,0.8,1206,16,Nigeria,Desktop,Travel,Card
TXN102213,5155.97,6,19.06,248,30,Nigeria,Mobile,Restaurant,Bank Transfer
TXN102214,5064.23,10,3.31,2250,39,Nigeria,Desktop,Electronics,Digital Wallet
TXN102215,10571.09,10,7.41,637,28,Ghana,Mobile,Electronics,Card
TXN102216,5235.83,17,7.86,1065,26,United Kingdom,Tablet,Healthcare,Card
TXN102217,7584.54,16,9.87,1569,25,Nigeria,Mobile,Grocery,Bank Transfer
TXN102218,66152.75,1,20.44,3463,23,Nigeria,Desktop,Travel,Digital Wallet
TXN102219,6329.49,6,14.13,887,29,Nigeria,Mobile,Healthcare,Bank Transfer
TXN102220,5662.72,6,13.05,1632,26,Kenya,Mobile,Healthcare,Bank Transfer
TXN102221,4240.59,9,8.98,2734,19,Nigeria,Desktop,Fuel,Bank Transfer
TXN102222,17054.89,21,1.21,998,33,Nigeria,Desktop,Electronics,Card
TXN102223,6759.98,20,6.17,1530,20,Nigeria,Desktop,Travel,Card
TXN102224,4232.83,2,37.85,1135,25,United Kingdom,Mobile,Clothing,Card
TXN102225,30372.84,11,64.97,1670,22,Nigeria,Mobile,Online Services,Card
TXN102226,33510.13,2,15.73,1746,16,Nigeria,Mobile,Healthcare,Mobile Money
TXN102227,4445.18,10,3.1,3441,26,Kenya,Mobile,Restaurant,Bank Transfer
TXN102228,1253.21,11,1.29,2518,32,Nigeria,Mobile,Electronics,Digital Wallet
TXN102229,22192.59,3,6.43,646,28,Nigeria,Desktop,Clothing,Card
TXN102230,4086.2,15,23.3,255,23,Nigeria,Mobile,Healthcare,Card
TXN102231,17865.48,19,15.36,2448,25,United States,Desktop,Grocery,Mobile Money
TXN102232,1129.91,17,25.84,57,25,Nigeria,Mobile,Travel,Card
TXN102233,19783.38,3,11.48,3085,29,Nigeria,Mobile,Online Services,Card
TXN102234,2413.49,21,1.68,1024,27,Nigeria,Mobile,Healthcare,Card
TXN102235,16827.41,5,1.46,45,36,United Kingdom,Desktop,Healthcare,Card
TXN102236,8219.57,20,0.59,3378,26,Nigeria,Desktop,Healthcare,Digital Wallet
TXN102237,3121.47,14,10.05,362,23,Ghana,Mobile,Clothing,Bank Transfer
TXN102238,5393.57,0,3.34,512,31,United Kingdom,Mobile,Travel,Digital Wallet
TXN102239,16095.88,2,15.91,595,29,United States,Mobile,Fuel,Digital Wallet
TXN102240,9008.24,4,13.91,3389,24,Kenya,Desktop,Fuel,Card
TXN102241,14536.43,21,4.59,2191,21,Nigeria,Desktop,Online Services,Mobile Money
TXN102242,58480.03,16,2.33,2115,24,Nigeria,Mobile,Travel,Card
TXN102243,1695.54,13,1.3,483,24,Nigeria,Mobile,Electronics,Card
TXN102244,40831.64,8,16.04,2819,28,Ghana,Mobile,Travel,Digital Wallet
TXN102245,8994.39,2,7.18,195,29,South Africa,Mobile,Clothing,Card
TXN102246,3298.48,12,4.69,2771,23,United Kingdom,Mobile,Grocery,Card
TXN102247,2142.41,2,23.31,2282,30,Nigeria,Mobile,Electronics,Card
TXN102248,6706.82,10,10.81,907,28,Kenya,Mobile,Restaurant,Card
TXN102249,20366.57,1,8.76,274,18,United States,Mobile,Grocery,Card
TXN102250,7132.74,23,16.32,1924,36,United States,Mobile,Healthcare,Card
TXN102251,36722.87,14,20.29,1386,25,Kenya,Mobile,Clothing,Card
TXN102252,1898.51,12,13.9,972,28,Ghana,Mobile,Electronics,Digital Wallet
TXN102253,8005.72,18,6.96,3497,29,Nigeria,Desktop,Online Services,Card
TXN102254,2316.02,21,5.72,2898,20,Nigeria,Mobile,Online Services,Card
TXN102255,11656.65,15,17.72,2584,17,Nigeria,Mobile,Travel,Card
TXN102256,19670.74,17,8.76,1982,31,Nigeria,Desktop,Fuel,Mobile Money
TXN102257,5320.05,6,14.62,3001,18,Nigeria,Tablet,Grocery,Bank Transfer
TXN102258,599.31,12,26.53,3222,20,Ghana,Mobile,Electronics,Digital Wallet
TXN102259,9886.72,3,29.71,1312,23,Ghana,Mobile,Restaurant,Bank Transfer
TXN102260,12540.75,8,3.9,1775,21,Nigeria,Desktop,Fuel,Card
TXN102261,12140.41,9,2.5,439,25,Nigeria,Tablet,Restaurant,Card
TXN102262,27883.27,8,3.63,2387,32,Nigeria,Mobile,Restaurant,Bank Transfer
TXN102263,2776.5,6,16.7,2145,20,Nigeria,Mobile,Online Services,Bank Transfer
TXN102264,15997.95,14,5.55,2191,29,Nigeria,Desktop,Electronics,Card
TXN102265,,7,2.29,2297,25,United States,Mobile,Grocery,Bank Transfer
TXN102266,1368.42,18,1.24,2297,28,Nigeria,Tablet,Travel,Digital Wallet
TXN102267,11155.1,10,4.76,1526,25,Nigeria,Mobile,Grocery,Mobile Money
TXN102268,4894.27,4,1.76,2807,22,Nigeria,Desktop,Travel,Bank Transfer
TXN102269,7468.71,1,2.04,2826,35,Ghana,Mobile,Grocery,Mobile Money
TXN102270,11472.14,9,13.82,3020,30,Kenya,Mobile,Grocery,Card
TXN102271,4977.94,15,0.24,415,19,Nigeria,Tablet,Electronics,Card
TXN102272,4122.82,22,1.5,3399,29,United States,Mobile,Restaurant,Card
TXN102273,8384.6,12,22.32,959,29,South Africa,Mobile,Fuel,Card
TXN102274,2731.9,7,22.37,3354,31,Nigeria,Desktop,Restaurant,Digital Wallet
TXN102275,2735.79,8,4.79,434,28,Nigeria,Mobile,Restaurant,Card
TXN102276,15984.48,10,1.1,521,29,Nigeria,Mobile,Fuel,Bank Transfer
TXN102277,2568.83,10,14.65,386,26,Nigeria,Mobile,Restaurant,Bank Transfer
TXN102278,,22,5.36,3529,19,United Kingdom,Mobile,Grocery,Bank Transfer
TXN102279,12869.19,15,0.56,244,16,Nigeria,Desktop,Restaurant,Bank Transfer
TXN102280,1442.59,9,2.06,1433,31,Nigeria,Desktop,Grocery,Bank Transfer
TXN102281,4115.17,23,1.77,781,15,Nigeria,Mobile,Travel,Card
TXN102282,26745.18,11,10.67,856,29,Nigeria,Mobile,Clothing,Digital Wallet
TXN102283,3037.63,5,27.41,1267,21,United Kingdom,Mobile,Fuel,Card
TXN102284,5092.86,11,18.9,1151,23,Nigeria,Desktop,Fuel,Card
TXN102285,12862.37,9,9.49,2605,23,Nigeria,Desktop,Clothing,Bank Transfer
TXN102286,17736.69,17,6.58,2993,27,Ghana,Tablet,Travel,Card
TXN102287,6300.98,17,11.57,695,27,Nigeria,Tablet,Grocery,Card
TXN102288,4458.15,3,7.04,3629,35,Nigeria,Mobile,Fuel,Digital Wallet
TXN102289,33602.97,8,3.39,2787,28,Nigeria,Mobile,Restaurant,Mobile Money
TXN102290,46115.28,6,13.64,2058,25,Nigeria,Mobile,Electronics,Digital Wallet
TXN102291,21565.67,17,24.79,2612,19,Nigeria,Mobile,Grocery,Card
TXN102292,8824.77,7,5.6,583,26,Nigeria,Mobile,Grocery,Card
TXN102293,3610.98,10,22.11,1602,25,Nigeria,Desktop,Fuel,Mobile Money
TXN102294,3531.77,6,6.77,357,27,Ghana,Mobile,Travel,Mobile Money
TXN102295,13663.92,8,6.16,2979,24,Nigeria,Mobile,Travel,Bank Transfer
TXN102296,12312.84,7,0.34,1218,17,United States,Mobile,Electronics,Digital Wallet
TXN102297,32912.2,2,14.26,3217,24,Nigeria,Desktop,Healthcare,Digital Wallet
TXN102298,15528.78,16,19.77,179,19,,Mobile,Restaurant,Bank Transfer
TXN102299,1802.48,1,13.07,3619,26,United Kingdom,Mobile,Clothing,Card
TXN102300,23200.93,14,1.97,1085,25,Nigeria,Mobile,Healthcare,Bank Transfer
TXN102301,2986.74,13,1.31,686,30,South Africa,Desktop,Online Services,Digital Wallet
TXN102302,5519.42,17,10.21,2883,24,United Kingdom,Mobile,Restaurant,Card
TXN102303,10406.65,15,6.16,1966,24,Nigeria,Tablet,Restaurant,Bank Transfer
TXN102304,59615.3,19,6.73,322,27,United States,Mobile,Online Services,Bank Transfer
TXN102305,181664.81,21,41.23,2996,27,Nigeria,Tablet,Online Services,Card
TXN102306,14864.38,3,15.44,2766,20,Nigeria,Desktop,Grocery,Bank Transfer
TXN102307,6746.66,19,6.37,986,33,South Africa,Mobile,Electronics,Card
TXN102308,13828.76,5,0.23,3278,39,Nigeria,Mobile,Fuel,Digital Wallet
TXN102309,19685.85,5,0.42,1114,33,Kenya,Mobile,Grocery,Mobile Money
TXN102310,5880.12,10,13.85,1642,21,United Kingdom,Desktop,Healthcare,Mobile Money
TXN102311,48786.62,16,21.82,445,18,United States,Mobile,Travel,Card
TXN102312,10199.26,23,14.76,3484,43,Nigeria,Mobile,Healthcare,Card
TXN102313,13329.61,2,6.25,2675,24,United States,Mobile,Online Services,Digital Wallet
TXN102314,15770.94,12,0.38,2084,29,Nigeria,Desktop,Clothing,Card
TXN102315,12352.16,21,41.08,947,21,Nigeria,Mobile,Fuel,Card
TXN102316,18749.84,2,51.52,114,26,Nigeria,Mobile,Electronics,Card
TXN102317,4371.0,15,9.57,2851,25,Ghana,Mobile,Fuel,Bank Transfer
TXN102318,4636.42,14,0.88,986,26,Nigeria,Mobile,Electronics,Card
TXN102319,2696.87,10,9.34,1451,18,Ghana,Mobile,Restaurant,Bank Transfer
TXN102320,12575.44,17,26.75,1965,20,Nigeria,Desktop,Healthcare,Mobile Money
TXN102321,17657.86,14,13.67,1824,26,Nigeria,Mobile,Healthcare,Bank Transfer
TXN102322,12807.33,4,15.28,1446,21,United States,Mobile,Grocery,Digital Wallet
TXN102323,43238.75,15,1.07,1100,39,Nigeria,Mobile,Restaurant,Card
TXN102324,8057.87,15,1.35,3442,33,Nigeria,Tablet,Healthcare,Bank Transfer
TXN102325,15815.44,16,1.63,1551,18,South Africa,Mobile,Restaurant,Card
TXN102326,2719.76,8,28.17,2683,36,Nigeria,Tablet,Electronics,Digital Wallet
TXN102327,5502.18,22,8.95,1531,31,United Kingdom,Mobile,Clothing,Digital Wallet
TXN102328,16244.96,2,18.82,2503,26,Nigeria,Mobile,Travel,Card
TXN102329,18941.34,19,1.47,2503,34,Nigeria,Desktop,Restaurant,Card
TXN102330,6039.24,12,31.51,765,27,Nigeria,Mobile,Online Services,Card
TXN102331,7543.19,21,20.65,2868,21,Nigeria,Desktop,Healthcare,Digital Wallet
TXN102332,1776.01,2,3.06,2592,17,Kenya,Desktop,Clothing,Bank Transfer
TXN102333,5670.15,6,24.88,1182,28,Nigeria,Mobile,Online Services,Digital Wallet
TXN102334,19739.62,5,3.67,1302,25,United Kingdom,Desktop,Restaurant,Card
TXN102335,14403.19,8,2.76,770,17,Nigeria,Mobile,Clothing,Bank Transfer
TXN102336,13368.62,11,3.68,1892,28,Nigeria,Desktop,Grocery,Bank Transfer
TXN102337,8516.61,14,28.89,160,26,Kenya,Mobile,Online Services,Digital Wallet
TXN102338,8160.52,20,29.67,1793,27,Ghana,Mobile,Travel,Card
TXN102339,4186.74,19,4.79,1742,19,South Africa,Mobile,Electronics,Card
TXN102340,16298.5,2,14.67,352,18,Ghana,Tablet,Grocery,Digital Wallet
TXN102341,12344.59,9,13.51,852,30,Nigeria,Mobile,Healthcare,Card
TXN102342,13253.53,0,19.71,572,27,Kenya,Mobile,Restaurant,Bank Transfer
TXN102343,4788.46,18,4.22,2143,23,Nigeria,Mobile,Restaurant,Bank Transfer
TXN102344,940.73,18,8.56,2795,29,Nigeria,Desktop,Travel,Card
TXN102345,24273.8,22,13.22,3202,24,United States,Mobile,Healthcare,Card
TXN102346,5019.89,22,0.32,1885,26,Nigeria,Mobile,Fuel,Mobile Money
TXN102347,3419.41,12,5.67,2108,30,Ghana,Mobile,Fuel,Card
TXN102348,16211.54,11,14.28,914,23,Nigeria,Mobile,Online Services,Card
TXN102349,5475.22,0,3.49,220,22,Nigeria,Mobile,Online Services,Mobile Money
TXN102350,23387.02,18,37.96,444,23,Nigeria,Mobile,Healthcare,Digital Wallet
TXN102351,15018.02,23,0.37,1868,24,Ghana,Mobile,Travel,Mobile Money
TXN102352,16051.69,15,38.07,2824,28,Nigeria,Mobile,Travel,Mobile Money
TXN102353,2067.39,22,2.93,1843,30,Nigeria,Mobile,Restaurant,Digital Wallet
TXN102354,27226.44,22,0.6,3601,21,United Kingdom,Mobile,Restaurant,Mobile Money
TXN102355,10522.28,14,4.15,1790,20,Nigeria,Desktop,Electronics,Digital Wallet
TXN102356,5601.13,15,18.52,1099,19,Nigeria,Mobile,Travel,Mobile Money
TXN102357,9352.4,10,16.75,3190,26,United Kingdom,Mobile,Clothing,Bank Transfer
TXN102358,1371.64,23,2.81,1751,31,United States,Mobile,Fuel,Bank Transfer
TXN102359,12193.43,5,2.63,404,34,Nigeria,Mobile,Electronics,Digital Wallet
TXN102360,2894.68,10,12.35,3347,25,United Kingdom,Desktop,Clothing,Bank Transfer
TXN102361,2095.04,2,7.35,587,29,Nigeria,Mobile,Fuel,Mobile Money
TXN102362,1768.06,14,18.86,1310,28,Nigeria,Mobile,Grocery,Card
TXN102363,24653.85,0,0.29,3453,30,United Kingdom,Desktop,Travel,Digital Wallet
TXN102364,4318.82,6,11.31,1974,23,United Kingdom,Desktop,Electronics,Card
TXN102365,37561.23,0,15.74,1626,25,Nigeria,Desktop,Online Services,Card
TXN102366,4741.93,16,60.22,1158,24,Nigeria,Desktop,Fuel,Mobile Money
TXN102367,,8,13.63,1390,25,Nigeria,Mobile,Electronics,Card
TXN102368,2653.08,22,3.17,3627,25,Nigeria,Tablet,Grocery,Card
TXN102369,27884.09,12,1.37,1354,27,South Africa,Tablet,Grocery,Card
TXN102370,6933.37,10,12.29,1130,22,Nigeria,Mobile,Grocery,Card
TXN102371,4683.09,19,8.89,1564,19,Nigeria,Desktop,Fuel,Card
TXN102372,9509.23,5,27.53,1283,26,Ghana,Mobile,Electronics,Bank Transfer
TXN102373,13383.56,0,15.56,1732,25,United Kingdom,Desktop,Restaurant,Digital Wallet
TXN102374,24770.25,6,8.55,2655,24,Nigeria,Mobile,Clothing,Card
TXN102375,34492.57,11,6.2,61,24,Kenya,Mobile,Online Services,Bank Transfer
TXN102376,5654.64,21,6.22,1661,14,United States,Mobile,Online Services,Mobile Money
TXN102377,2151.57,19,3.08,87,18,Nigeria,Mobile,Clothing,Card
TXN102378,5359.01,22,0.21,1157,33,United Kingdom,Mobile,Online Services,Bank Transfer
TXN102379,10512.08,18,10.27,341,29,Kenya,Mobile,Grocery,Card
TXN102380,3090.97,16,2.87,1782,24,Nigeria,Desktop,Online Services,Bank Transfer
TXN102381,3111.47,3,2.8,3168,18,Nigeria,Desktop,Restaurant,Card
TXN102382,11427.61,2,1.61,2031,31,Ghana,Mobile,Restaurant,Digital Wallet
TXN102383,7718.29,0,2.52,2767,25,Nigeria,Desktop,Grocery,Card
TXN102384,8373.25,17,0.39,1427,30,Nigeria,Mobile,Travel,Bank Transfer
TXN102385,3795.25,20,13.46,1812,29,Nigeria,Desktop,Electronics,Card
TXN102386,6435.59,14,6.16,2312,28,Kenya,Mobile,Healthcare,Bank Transfer
TXN102387,3215.59,7,9.89,2720,21,,Desktop,Fuel,Card
TXN102388,19735.98,0,12.16,3213,30,Nigeria,Desktop,Travel,Card
TXN102389,22816.73,19,43.12,1442,13,Nigeria,Mobile,Fuel,Card
TXN102390,1278.97,13,0.85,1461,20,Kenya,Mobile,Fuel,Card
TXN102391,3198.67,3,6.49,3155,28,Nigeria,Tablet,Restaurant,Mobile Money
TXN102392,1814.33,4,3.39,831,32,Nigeria,Desktop,Grocery,Card
TXN102393,4230.08,22,7.77,268,24,Nigeria,Mobile,Healthcare,Mobile Money
TXN102394,7454.42,12,30.38,1805,32,Nigeria,Mobile,Electronics,Bank Transfer
TXN102395,1901.42,23,15.45,1348,23,Nigeria,Desktop,Clothing,Card
TXN102396,3223.23,14,13.01,141,22,Ghana,Tablet,Online Services,Card
TXN102397,2969.18,5,6.98,3189,24,South Africa,Mobile,Restaurant,Digital Wallet
TXN102398,9969.32,0,13.34,2553,26,Kenya,Tablet,Electronics,Bank Transfer
TXN102399,8684.93,22,0.39,2381,22,Nigeria,Mobile,Electronics,Card
TXN102400,3937.35,18,10.59,1358,24,Nigeria,Tablet,Travel,Mobile Money
TXN102401,9670.36,12,9.68,319,29,United States,Desktop,Clothing,Mobile Money
TXN102402,4690.62,5,5.11,2285,34,Nigeria,Mobile,Travel,Card
TXN102403,6175.5,14,2.7,2945,28,Kenya,Mobile,Travel,Bank Transfer
TXN102404,43193.79,15,19.78,1839,30,United States,Mobile,Travel,Card
TXN102405,30960.3,23,0.66,611,15,Kenya,Mobile,Travel,Card
TXN102406,2209.27,22,0.87,399,26,Nigeria,Tablet,Restaurant,Card
TXN102407,18577.98,15,6.97,249,13,Nigeria,Desktop,Clothing,Mobile Money
TXN102408,18240.44,9,3.49,3332,25,Nigeria,Mobile,Travel,Bank Transfer
TXN102409,2570.19,21,16.42,2879,19,Ghana,Tablet,Healthcare,Card
TXN102410,18375.58,8,12.07,2896,26,Ghana,Mobile,Fuel,Card
TXN102411,37719.48,8,17.77,1926,26,Kenya,Desktop,Restaurant,Bank Transfer
TXN102412,2637.15,16,4.71,378,25,Nigeria,Desktop,Fuel,Card
TXN102413,3237.31,16,16.19,2332,34,United Kingdom,Tablet,Online Services,Bank Transfer
TXN102414,22418.94,16,23.79,481,17,South Africa,Mobile,Restaurant,Card
TXN102415,10630.64,23,5.08,2219,26,Nigeria,Mobile,Healthcare,Mobile Money
TXN102416,14065.44,11,4.98,3170,22,Nigeria,Mobile,Electronics,Card
TXN102417,11391.12,12,27.63,118,21,,Mobile,Electronics,Bank Transfer
TXN102418,11976.43,11,0.61,900,18,Nigeria,Mobile,Grocery,Card
TXN102419,2150.66,13,5.17,1189,32,Nigeria,Desktop,Healthcare,Mobile Money
TXN102420,23093.76,9,1.52,2072,23,Nigeria,Mobile,Restaurant,Mobile Money
TXN102421,26097.37,22,0.35,1904,32,South Africa,Mobile,Fuel,Card
TXN102422,6442.1,18,1.44,552,31,Nigeria,Mobile,Grocery,Bank Transfer
TXN102423,7758.34,1,6.77,2737,23,Nigeria,Mobile,Restaurant,Card
TXN102424,1752.66,3,13.94,3028,20,United Kingdom,Desktop,Travel,Card
TXN102425,13551.53,18,4.1,939,25,Ghana,Mobile,Travel,Digital Wallet
TXN102426,14357.93,6,22.74,471,23,Ghana,Mobile,Healthcare,Card
TXN102427,7614.5,14,6.91,67,23,Nigeria,Mobile,Grocery,Card
TXN102428,24943.12,14,41.39,1910,23,Ghana,Mobile,Travel,Card
TXN102429,5801.8,23,36.99,3309,39,Ghana,Mobile,Healthcare,Bank Transfer
TXN102430,14251.34,5,17.81,239,28,United States,Desktop,Healthcare,Digital Wallet
TXN102431,2922.91,2,32.33,2590,21,Nigeria,Desktop,Travel,Card
TXN102432,7914.47,5,14.73,3461,21,Nigeria,Mobile,Fuel,Bank Transfer
TXN102433,6806.58,15,27.11,1630,27,Nigeria,Mobile,Healthcare,Card
TXN102434,10150.8,1,3.24,3102,29,Kenya,Tablet,Electronics,Card
TXN102435,5599.73,6,5.09,1010,27,Nigeria,Mobile,Travel,Bank Transfer
TXN102436,7104.81,10,16.78,410,25,Nigeria,Mobile,Electronics,Bank Transfer
TXN102437,18509.64,6,6.63,2905,32,Nigeria,Mobile,Clothing,Card
TXN102438,5235.59,3,21.79,1590,25,Nigeria,Desktop,Restaurant,Digital Wallet
TXN102439,1625.26,23,25.21,2936,22,Nigeria,Tablet,Electronics,Card
TXN102440,46610.63,19,4.28,423,25,United States,Mobile,Online Services,Card
TXN102441,32255.83,6,20.81,1103,20,Kenya,Mobile,Online Services,Digital Wallet
TXN102442,2225.5,3,2.01,425,26,Nigeria,Desktop,Electronics,Mobile Money
TXN102443,16150.52,11,4.88,1806,19,Nigeria,Tablet,Electronics,Mobile Money
TXN102444,4900.17,4,8.76,2109,36,Nigeria,Desktop,Online Services,Bank Transfer
TXN102445,10545.84,22,3.08,574,28,Kenya,Desktop,Restaurant,Card
TXN102446,10875.02,18,10.39,2789,27,Nigeria,Desktop,Restaurant,Bank Transfer
TXN102447,6409.86,4,10.37,3335,24,United States,Mobile,Restaurant,Card
TXN102448,3700.54,18,2.78,3127,20,South Africa,Mobile,Online Services,Mobile Money
TXN102449,4062.11,20,19.05,3535,24,Nigeria,Mobile,Healthcare,Bank Transfer
TXN102450,3241.55,2,11.98,1114,30,South Africa,Mobile,Travel,Digital Wallet
TXN102451,3526.91,10,4.59,582,23,Kenya,Mobile,Electronics,Bank Transfer
TXN102452,7576.61,6,3.17,1494,23,Nigeria,Desktop,Restaurant,Card
TXN102453,3960.95,16,25.32,1183,24,Nigeria,Mobile,Healthcare,Bank Transfer
TXN102454,16027.35,8,21.68,1407,26,Ghana,Desktop,Clothing,Card
TXN102455,35855.28,20,3.13,2275,24,Nigeria,Mobile,Online Services,Mobile Money
TXN102456,4536.66,8,0.44,2876,36,Nigeria,Desktop,Restaurant,Bank Transfer
TXN102457,10294.91,9,19.59,1716,21,Nigeria,Mobile,Fuel,Card
TXN102458,13355.52,12,11.47,1769,19,Nigeria,Desktop,Fuel,Digital Wallet
TXN102459,12990.87,14,1.28,723,29,Nigeria,Mobile,Grocery,Digital Wallet
TXN102460,8742.53,21,10.62,3472,25,United States,Mobile,Grocery,Digital Wallet
TXN102461,17029.16,4,7.22,2224,32,Kenya,Mobile,Healthcare,Card
TXN102462,13124.67,2,17.88,1769,24,Kenya,Mobile,Electronics,Mobile Money
TXN102463,2350.39,7,2.81,527,25,Ghana,Mobile,Electronics,Digital Wallet
TXN102464,19325.02,19,7.24,2125,21,Kenya,Mobile,Electronics,Bank Transfer
TXN102465,19678.67,9,2.04,2847,30,United States,Mobile,Fuel,Card
TXN102466,3777.11,12,37.91,2728,23,Nigeria,Desktop,Fuel,Mobile Money
TXN102467,8416.4,2,18.1,1225,27,Kenya,Desktop,Travel,Digital Wallet
TXN102468,16047.83,21,16.01,642,25,Nigeria,Tablet,Online Services,Mobile Money
TXN102469,6572.74,7,14.06,2776,25,United Kingdom,Mobile,Grocery,Card
TXN102470,23694.02,8,6.61,1368,25,United Kingdom,Mobile,Grocery,Card
TXN102471,86152.35,21,30.81,405,22,United Kingdom,Desktop,Electronics,Bank Transfer
TXN102472,3692.33,20,0.91,835,32,Nigeria,Mobile,Online Services,Bank Transfer
TXN102473,2036.43,11,19.51,950,26,Nigeria,Mobile,Grocery,Bank Transfer
TXN102474,10979.87,10,2.91,904,20,Nigeria,Desktop,Grocery,Card
TXN102475,16673.28,1,4.7,3634,14,Nigeria,Mobile,Travel,Card
TXN102476,6432.6,17,8.79,2887,15,Nigeria,Mobile,Clothing,Card
TXN102477,34657.2,8,18.32,1473,23,Nigeria,Desktop,Healthcare,Card
TXN102478,2124.72,1,21.88,2982,28,Kenya,Desktop,Electronics,Bank Transfer
TXN102479,16202.46,1,10.52,1449,29,Nigeria,Desktop,Healthcare,Card
TXN102480,4421.08,2,6.19,1575,32,United Kingdom,Mobile,Clothing,Bank Transfer
TXN102481,45223.76,15,35.14,1240,31,Nigeria,Desktop,Clothing,Mobile Money
TXN102482,59427.68,18,3.4,1035,35,Nigeria,Desktop,Travel,Card
TXN102483,3764.4,3,19.5,2110,17,Ghana,Desktop,Fuel,Digital Wallet
TXN102484,4677.14,22,11.36,2146,25,Ghana,Desktop,Grocery,Mobile Money
TXN102485,19141.0,17,5.68,621,30,Nigeria,Mobile,Electronics,Bank Transfer
TXN102486,5502.01,19,0.02,1244,22,United Kingdom,Mobile,Healthcare,Digital Wallet
TXN102487,7743.34,17,7.1,2178,27,Ghana,Desktop,Restaurant,Card
TXN102488,8311.44,9,3.89,1538,21,United Kingdom,Desktop,Fuel,Card
TXN102489,1188.36,10,1.32,1338,22,United Kingdom,Mobile,Clothing,Card
TXN102490,7991.73,16,0.94,943,23,Nigeria,Desktop,Online Services,Bank Transfer
TXN102491,4065.42,23,5.12,2810,23,United States,Mobile,Clothing,Bank Transfer
TXN102492,4948.69,22,11.45,419,32,United Kingdom,Mobile,Travel,Bank Transfer
TXN102493,34325.1,23,21.81,189,23,United States,Mobile,Clothing,Card
TXN102494,2306.52,19,2.43,921,29,United Kingdom,Mobile,Healthcare,Card
TXN102495,18273.46,15,6.63,1100,24,United Kingdom,Mobile,Clothing,Card
TXN102496,6130.53,19,5.97,3260,25,Nigeria,Desktop,Clothing,Card
TXN102497,6125.65,12,8.64,1499,22,Nigeria,Mobile,Travel,Mobile Money
TXN102498,17860.95,1,19.9,725,19,United States,Mobile,Grocery,Bank Transfer
TXN102499,11384.99,23,9.68,787,34,Kenya,Tablet,Healthcare,Card
TXN102500,14337.2,1,22.5,2600,31,Nigeria,Mobile,Online Services,Card
TXN102501,21336.72,13,8.77,2809,33,Nigeria,Desktop,Clothing,Card
TXN102502,5817.88,3,11.11,2232,15,Kenya,Tablet,Electronics,Bank Transfer
TXN102503,4392.98,16,6.9,368,22,Nigeria,Mobile,Online Services,Digital Wallet
TXN102504,2737.63,12,20.79,2006,22,Nigeria,Desktop,Clothing,Card
TXN102505,3549.6,3,30.9,3466,21,Nigeria,Tablet,Clothing,Mobile Money
TXN102506,154677.01,2,12.23,824,21,South Africa,Desktop,Electronics,Digital Wallet
TXN102507,28132.47,11,20.63,1752,31,Nigeria,Mobile,Travel,Card
TXN102508,2098.39,21,0.73,1627,32,Nigeria,Mobile,Restaurant,Digital Wallet
TXN102509,2159.31,22,28.39,3249,20,South Africa,Mobile,Electronics,Bank Transfer
TXN102510,13119.65,7,2.51,928,27,South Africa,Desktop,Fuel,Digital Wallet
TXN102511,14006.33,1,3.56,1197,28,Nigeria,Desktop,Restaurant,Bank Transfer
TXN102512,14029.03,5,0.66,132,28,Nigeria,Desktop,Grocery,Card
TXN102513,6279.49,21,40.37,2889,24,Ghana,Mobile,Grocery,Digital Wallet
TXN102514,7147.7,9,22.93,122,28,South Africa,Mobile,Clothing,Card
TXN102515,11247.26,11,29.33,1004,27,Nigeria,Mobile,Healthcare,Digital Wallet
TXN102516,8829.85,20,22.54,3387,19,Nigeria,Mobile,Online Services,Card
TXN102517,880.68,9,7.84,1477,19,United Kingdom,Desktop,Clothing,Bank Transfer
TXN102518,6439.46,9,30.94,148,24,United States,Mobile,Travel,Card
TXN102519,3458.51,22,41.87,2062,20,Nigeria,Mobile,Restaurant,Digital Wallet
TXN102520,9654.81,2,8.38,2106,22,Nigeria,Desktop,Grocery,Card
TXN102521,160373.22,19,2.32,3090,29,Nigeria,Mobile,Grocery,Card
TXN102522,11701.61,9,12.9,1564,22,Nigeria,Tablet,Clothing,Bank Transfer
TXN102523,5922.24,8,44.48,3131,22,Nigeria,Mobile,Clothing,Digital Wallet
TXN102524,20369.65,19,24.68,2949,22,Nigeria,Tablet,Healthcare,Card
TXN102525,13130.43,18,23.75,1419,26,Ghana,Mobile,Travel,Card
TXN102526,12333.75,13,32.58,2877,22,Nigeria,Mobile,Healthcare,Bank Transfer
TXN102527,14866.28,1,26.93,3239,23,United Kingdom,Desktop,Clothing,Card
TXN102528,63357.18,4,17.97,504,25,Ghana,Desktop,Healthcare,Mobile Money
TXN102529,2615.24,19,15.2,2640,23,Ghana,Mobile,Fuel,Card
TXN102530,13012.06,7,3.69,3493,28,United States,Desktop,Healthcare,Mobile Money
TXN102531,3208.69,6,11.65,464,23,Ghana,Tablet,Online Services,Bank Transfer
TXN102532,14122.33,5,8.84,2881,32,United States,Mobile,Clothing,Card
TXN102533,3233.48,10,23.76,1287,29,Nigeria,Desktop,Online Services,Bank Transfer
TXN102534,5338.14,11,8.12,84,24,Nigeria,Mobile,Fuel,Mobile Money
TXN102535,6032.46,17,1.64,960,24,Nigeria,Mobile,Online Services,Card
TXN102536,21500.18,18,0.06,1345,22,Nigeria,Mobile,Travel,Card
TXN102537,20301.59,9,13.59,2829,22,Nigeria,Mobile,Clothing,Card
TXN102538,2331.54,20,9.58,341,30,Kenya,Mobile,Healthcare,Mobile Money
TXN102539,8560.67,13,4.82,1601,33,Nigeria,Mobile,Online Services,Card
TXN102540,3985.51,2,2.22,3190,22,Kenya,Mobile,Healthcare,Digital Wallet
TXN102541,2301.91,17,7.54,3313,22,Nigeria,Mobile,Online Services,Bank Transfer
TXN102542,6522.3,23,1.27,986,31,Kenya,Mobile,Fuel,Card
TXN102543,5952.21,14,4.92,2395,26,Nigeria,Mobile,Healthcare,Bank Transfer
TXN102544,91740.25,5,5.72,1930,20,United States,Mobile,Clothing,Bank Transfer
TXN102545,12493.45,9,7.52,786,27,Nigeria,Tablet,Clothing,Digital Wallet
TXN102546,2043.42,11,7.54,2542,30,United States,Mobile,Restaurant,Bank Transfer
TXN102547,4606.51,6,3.56,3188,18,Nigeria,Mobile,Grocery,Card
TXN102548,22502.54,16,22.78,1462,17,Kenya,Mobile,Electronics,Bank Transfer
TXN102549,65410.81,0,5.27,1293,23,Nigeria,Desktop,Grocery,Bank Transfer
TXN102550,1659.08,17,3.13,1885,30,United Kingdom,Mobile,Healthcare,Mobile Money
TXN102551,1236.54,14,2.32,2777,28,South Africa,Mobile,Restaurant,Digital Wallet
TXN102552,52625.98,18,4.67,3158,23,South Africa,Desktop,Electronics,Card
TXN102553,11963.48,0,0.84,3214,28,Nigeria,Mobile,Grocery,Card
TXN102554,3400.6,4,0.4,2812,27,United Kingdom,Mobile,Travel,Bank Transfer
TXN102555,13830.47,14,11.15,1123,23,Nigeria,Tablet,Fuel,Digital Wallet
TXN102556,580.71,2,11.58,2816,23,Nigeria,Mobile,Restaurant,Digital Wallet
TXN102557,8130.48,0,9.05,2845,26,Nigeria,Mobile,Travel,Digital Wallet
TXN102558,11246.6,7,17.24,3285,30,Nigeria,Mobile,Travel,Card
TXN102559,20420.0,11,0.48,773,28,South Africa,Mobile,Grocery,Bank Transfer
TXN102560,2939.82,21,32.98,2353,20,Nigeria,Mobile,Fuel,Card
TXN102561,8828.03,18,1.2,262,27,Nigeria,Mobile,Online Services,Card
TXN102562,3211.76,11,13.45,2131,18,Ghana,Mobile,Electronics,Card
TXN102563,10460.73,12,1.72,286,22,United States,Mobile,Healthcare,Card
TXN102564,3309.84,0,25.43,2058,25,Ghana,Tablet,Online Services,Card
TXN102565,5387.84,18,8.58,2167,26,Kenya,Desktop,Clothing,Card
TXN102566,2993.46,5,1.03,1791,18,Ghana,Mobile,Clothing,Card
TXN102567,15539.43,7,11.51,1959,21,South Africa,Mobile,Restaurant,Card
TXN102568,19119.25,3,0.11,1488,26,United States,Mobile,Travel,Mobile Money
TXN102569,6408.49,4,17.95,1678,21,Nigeria,Mobile,Restaurant,Card
TXN102570,8418.93,21,12.62,437,29,Nigeria,Tablet,Healthcare,Mobile Money
TXN102571,1903.42,6,2.87,3370,23,United Kingdom,Tablet,Grocery,Card
TXN102572,6004.85,22,5.64,1722,25,United States,Mobile,Fuel,Mobile Money
TXN102573,7706.31,3,0.09,2007,21,Nigeria,Mobile,Fuel,Card
TXN102574,111390.03,19,14.2,2443,17,Ghana,Tablet,Travel,Card
TXN102575,2665.2,3,4.68,2428,26,South Africa,Desktop,Clothing,Bank Transfer
TXN102576,35037.61,14,10.17,1352,22,Nigeria,Mobile,Grocery,Digital Wallet
TXN102577,21957.38,20,37.68,1959,23,Nigeria,Mobile,Grocery,Card
TXN102578,10728.26,4,4.27,1212,26,Kenya,Mobile,Healthcare,Card
TXN102579,47033.74,23,55.55,2564,32,Nigeria,Tablet,Healthcare,Digital Wallet
TXN102580,11755.84,8,12.02,871,25,Nigeria,Mobile,Online Services,Card
TXN102581,11958.04,1,3.33,1013,25,United States,Desktop,Restaurant,Card
TXN102582,,6,6.89,1790,27,Ghana,Mobile,Fuel,Digital Wallet
TXN102583,27544.8,16,16.19,3627,27,United Kingdom,Tablet,Restaurant,Mobile Money
TXN102584,24257.21,15,7.1,1408,27,South Africa,Mobile,Online Services,Card
TXN102585,4334.33,16,0.85,650,24,Kenya,Mobile,Fuel,Digital Wallet
TXN102586,2166.25,19,2.22,959,32,United Kingdom,Mobile,Electronics,Bank Transfer
TXN102587,6614.5,22,18.8,2478,21,Nigeria,Mobile,Clothing,Card
TXN102588,3640.81,1,12.54,3506,28,Ghana,Mobile,Clothing,Mobile Money
TXN102589,7604.35,10,10.12,3197,22,Ghana,Mobile,Restaurant,Bank Transfer
TXN102590,27929.48,1,2.2,1760,21,Ghana,Mobile,Clothing,Bank Transfer
TXN102591,5129.17,0,21.82,2647,27,,Mobile,Clothing,Digital Wallet
TXN102592,7763.41,1,38.85,1004,16,Nigeria,Mobile,Grocery,Card
TXN102593,8587.15,22,0.5,421,29,Nigeria,Mobile,Online Services,Bank Transfer
TXN102594,18928.63,8,0.97,381,20,Ghana,Mobile,Online Services,Bank Transfer
TXN102595,856.72,21,25.93,2883,21,United States,Mobile,Travel,Card
TXN102596,4417.37,1,20.28,1719,23,United States,Mobile,Travel,Bank Transfer
TXN102597,10009.44,14,11.55,605,20,Nigeria,Mobile,Electronics,Bank Transfer
TXN102598,26905.31,9,34.8,1723,24,Nigeria,Mobile,Healthcare,Digital Wallet
TXN102599,4954.73,14,12.48,2854,21,Nigeria,Mobile,Travel,Digital Wallet
TXN102600,1240.72,9,2.92,2710,28,Nigeria,Mobile,Online Services,Bank Transfer
TXN102601,15058.7,22,15.65,1341,27,United Kingdom,Desktop,Healthcare,Card
TXN102602,4292.56,16,12.45,552,22,United States,Mobile,Clothing,Bank Transfer
TXN102603,2465.95,8,51.01,755,24,Nigeria,Mobile,Online Services,Card
TXN102604,4340.11,17,2.89,191,32,Nigeria,Desktop,Grocery,Card
TXN102605,6737.71,3,10.93,1967,20,Nigeria,Mobile,Online Services,Bank Transfer
TXN102606,4426.02,8,18.18,688,21,,Mobile,Healthcare,Bank Transfer
TXN102607,892.86,15,4.97,3283,23,South Africa,Mobile,Travel,Bank Transfer
TXN102608,19871.98,3,5.73,2927,32,Ghana,Desktop,Healthcare,Digital Wallet
TXN102609,28994.89,15,26.26,1602,24,South Africa,Desktop,Clothing,Card
TXN102610,15545.43,18,6.21,2159,37,Ghana,Desktop,Online Services,Card
TXN102611,2597.52,0,11.76,553,37,Nigeria,Desktop,Clothing,Bank Transfer
TXN102612,6624.36,22,26.4,33,19,Nigeria,Desktop,Restaurant,Bank Transfer
TXN102613,8050.41,5,2.83,2572,16,Nigeria,Desktop,Fuel,Card
TXN102614,14746.99,9,48.13,1608,24,South Africa,Mobile,Online Services,Card
TXN102615,15809.09,15,14.53,1104,23,United Kingdom,Mobile,Restaurant,Card
TXN102616,3888.68,3,8.23,1314,20,South Africa,Tablet,Travel,Mobile Money
TXN102617,8795.5,21,6.76,3235,24,Nigeria,Tablet,Restaurant,Digital Wallet
TXN102618,12801.02,21,37.04,1652,19,South Africa,Mobile,Clothing,Card
TXN102619,34746.09,12,2.76,3463,25,Nigeria,Mobile,Clothing,Card
TXN102620,16391.31,15,4.48,2645,26,Nigeria,Desktop,Restaurant,Card
TXN102621,17837.47,19,4.41,3318,28,Nigeria,Mobile,Fuel,Card
TXN102622,8811.62,5,4.09,907,29,Nigeria,Mobile,Grocery,Card
TXN102623,33205.11,10,7.59,1121,27,United Kingdom,Mobile,Restaurant,Card
TXN102624,12206.98,23,54.32,3089,17,Kenya,Mobile,Grocery,Bank Transfer
TXN102625,3425.19,2,26.36,3092,19,Nigeria,Mobile,Fuel,Card
TXN102626,32970.55,19,4.77,2941,35,Nigeria,Desktop,Restaurant,Bank Transfer
TXN102627,16283.43,9,6.6,1196,39,Nigeria,Mobile,Clothing,Card
TXN102628,5202.82,0,13.29,3447,25,Nigeria,Tablet,Online Services,Mobile Money
TXN102629,5016.6,19,0.21,1607,27,Nigeria,Tablet,Healthcare,Digital Wallet
TXN102630,10900.63,10,20.59,1704,19,Kenya,Desktop,Clothing,Card
TXN102631,12876.83,11,25.42,1638,29,Nigeria,Tablet,Restaurant,Card
TXN102632,9870.37,13,23.36,2856,31,United Kingdom,Mobile,Electronics,Card
TXN102633,11062.42,7,5.64,1247,22,Nigeria,Mobile,Grocery,Card
TXN102634,44353.96,10,7.44,3082,20,Nigeria,Desktop,Electronics,Card
TXN102635,23660.05,3,0.15,1720,21,Nigeria,Mobile,Clothing,Bank Transfer
TXN102636,9804.88,6,6.12,3347,29,Kenya,Mobile,Fuel,Bank Transfer
TXN102637,20770.95,9,7.4,343,25,Nigeria,Mobile,Grocery,Card
TXN102638,2885.57,18,28.5,759,21,Nigeria,Desktop,Healthcare,Mobile Money
TXN102639,12063.35,3,26.93,413,27,United States,Desktop,Online Services,Card
TXN102640,49479.14,1,40.61,1818,23,Nigeria,Desktop,Healthcare,Card
TXN102641,6515.6,20,25.96,1842,30,United States,Desktop,Healthcare,Bank Transfer
TXN102642,3471.58,17,0.1,2354,29,Nigeria,Desktop,Healthcare,Card
TXN102643,4221.35,13,12.31,1125,22,South Africa,Mobile,Fuel,Bank Transfer
TXN102644,2725.39,15,0.85,1182,20,Nigeria,Mobile,Restaurant,Digital Wallet
TXN102645,3696.86,21,3.82,3459,36,Nigeria,Desktop,Grocery,Mobile Money
TXN102646,5594.24,10,10.36,2775,22,Nigeria,Mobile,Grocery,Card
TXN102647,1987.1,9,14.47,1578,27,Nigeria,Tablet,Fuel,Bank Transfer
TXN102648,8230.63,16,12.76,1894,19,South Africa,Desktop,Travel,Card
TXN102649,19975.81,13,0.6,3321,24,United Kingdom,Desktop,Online Services,Digital Wallet
TXN102650,3269.01,21,1.31,3107,23,Nigeria,Tablet,Grocery,Digital Wallet
TXN102651,37022.6,3,1.65,780,17,Nigeria,Mobile,Online Services,Card
TXN102652,13504.69,18,1.15,1012,18,Nigeria,Mobile,Clothing,Digital Wallet
TXN102653,22710.45,1,2.36,2701,26,Kenya,Mobile,Online Services,Card
TXN102654,4197.17,6,14.0,257,29,Nigeria,Mobile,Electronics,Card
TXN102655,19044.34,8,21.32,2073,26,Nigeria,Mobile,Healthcare,Card
TXN102656,2719.13,18,6.31,2007,24,Kenya,Mobile,Healthcare,Card
TXN102657,19736.94,15,14.16,2094,19,Nigeria,Desktop,Electronics,Digital Wallet
TXN102658,9622.31,21,2.68,1638,28,Nigeria,Mobile,Online Services,Card
TXN102659,14090.43,15,43.47,41,18,Nigeria,Mobile,Restaurant,Mobile Money
TXN102660,2500.9,17,5.17,1552,26,Kenya,Mobile,Travel,Digital Wallet
TXN102661,3310.75,22,22.44,721,19,Nigeria,Mobile,Healthcare,Mobile Money
TXN102662,14723.91,20,34.89,1769,29,United Kingdom,Mobile,Electronics,Card
TXN102663,3138.98,20,24.0,1555,26,Nigeria,Mobile,Fuel,Mobile Money
TXN102664,12877.11,10,0.83,99,35,Nigeria,Desktop,Electronics,Bank Transfer
TXN102665,2064.95,6,12.61,2185,29,South Africa,Mobile,Grocery,Mobile Money
TXN102666,18923.77,8,1.54,2278,26,Nigeria,Mobile,Online Services,Card
TXN102667,2362.5,3,0.07,3153,32,Nigeria,Mobile,Clothing,Bank Transfer
TXN102668,14077.03,12,0.64,1602,25,Nigeria,Mobile,Online Services,Mobile Money
TXN102669,15148.11,3,29.74,658,23,Nigeria,Desktop,Online Services,Mobile Money
TXN102670,4036.88,18,28.69,3360,26,Kenya,Tablet,Clothing,Digital Wallet
TXN102671,14501.78,1,3.07,3583,31,Nigeria,Desktop,Restaurant,Card
TXN102672,10513.78,8,9.5,1317,23,Kenya,Mobile,Clothing,Card
TXN102673,4727.53,11,37.22,935,24,Ghana,Mobile,Electronics,Bank Transfer
TXN102674,2955.57,1,8.24,2380,31,Kenya,Mobile,Grocery,Card
TXN102675,1138.39,5,6.0,3014,26,South Africa,Mobile,Clothing,Card
TXN102676,11494.8,4,7.92,605,24,Ghana,Mobile,Travel,Card
TXN102677,1694.59,4,18.74,2632,38,Nigeria,Desktop,Travel,Mobile Money
TXN102678,8913.7,19,7.78,2202,27,Nigeria,Mobile,Travel,Digital Wallet
TXN102679,6226.39,21,18.35,3371,30,Nigeria,Mobile,Clothing,Card
TXN102680,15980.79,4,6.78,2050,25,South Africa,Mobile,Grocery,Card
TXN102681,5990.65,3,3.48,888,18,South Africa,Desktop,Clothing,Card
TXN102682,5828.72,8,4.74,774,16,Nigeria,Mobile,Electronics,Bank Transfer
TXN102683,16846.04,21,0.97,2557,26,United Kingdom,Mobile,Clothing,Mobile Money
TXN102684,11328.29,9,8.26,2209,28,Ghana,Mobile,Fuel,Card
TXN102685,11116.17,15,1.92,3103,32,Nigeria,Mobile,Fuel,Bank Transfer
TXN102686,12955.4,9,20.03,144,27,Nigeria,Mobile,Online Services,Card
TXN102687,1744.86,9,6.55,510,22,Nigeria,Mobile,Healthcare,Digital Wallet
TXN102688,17271.08,18,17.38,1010,25,Ghana,Mobile,Travel,Digital Wallet
TXN102689,14950.03,9,37.07,1054,28,Nigeria,Mobile,Healthcare,Digital Wallet
TXN102690,2931.64,5,22.72,2408,22,Nigeria,Mobile,Travel,Card
TXN102691,6348.16,16,36.31,1630,20,United States,Desktop,Online Services,Bank Transfer
TXN102692,7790.75,4,10.07,971,19,Kenya,Mobile,Grocery,Card
TXN102693,7083.36,5,2.17,984,29,Nigeria,Mobile,Restaurant,Bank Transfer
TXN102694,11314.72,23,32.87,1690,36,Nigeria,Mobile,Travel,Card
TXN102695,33906.66,14,24.35,797,24,Nigeria,Desktop,Travel,Mobile Money
TXN102696,23903.18,18,23.98,2468,24,United States,Mobile,Healthcare,Bank Transfer
TXN102697,2181.53,17,14.18,863,23,United States,Mobile,Restaurant,Bank Transfer
TXN102698,15094.26,3,11.77,2220,25,Kenya,Desktop,Clothing,Mobile Money
TXN102699,30605.45,7,0.18,2405,23,Nigeria,Mobile,Travel,Bank Transfer
TXN102700,11929.96,15,16.54,1811,23,Nigeria,Mobile,Grocery,Card
TXN102701,24124.43,23,1.15,657,30,Nigeria,Mobile,Healthcare,Bank Transfer
TXN102702,60613.35,18,3.61,406,27,Nigeria,Mobile,Fuel,Digital Wallet
TXN102703,22554.94,19,9.62,119,36,Nigeria,Tablet,Clothing,Bank Transfer
TXN102704,10397.37,2,7.21,2885,26,Kenya,Mobile,Clothing,Bank Transfer
TXN102705,23042.34,9,0.19,1050,24,Nigeria,Mobile,Travel,Digital Wallet
TXN102706,9366.43,1,20.85,1095,33,Nigeria,Tablet,Clothing,Bank Transfer
TXN102707,8299.11,3,25.32,2000,19,South Africa,Desktop,Clothing,Digital Wallet
TXN102708,5702.08,5,13.74,1088,28,Nigeria,Mobile,Grocery,Card
TXN102709,38692.98,10,9.35,3089,25,United Kingdom,Desktop,Clothing,Bank Transfer
TXN102710,3574.47,13,38.85,1547,24,Nigeria,Desktop,Online Services,Card
TXN102711,37510.18,15,1.53,2630,24,Nigeria,Desktop,Travel,Bank Transfer
TXN102712,13357.91,20,16.07,153,21,Nigeria,Mobile,Healthcare,Card
TXN102713,1999.58,18,1.65,2134,16,United States,Mobile,Travel,Card
TXN102714,11703.57,1,5.77,2883,27,Ghana,Mobile,Online Services,Card
TXN102715,992.25,16,10.57,1509,23,Nigeria,Mobile,Fuel,Card
TXN102716,15146.25,8,16.03,2312,22,Nigeria,Mobile,Online Services,Card
TXN102717,19638.19,16,0.04,2685,23,Kenya,Mobile,Online Services,Mobile Money
TXN102718,4481.19,14,3.62,2469,30,Nigeria,Mobile,Restaurant,Card
TXN102719,9168.67,6,9.27,1545,27,United States,Mobile,Electronics,Card
TXN102720,57191.32,21,9.13,3047,22,United States,Mobile,Restaurant,Card
TXN102721,4886.61,22,12.18,1884,26,South Africa,Mobile,Healthcare,Card
TXN102722,2810.43,18,4.35,1396,27,United States,Desktop,Grocery,Digital Wallet
TXN102723,35655.67,2,9.33,3277,32,Nigeria,Desktop,Grocery,Mobile Money
TXN102724,57675.47,0,2.53,81,25,,Tablet,Healthcare,Mobile Money
TXN102725,8133.09,3,2.48,1603,17,Nigeria,Mobile,Fuel,Card
TXN102726,22280.41,17,10.31,1531,29,Nigeria,Desktop,Travel,Card
TXN102727,30991.74,7,13.88,2566,28,United States,Desktop,Healthcare,Card
TXN102728,3856.5,18,1.54,2082,24,Nigeria,Desktop,Electronics,Bank Transfer
TXN102729,4987.52,22,1.57,661,23,United Kingdom,Desktop,Restaurant,Mobile Money
TXN102730,27746.76,22,10.0,1891,27,South Africa,Mobile,Fuel,Digital Wallet
TXN102731,43696.11,5,3.78,1262,17,Nigeria,Mobile,Fuel,Card
TXN102732,14226.77,0,5.98,2294,26,Nigeria,Desktop,Electronics,Card
TXN102733,3361.64,7,6.14,2077,19,Nigeria,Desktop,Travel,Card
TXN102734,59104.43,0,2.36,565,28,Nigeria,Desktop,Fuel,Mobile Money
TXN102735,,18,0.02,3443,28,Nigeria,Mobile,Fuel,Card
TXN102736,5795.65,10,23.02,3502,22,Nigeria,Mobile,Clothing,Bank Transfer
TXN102737,11411.05,20,15.06,3563,29,Ghana,Mobile,Travel,Digital Wallet
TXN102738,38336.6,23,14.08,2815,27,South Africa,Desktop,Fuel,Mobile Money
TXN102739,19033.88,14,9.49,759,21,Nigeria,Desktop,Healthcare,Card
TXN102740,12269.42,22,14.49,3312,27,Nigeria,Mobile,Travel,Card
TXN102741,12878.17,10,32.93,3127,30,South Africa,Desktop,Electronics,Mobile Money
TXN102742,8463.47,18,13.15,1305,29,Nigeria,Mobile,Grocery,Bank Transfer
TXN102743,14159.48,20,3.7,2080,28,Nigeria,Mobile,Clothing,Mobile Money
TXN102744,645.77,9,10.14,3103,36,South Africa,Mobile,Clothing,Card
TXN102745,6023.31,23,7.01,1055,28,United States,Desktop,Fuel,Digital Wallet
TXN102746,10314.66,11,9.75,2227,19,United States,Desktop,Grocery,Mobile Money
TXN102747,2563.13,0,8.75,2081,30,Nigeria,Mobile,Electronics,Digital Wallet
TXN102748,11924.18,23,23.49,1550,28,Nigeria,Mobile,Electronics,Card
TXN102749,6604.65,6,12.66,1924,26,Nigeria,Mobile,Grocery,Card
TXN102750,46886.06,16,2.51,497,31,United States,Mobile,Restaurant,Card
TXN102751,39066.47,9,0.78,2147,31,Nigeria,Tablet,Electronics,Digital Wallet
TXN102752,5085.73,5,6.63,230,27,Nigeria,Desktop,Fuel,Card
TXN102753,6968.55,16,0.19,337,16,United Kingdom,Mobile,Grocery,Card
TXN102754,7525.5,17,4.6,3353,31,United States,Mobile,Restaurant,Card
TXN102755,5158.19,4,5.51,3388,34,Kenya,Mobile,Travel,Mobile Money
TXN102756,9848.01,17,5.65,2075,26,Nigeria,Mobile,Clothing,Digital Wallet
TXN102757,3796.06,16,46.56,951,21,Nigeria,Desktop,Grocery,Mobile Money
TXN102758,2615.96,21,4.35,2369,24,United Kingdom,Mobile,Fuel,Bank Transfer
TXN102759,15103.94,15,3.7,3255,29,Ghana,Desktop,Electronics,Digital Wallet
TXN102760,15207.28,7,1.66,3001,30,Nigeria,Mobile,Clothing,Card
TXN102761,3625.27,23,8.58,3234,27,Nigeria,Tablet,Restaurant,Digital Wallet
TXN102762,19838.02,12,2.0,912,21,United Kingdom,Mobile,Fuel,Card
TXN102763,4308.83,23,11.49,615,19,Nigeria,Desktop,Clothing,Bank Transfer
TXN102764,10437.55,15,2.02,3375,30,Kenya,Desktop,Fuel,Card
TXN102765,18404.38,10,10.32,1750,21,Nigeria,Mobile,Online Services,Card
TXN102766,7835.25,5,21.0,538,24,Nigeria,Mobile,Grocery,Card
TXN102767,12768.56,2,0.52,3454,29,United States,Desktop,Travel,Card
TXN102768,4834.68,0,6.53,34,30,Nigeria,Mobile,Restaurant,Bank Transfer
TXN102769,6657.73,17,7.42,2370,30,Kenya,Mobile,Fuel,Card
TXN102770,6595.48,4,18.79,389,25,Nigeria,Tablet,Restaurant,Card
TXN102771,3840.75,12,7.57,243,35,Nigeria,Mobile,Restaurant,Digital Wallet
TXN102772,6790.13,9,10.06,3507,27,South Africa,Mobile,Clothing,Digital Wallet
TXN102773,1722.24,4,18.8,1489,20,United Kingdom,Desktop,Travel,Digital Wallet
TXN102774,4958.44,13,9.85,3116,28,Kenya,Mobile,Fuel,Bank Transfer
TXN102775,6094.39,16,5.32,3374,27,Nigeria,Mobile,Grocery,Mobile Money
TXN102776,6271.81,0,1.08,592,19,,Mobile,Grocery,Mobile Money
TXN102777,6364.57,1,15.71,2842,22,United States,Desktop,Clothing,Bank Transfer
TXN102778,7617.75,6,24.59,74,24,Nigeria,Mobile,Online Services,Card
TXN102779,13087.88,9,42.1,2780,21,United Kingdom,Desktop,Fuel,Card
TXN102780,19428.9,19,31.34,663,18,Nigeria,Mobile,Grocery,Card
TXN102781,4231.17,6,19.16,1465,20,United States,Desktop,Healthcare,Mobile Money
TXN102782,2432.8,23,12.38,1240,24,United States,Mobile,Grocery,Bank Transfer
TXN102783,2858.22,15,18.25,1779,17,Nigeria,Tablet,Travel,Bank Transfer
TXN102784,4978.07,4,6.79,2738,30,South Africa,Mobile,Clothing,Card
TXN102785,,11,10.84,3271,19,Nigeria,Mobile,Clothing,Card
TXN102786,3751.85,16,5.15,2798,26,Nigeria,Mobile,Restaurant,Mobile Money
TXN102787,2216.94,15,4.75,623,27,Nigeria,Mobile,Grocery,Bank Transfer
TXN102788,5135.23,19,16.96,1454,28,Ghana,Mobile,Electronics,Card
TXN102789,9715.0,15,7.26,2323,23,Nigeria,Desktop,Online Services,Card
TXN102790,14691.57,18,2.86,1956,23,Ghana,Desktop,Travel,Bank Transfer
TXN102791,4640.5,14,2.71,886,26,Nigeria,Mobile,Travel,Digital Wallet
TXN102792,5361.52,11,23.52,1922,27,Nigeria,Mobile,Healthcare,Digital Wallet
TXN102793,3207.68,20,13.59,581,23,Ghana,Desktop,Fuel,Card
TXN102794,7852.29,9,9.48,72,31,Nigeria,Mobile,Online Services,Bank Transfer
TXN102795,3468.83,21,6.15,2918,33,Kenya,Mobile,Online Services,Card
TXN102796,14373.3,1,6.76,208,28,Ghana,Mobile,Electronics,Bank Transfer
TXN102797,1358.5,6,0.71,1510,25,United Kingdom,Mobile,Restaurant,Bank Transfer
TXN102798,5655.42,12,7.28,2612,33,Nigeria,Mobile,Electronics,Card
TXN102799,10950.14,2,19.04,636,21,Nigeria,Desktop,Online Services,Mobile Money
TXN102800,9738.42,14,5.89,701,26,Ghana,Mobile,Fuel,Bank Transfer
TXN102801,119734.69,0,5.81,3345,11,Kenya,Desktop,Online Services,Digital Wallet
TXN102802,11496.52,2,0.19,956,20,Nigeria,Mobile,Electronics,Card
TXN102803,2968.9,9,7.35,46,27,Kenya,Mobile,Restaurant,Card
TXN102804,7365.31,14,0.31,1165,27,Nigeria,Mobile,Electronics,Bank Transfer
TXN102805,1371.63,21,10.14,1668,37,Nigeria,Tablet,Fuel,Bank Transfer
TXN102806,7475.6,5,8.48,2903,31,Kenya,Mobile,Restaurant,Bank Transfer
TXN102807,3522.56,19,21.99,2624,23,Nigeria,Mobile,Healthcare,Digital Wallet
TXN102808,20239.48,14,10.46,1083,22,Nigeria,Mobile,Online Services,Card
TXN102809,4677.22,23,4.69,1245,25,Nigeria,Mobile,Online Services,Card
TXN102810,7210.07,20,8.71,2514,30,Nigeria,Mobile,Online Services,Digital Wallet
TXN102811,4291.72,6,14.44,2256,36,Ghana,Mobile,Healthcare,Bank Transfer
TXN102812,46113.05,20,1.18,645,20,Nigeria,Mobile,Grocery,Card
TXN102813,5876.74,4,11.64,2754,24,United States,Tablet,Restaurant,Mobile Money
TXN102814,50643.04,3,29.81,3575,24,Kenya,Mobile,Online Services,Bank Transfer
TXN102815,18290.77,21,4.27,2711,24,Nigeria,Desktop,Clothing,Card
TXN102816,13122.28,17,11.82,3235,19,Nigeria,Mobile,Fuel,Card
TXN102817,11716.26,2,20.67,2879,23,Nigeria,Mobile,Clothing,Card
TXN102818,12013.63,16,8.6,341,17,Kenya,Tablet,Electronics,Card
TXN102819,1178.89,17,15.19,2102,22,Nigeria,Desktop,Clothing,Digital Wallet
TXN102820,6131.02,17,4.47,2448,23,Nigeria,Mobile,Restaurant,Card
TXN102821,18866.78,23,4.38,554,35,Nigeria,Desktop,Grocery,Card
TXN102822,7716.4,23,13.22,3420,27,Ghana,Tablet,Restaurant,Bank Transfer
TXN102823,1987.85,1,14.67,2307,25,Kenya,Mobile,Travel,Mobile Money
TXN102824,7689.38,12,33.18,3203,20,Ghana,Mobile,Healthcare,Mobile Money
TXN102825,44538.33,21,3.06,1503,31,United Kingdom,Mobile,Electronics,Card
TXN102826,28194.77,14,7.58,2455,26,Nigeria,Desktop,Online Services,Digital Wallet
TXN102827,7615.92,4,3.46,917,22,Ghana,Desktop,Grocery,Bank Transfer
TXN102828,20982.61,2,1.0,1954,31,Nigeria,Desktop,Electronics,Card
TXN102829,5616.66,4,6.19,3304,15,Nigeria,Mobile,Travel,Mobile Money
TXN102830,1474.58,4,5.62,3368,23,,Tablet,Clothing,Card
TXN102831,3214.84,4,3.78,2037,22,Nigeria,Mobile,Travel,Digital Wallet
TXN102832,38672.68,2,4.23,491,17,Nigeria,Mobile,Healthcare,Bank Transfer
TXN102833,6161.08,2,5.36,2442,25,United Kingdom,Mobile,Clothing,Digital Wallet
TXN102834,6352.58,19,53.94,2181,23,Nigeria,Tablet,Healthcare,Card
TXN102835,6003.88,22,18.33,3212,21,Nigeria,Mobile,Electronics,Digital Wallet
TXN102836,54400.93,17,0.89,457,22,United States,Mobile,Electronics,Bank Transfer
TXN102837,41190.33,19,24.71,498,26,Nigeria,Tablet,Online Services,Bank Transfer
TXN102838,74516.83,3,12.04,1044,24,Kenya,Tablet,Online Services,Card
TXN102839,6911.59,0,26.55,1634,20,United Kingdom,Mobile,Electronics,Digital Wallet
TXN102840,10890.26,15,5.02,899,25,Nigeria,Tablet,Online Services,Card
TXN102841,1778.2,7,7.5,2847,25,Nigeria,Desktop,Restaurant,Bank Transfer
TXN102842,35487.45,16,27.19,2757,26,South Africa,Mobile,Grocery,Mobile Money
TXN102843,2520.52,7,3.82,2882,25,South Africa,Mobile,Restaurant,Card
TXN102844,10064.56,6,29.65,915,32,Nigeria,Mobile,Fuel,Card
TXN102845,2704.57,7,21.16,2638,24,Nigeria,Mobile,Fuel,Mobile Money
TXN102846,4496.85,20,47.28,1303,25,Nigeria,Desktop,Travel,Card
TXN102847,3507.78,23,4.7,3583,27,United Kingdom,Mobile,Healthcare,Mobile Money
TXN102848,4412.18,11,3.23,360,25,Nigeria,Desktop,Healthcare,Bank Transfer
TXN102849,4726.2,15,4.82,1985,27,United States,Desktop,Fuel,Bank Transfer
TXN102850,4683.17,11,37.12,616,20,United States,Mobile,Grocery,Card
TXN102851,18645.01,18,4.86,230,22,South Africa,Tablet,Electronics,Mobile Money
TXN102852,2684.2,9,9.99,483,23,Kenya,Desktop,Electronics,Mobile Money
TXN102853,10102.53,6,6.2,3605,19,Nigeria,Mobile,Electronics,Bank Transfer
TXN102854,27390.71,11,6.05,3647,25,Nigeria,Desktop,Clothing,Card
TXN102855,4850.34,19,2.58,855,35,Ghana,Tablet,Travel,Card
TXN102856,3952.41,4,9.24,140,24,Nigeria,Mobile,Restaurant,Mobile Money
TXN102857,6434.8,15,22.72,2941,23,Nigeria,Tablet,Online Services,Bank Transfer
TXN102858,26363.22,8,0.61,937,22,Kenya,Mobile,Travel,Card
TXN102859,9838.98,6,26.4,1802,20,Nigeria,Mobile,Fuel,Mobile Money
TXN102860,4763.73,19,13.14,1597,14,South Africa,Desktop,Clothing,Digital Wallet
TXN102861,13146.05,21,11.51,1262,21,Nigeria,Desktop,Clothing,Card
TXN102862,2691.11,13,11.8,2110,23,Nigeria,Desktop,Healthcare,Mobile Money
TXN102863,16016.26,10,4.22,584,28,Nigeria,Mobile,Healthcare,Digital Wallet
TXN102864,12192.88,6,6.44,1933,27,United States,Desktop,Travel,Digital Wallet
TXN102865,5956.22,9,19.27,136,21,South Africa,Desktop,Clothing,Card
TXN102866,3503.14,8,4.39,3366,19,Nigeria,Mobile,Online Services,Card
TXN102867,3338.64,3,7.62,2303,26,Nigeria,Mobile,Grocery,Digital Wallet
TXN102868,13833.07,15,0.24,2564,17,United States,Desktop,Healthcare,Card
TXN102869,27694.26,9,15.87,2256,24,Nigeria,Mobile,Electronics,Bank Transfer
TXN102870,4284.21,18,6.49,3323,25,Nigeria,Mobile,Restaurant,Bank Transfer
TXN102871,12815.19,23,8.94,1423,23,Nigeria,Mobile,Healthcare,Bank Transfer
TXN102872,1005.23,16,1.46,2714,25,Ghana,Desktop,Clothing,Card
TXN102873,4516.0,8,57.52,2865,21,Nigeria,Mobile,Restaurant,Digital Wallet
TXN102874,7855.28,12,4.32,196,25,Nigeria,Mobile,Electronics,Card
TXN102875,3262.72,0,12.09,2740,29,Ghana,Mobile,Online Services,Bank Transfer
TXN102876,3176.37,1,10.45,2377,31,Nigeria,Mobile,Travel,Bank Transfer
TXN102877,4155.63,12,18.45,1434,20,Ghana,Mobile,Fuel,Card
TXN102878,10852.96,23,4.17,2112,24,Nigeria,Mobile,Healthcare,Card
TXN102879,6718.84,8,16.92,2484,21,Nigeria,Mobile,Online Services,Digital Wallet
TXN102880,864.17,6,5.78,1555,22,Nigeria,Mobile,Electronics,Bank Transfer
TXN102881,971.95,15,6.36,343,28,Ghana,Tablet,Healthcare,Bank Transfer
TXN102882,4416.64,18,13.4,845,27,Nigeria,Mobile,Restaurant,Mobile Money
TXN102883,12806.22,6,18.41,772,30,Nigeria,Desktop,Grocery,Card
TXN102884,519.31,5,13.19,2804,31,Ghana,Desktop,Travel,Mobile Money
TXN102885,4916.1,17,27.62,855,27,Ghana,Mobile,Clothing,Card
TXN102886,4787.44,18,4.03,1154,29,Nigeria,Mobile,Grocery,Mobile Money
TXN102887,32478.64,10,27.71,598,27,Nigeria,Tablet,Healthcare,Card
TXN102888,5513.63,11,1.68,1268,24,Nigeria,Mobile,Electronics,Mobile Money
TXN102889,11884.48,9,12.93,1988,26,Kenya,Mobile,Restaurant,Bank Transfer
TXN102890,9332.49,12,9.52,2653,23,Ghana,Mobile,Restaurant,Card
TXN102891,962.4,11,8.19,2139,23,South Africa,Mobile,Restaurant,Card
TXN102892,17469.42,20,4.47,398,26,South Africa,Desktop,Electronics,Card
TXN102893,10050.69,9,8.41,1421,24,United Kingdom,Tablet,Travel,Digital Wallet
TXN102894,13470.65,19,2.12,123,25,Nigeria,Mobile,Clothing,Card
TXN102895,410954.47,17,5.53,3570,34,Nigeria,Mobile,Grocery,Bank Transfer
TXN102896,1008.16,3,1.25,3061,37,United Kingdom,Mobile,Electronics,Card
TXN102897,45464.94,23,10.18,3127,25,Nigeria,Tablet,Restaurant,Digital Wallet
TXN102898,6078.74,4,1.21,1488,25,Nigeria,Mobile,Clothing,Bank Transfer
TXN102899,10800.3,4,2.1,3222,31,Nigeria,Desktop,Healthcare,Card
TXN102900,7742.56,11,1.07,2127,25,United States,Mobile,Restaurant,Bank Transfer
TXN102901,5301.6,2,5.76,2960,22,Nigeria,Desktop,Electronics,Digital Wallet
TXN102902,4583.27,7,22.14,793,18,Nigeria,Mobile,Restaurant,Bank Transfer
TXN102903,11265.6,21,28.49,2113,28,Kenya,Tablet,Electronics,Bank Transfer
TXN102904,1777.26,1,0.9,1463,26,Nigeria,Mobile,Fuel,Card
TXN102905,17164.17,17,12.08,3390,23,United States,Desktop,Restaurant,Card
TXN102906,5344.41,8,13.84,3480,28,Nigeria,Mobile,Electronics,Card
TXN102907,2617.38,12,9.16,2177,20,Kenya,Desktop,Restaurant,Bank Transfer
TXN102908,5166.69,6,13.19,3425,21,Nigeria,Mobile,Clothing,Mobile Money
TXN102909,28485.46,9,3.19,358,22,South Africa,Mobile,Clothing,Digital Wallet
TXN102910,4744.14,8,8.07,735,20,United Kingdom,Mobile,Restaurant,Mobile Money
TXN102911,11596.44,21,5.95,250,22,South Africa,Mobile,Restaurant,Card
TXN102912,3901.22,14,1.13,1844,25,United Kingdom,Mobile,Electronics,Mobile Money
TXN102913,17290.66,4,11.79,1891,29,Nigeria,Mobile,Electronics,Bank Transfer
TXN102914,16082.83,11,8.2,2644,28,United States,Mobile,Healthcare,Bank Transfer
TXN102915,51462.51,0,3.86,1025,27,Ghana,Mobile,Electronics,Bank Transfer
TXN102916,6798.36,11,7.7,1051,27,United Kingdom,Mobile,Healthcare,Card
TXN102917,15814.06,21,17.92,139,21,Kenya,Mobile,Travel,Card
TXN102918,8938.0,5,19.41,178,24,Nigeria,Mobile,Restaurant,Bank Transfer
TXN102919,29610.13,18,12.58,2483,23,Ghana,Mobile,Online Services,Card
TXN102920,3948.8,18,7.57,728,21,Nigeria,Desktop,Healthcare,Bank Transfer
TXN102921,17068.76,15,10.29,3094,29,Kenya,Mobile,Healthcare,Card
TXN102922,6669.52,18,5.83,1463,28,Nigeria,Desktop,Restaurant,Digital Wallet
TXN102923,7599.3,2,1.62,3230,25,Nigeria,Mobile,Restaurant,Digital Wallet
TXN102924,8881.74,22,5.85,3585,27,United States,Tablet,Restaurant,Digital Wallet
TXN102925,10427.9,9,9.07,137,26,United Kingdom,Mobile,Electronics,Digital Wallet
TXN102926,7213.94,17,10.96,418,23,United Kingdom,Desktop,Fuel,Digital Wallet
TXN102927,10043.82,12,32.95,454,23,South Africa,Mobile,Fuel,Mobile Money
TXN102928,39266.15,17,18.02,2524,26,Kenya,Mobile,Fuel,Digital Wallet
TXN102929,21708.29,2,1.98,2995,25,Kenya,Mobile,Fuel,Bank Transfer
TXN102930,19324.99,22,2.3,1121,23,Nigeria,Mobile,Healthcare,Mobile Money
TXN102931,5138.21,2,1.27,3167,26,United Kingdom,Mobile,Electronics,Card
TXN102932,3330.11,22,16.08,2733,27,United Kingdom,Mobile,Travel,Bank Transfer
TXN102933,21063.58,11,14.7,2029,24,South Africa,Tablet,Fuel,Digital Wallet
TXN102934,19458.65,19,51.54,1693,28,United States,Mobile,Electronics,Bank Transfer
TXN102935,35336.46,6,8.86,3605,27,Ghana,Mobile,Online Services,Card
TXN102936,4429.4,23,21.01,1557,26,Nigeria,Desktop,Restaurant,Bank Transfer
TXN102937,6441.08,7,10.31,2056,21,United States,Desktop,Restaurant,Mobile Money
TXN102938,1572.65,8,24.87,2398,32,Nigeria,Mobile,Fuel,Mobile Money
TXN102939,5472.71,13,15.32,2796,31,Ghana,Desktop,Healthcare,Bank Transfer
TXN102940,21951.06,4,12.36,1885,25,Nigeria,Mobile,Grocery,Card
TXN102941,5082.23,20,9.99,2805,22,Ghana,Mobile,Electronics,Digital Wallet
TXN102942,15374.72,18,15.4,2657,30,Kenya,Mobile,Grocery,Mobile Money
TXN102943,6697.55,20,6.53,476,25,Ghana,Mobile,Restaurant,Card
TXN102944,11204.35,15,1.22,1627,17,Nigeria,Mobile,Electronics,Mobile Money
TXN102945,2571.66,23,0.49,239,26,Nigeria,Mobile,Fuel,Card
TXN102946,8823.81,11,7.82,878,21,Ghana,Mobile,Restaurant,Card
TXN102947,407.02,20,10.97,1892,28,United Kingdom,Mobile,Grocery,Digital Wallet
TXN102948,6721.75,3,0.99,2447,17,Nigeria,Desktop,Fuel,Digital Wallet
TXN102949,1586.88,7,4.06,1994,15,Nigeria,Mobile,Grocery,Card
TXN102950,27064.94,6,4.66,1617,26,Nigeria,Desktop,Clothing,Card
TXN102951,17630.88,14,9.93,1681,28,United States,Desktop,Fuel,Card
TXN102952,12921.8,5,3.92,1946,18,Kenya,Desktop,Clothing,Digital Wallet
TXN102953,37086.42,4,1.21,3559,29,United States,Desktop,Electronics,Digital Wallet
TXN102954,3137.19,13,2.16,1948,21,Ghana,Mobile,Healthcare,Bank Transfer
TXN102955,46507.24,20,2.29,606,28,Nigeria,Mobile,Electronics,Card
TXN102956,20582.4,12,22.19,1695,19,South Africa,Mobile,Fuel,Card
TXN102957,6396.11,9,4.01,718,18,Nigeria,Mobile,Electronics,Digital Wallet
TXN102958,25225.74,17,15.05,819,26,Nigeria,Mobile,Electronics,Card
TXN102959,2680.36,3,10.07,1021,18,Nigeria,Mobile,Electronics,Bank Transfer
TXN102960,3552.78,7,45.29,2240,30,Nigeria,Tablet,Electronics,Mobile Money
TXN102961,4409.03,23,3.82,1006,16,Nigeria,Mobile,Healthcare,Card
TXN102962,4774.39,10,2.07,1385,32,Nigeria,Mobile,Online Services,Card
TXN102963,2817.04,16,0.64,1717,25,Nigeria,Mobile,Electronics,Card
TXN102964,27531.42,17,3.31,379,27,Nigeria,Desktop,Grocery,Bank Transfer
TXN102965,6255.06,20,13.83,1801,18,South Africa,Mobile,Grocery,Mobile Money
TXN102966,11527.66,10,1.07,2747,28,Nigeria,Mobile,Grocery,Bank Transfer
TXN102967,4580.89,15,3.37,3569,27,Nigeria,Tablet,Online Services,Card
TXN102968,1312.12,11,23.2,455,29,Nigeria,Desktop,Restaurant,Card
TXN102969,10615.36,12,10.49,356,22,Ghana,Desktop,Healthcare,Card
TXN102970,1197.21,15,0.86,1159,26,Ghana,Tablet,Fuel,Card
TXN102971,7565.59,22,0.59,284,26,United Kingdom,Mobile,Fuel,Bank Transfer
TXN102972,2062.52,20,0.76,2067,21,United Kingdom,Desktop,Travel,Digital Wallet
TXN102973,59117.13,0,34.14,2435,21,Nigeria,Mobile,Restaurant,Mobile Money
TXN102974,20158.13,15,22.76,2020,28,Nigeria,Desktop,Electronics,Mobile Money
TXN102975,9006.97,14,22.37,473,19,Nigeria,Mobile,Travel,Mobile Money
TXN102976,28672.87,5,30.96,142,18,United States,Mobile,Healthcare,Digital Wallet
TXN102977,3476.16,11,8.44,1083,23,Kenya,Mobile,Grocery,Mobile Money
TXN102978,13953.41,7,3.41,2601,20,Nigeria,Mobile,Grocery,Bank Transfer
TXN102979,9895.25,6,6.16,718,20,Nigeria,Mobile,Clothing,Card
TXN102980,10551.47,1,15.23,1020,25,Nigeria,Mobile,Electronics,Card
TXN102981,28921.87,11,25.05,1903,27,Nigeria,Mobile,Electronics,Bank Transfer
TXN102982,16856.51,20,6.85,75,17,South Africa,Mobile,Healthcare,Digital Wallet
TXN102983,10815.37,13,9.2,1224,24,Ghana,Mobile,Clothing,Bank Transfer
TXN102984,1548.61,15,32.22,3231,23,Ghana,Mobile,Restaurant,Card
TXN102985,3102.47,10,1.36,786,21,Nigeria,Desktop,Clothing,Bank Transfer
TXN102986,7167.35,19,23.79,1406,23,Nigeria,Mobile,Online Services,Bank Transfer
TXN102987,8896.14,8,2.08,1256,21,Ghana,Mobile,Electronics,Digital Wallet
TXN102988,2617.03,9,7.94,1279,31,Kenya,Desktop,Online Services,Card
TXN102989,90370.82,16,2.96,3181,32,Nigeria,Mobile,Online Services,Mobile Money
TXN102990,36915.77,11,11.08,3411,15,Nigeria,Mobile,Online Services,Bank Transfer
TXN102991,14796.09,5,9.81,3136,25,United Kingdom,Mobile,Grocery,Digital Wallet
TXN102992,8708.34,18,5.74,593,26,Nigeria,Tablet,Clothing,Bank Transfer
TXN102993,6553.74,10,23.88,2238,27,Nigeria,Mobile,Healthcare,Digital Wallet
TXN102994,3127.79,8,12.94,2917,22,Nigeria,Mobile,Travel,Card
TXN102995,8755.88,20,15.33,3536,28,Kenya,Desktop,Grocery,Card
TXN102996,10485.54,5,1.96,2615,25,Nigeria,Mobile,Restaurant,Card
TXN102997,2340.78,23,25.76,2302,33,Kenya,Mobile,Grocery,Bank Transfer
TXN102998,11318.3,15,2.19,3547,14,Nigeria,Mobile,Restaurant,Card
TXN102999,6937.81,19,3.02,1370,17,Nigeria,Tablet,Grocery,Card
TXN103000,1202.54,15,1.64,1467,25,Kenya,Desktop,Electronics,Bank Transfer
TXN103001,3427.6,5,6.97,124,20,Ghana,Mobile,Fuel,Bank Transfer
TXN103002,5358.26,4,26.24,3326,22,United Kingdom,Mobile,Online Services,Bank Transfer
TXN103003,53513.42,20,3.49,1832,33,Nigeria,Mobile,Fuel,Card
TXN103004,14137.03,3,5.62,978,28,Nigeria,Mobile,Restaurant,Digital Wallet
TXN103005,2131.37,1,22.45,582,32,Kenya,Mobile,Restaurant,Bank Transfer
TXN103006,13174.47,5,11.54,2722,16,Nigeria,Mobile,Clothing,Card
TXN103007,1724.51,8,16.71,95,27,Nigeria,Mobile,Grocery,Bank Transfer
TXN103008,23925.28,16,2.89,3498,22,Nigeria,Desktop,Restaurant,Card
TXN103009,5058.75,13,15.13,3311,24,Nigeria,Mobile,Restaurant,Bank Transfer
TXN103010,7378.78,6,3.1,1527,17,Nigeria,Mobile,Grocery,Card
TXN103011,30509.6,21,52.41,694,25,United States,Desktop,Grocery,Digital Wallet
TXN103012,2236.88,18,9.85,2761,30,South Africa,Mobile,Travel,Digital Wallet
TXN103013,2003.96,0,14.27,2987,20,United States,Desktop,Clothing,Card
TXN103014,4520.6,19,1.51,2914,28,United States,Mobile,Restaurant,Card
TXN103015,22888.25,14,3.46,2648,25,Nigeria,Desktop,Grocery,Card
TXN103016,1773.4,17,1.81,2773,16,Nigeria,Tablet,Restaurant,Bank Transfer
TXN103017,477.16,2,5.93,3591,14,Ghana,Mobile,Travel,Card
TXN103018,5160.77,17,4.01,209,22,United Kingdom,Mobile,Travel,Mobile Money
TXN103019,14069.16,1,15.84,2911,25,Nigeria,Mobile,Healthcare,Card
TXN103020,26910.23,9,1.38,3625,25,Nigeria,Mobile,Restaurant,Bank Transfer
TXN103021,5099.2,10,16.73,1512,36,Nigeria,Mobile,Clothing,Bank Transfer
TXN103022,5369.95,23,0.56,3169,35,Nigeria,Mobile,Electronics,Digital Wallet
TXN103023,25691.12,2,2.71,3430,25,Nigeria,Desktop,Fuel,Card
TXN103024,1249.2,6,18.84,231,16,Nigeria,Desktop,Restaurant,Mobile Money
TXN103025,5494.37,7,16.29,1528,29,United Kingdom,Tablet,Travel,Bank Transfer
TXN103026,9802.81,18,7.76,1571,26,Nigeria,Mobile,Clothing,Bank Transfer
TXN103027,12698.24,17,0.62,3116,23,United States,Mobile,Online Services,Card
TXN103028,4866.81,12,11.3,3143,31,Nigeria,Desktop,Grocery,Card
TXN103029,8387.02,12,6.27,2620,21,United States,Mobile,Fuel,Bank Transfer
TXN103030,672.95,23,4.57,3059,37,Nigeria,Desktop,Online Services,Mobile Money
TXN103031,4195.43,18,12.27,2851,30,Kenya,Mobile,Clothing,Card
TXN103032,12752.83,22,6.89,1342,23,Nigeria,Mobile,Clothing,Card
TXN103033,3034.21,11,1.16,1978,28,Kenya,Mobile,Fuel,Card
TXN103034,8595.42,16,29.72,3634,26,United Kingdom,Mobile,Fuel,Bank Transfer
TXN103035,12668.48,21,18.09,723,31,Nigeria,Mobile,Restaurant,Mobile Money
TXN103036,5752.85,11,0.7,1749,27,Nigeria,Mobile,Clothing,Bank Transfer
TXN103037,9609.08,12,8.93,1297,26,Nigeria,Desktop,Grocery,Card
TXN103038,3094.15,11,1.04,1821,23,Nigeria,Mobile,Fuel,Card
TXN103039,6590.53,18,21.79,2689,24,Nigeria,Mobile,Online Services,Mobile Money
TXN103040,14916.39,13,11.39,1751,25,Kenya,Mobile,Restaurant,Card
TXN103041,9480.32,6,2.27,1651,27,Nigeria,Mobile,Healthcare,Card
TXN103042,4507.37,12,0.25,1227,26,Kenya,Mobile,Travel,Bank Transfer
TXN103043,10139.73,5,0.39,1587,16,United Kingdom,Mobile,Fuel,Card
TXN103044,16557.75,23,8.5,1562,33,Kenya,Mobile,Grocery,Mobile Money
TXN103045,1043.21,18,15.91,2321,27,Nigeria,Mobile,Restaurant,Card
TXN103046,25824.37,18,1.55,2137,23,Ghana,Mobile,Fuel,Card
TXN103047,5789.18,3,3.0,133,25,Nigeria,Desktop,Restaurant,Card
TXN103048,12400.47,18,4.76,2728,22,Nigeria,Mobile,Fuel,Bank Transfer
TXN103049,26829.22,8,2.95,3404,25,Nigeria,Mobile,Healthcare,Bank Transfer
TXN103050,2055.61,15,5.96,1724,34,United States,Tablet,Electronics,Mobile Money
TXN103051,3986.06,3,9.84,1040,22,South Africa,Mobile,Grocery,Bank Transfer
TXN103052,6072.05,5,13.86,1797,25,Nigeria,Mobile,Healthcare,Card
TXN103053,3700.59,7,39.82,2154,26,Nigeria,Mobile,Clothing,Card
TXN103054,45932.88,23,32.06,1071,18,Nigeria,Mobile,Grocery,Digital Wallet
TXN103055,3440.0,15,10.13,1587,24,United States,Mobile,Healthcare,Card
TXN103056,4649.21,4,15.9,1237,23,United States,Mobile,Fuel,Bank Transfer
TXN103057,9940.66,20,36.16,1710,18,Nigeria,Mobile,Grocery,Digital Wallet
TXN103058,2435.36,21,1.05,3382,26,Nigeria,Tablet,Electronics,Card
TXN103059,5455.17,9,0.07,3389,19,Ghana,Mobile,Fuel,Bank Transfer
TXN103060,11130.6,22,0.36,1708,25,Nigeria,Mobile,Clothing,Card
TXN103061,5808.86,12,9.94,3626,25,Nigeria,Mobile,Healthcare,Card
TXN103062,7380.62,13,17.27,2775,28,Kenya,Mobile,Online Services,Card
TXN103063,4772.7,6,5.49,3575,34,Nigeria,Mobile,Electronics,Mobile Money
TXN103064,1782.07,19,9.46,3023,24,Kenya,Tablet,Healthcare,Card
TXN103065,11176.77,5,8.72,2344,23,Nigeria,Mobile,Electronics,Card
TXN103066,46860.63,6,1.19,810,28,Kenya,Tablet,Electronics,Card
TXN103067,8253.57,4,4.66,2686,29,Kenya,Mobile,Healthcare,Card
TXN103068,10150.36,20,0.24,975,37,Nigeria,Mobile,Fuel,Digital Wallet
TXN103069,16199.29,17,1.41,3458,22,Kenya,Mobile,Grocery,Card
TXN103070,2277.13,22,20.05,3102,14,Nigeria,Mobile,Healthcare,Digital Wallet
TXN103071,44467.54,11,21.22,1860,27,Nigeria,Mobile,Online Services,Mobile Money
TXN103072,9920.2,5,19.43,3128,24,Nigeria,Desktop,Electronics,Mobile Money
TXN103073,41433.99,0,15.57,577,31,Nigeria,Mobile,Travel,Card
TXN103074,3893.12,3,18.92,2237,30,Nigeria,Mobile,Healthcare,Card
TXN103075,49914.26,18,13.34,3014,23,Kenya,Desktop,Clothing,Bank Transfer
TXN103076,17591.23,11,13.3,2476,28,,Mobile,Online Services,Card
TXN103077,14087.46,14,13.21,2620,23,Nigeria,Mobile,Clothing,Bank Transfer
TXN103078,10239.67,2,8.66,2204,21,United Kingdom,Mobile,Online Services,Card
TXN103079,6319.98,22,5.42,1827,28,,Mobile,Electronics,Digital Wallet
TXN103080,26917.49,19,15.72,1910,25,Nigeria,Desktop,Online Services,Card
TXN103081,9324.12,7,4.26,3086,26,Nigeria,Mobile,Grocery,Card
TXN103082,1133.35,10,9.39,977,25,Nigeria,Tablet,Online Services,Bank Transfer
TXN103083,2651.32,15,6.82,2287,25,Nigeria,Desktop,Fuel,Card
TXN103084,6728.81,8,3.89,2227,28,United Kingdom,Mobile,Healthcare,Card
TXN103085,11047.94,2,44.12,60,23,Nigeria,Mobile,Restaurant,Card
TXN103086,7657.28,4,3.59,641,21,Ghana,Desktop,Healthcare,Card
TXN103087,27418.43,19,4.44,1894,16,United States,Desktop,Fuel,Card
TXN103088,1151.59,13,2.11,331,27,Ghana,Mobile,Restaurant,Card
TXN103089,,14,20.78,3040,22,Nigeria,Tablet,Healthcare,Bank Transfer
TXN103090,1315.56,5,10.6,2942,22,Kenya,Tablet,Grocery,Card
TXN103091,17321.65,3,11.39,2842,25,United Kingdom,Mobile,Electronics,Bank Transfer
TXN103092,7372.71,7,20.62,712,29,Ghana,Desktop,Electronics,Bank Transfer
TXN103093,12327.77,18,5.04,286,30,United Kingdom,Mobile,Healthcare,Card
TXN103094,3415.63,4,2.58,969,18,Nigeria,Mobile,Travel,Card
TXN103095,29128.28,12,2.65,3158,35,United Kingdom,Mobile,Restaurant,Digital Wallet
TXN103096,22964.96,15,15.83,2086,27,United States,Mobile,Restaurant,Bank Transfer
TXN103097,14523.8,0,11.43,3106,18,Nigeria,Desktop,Clothing,Card
TXN103098,7118.72,12,2.77,2924,19,Ghana,Mobile,Electronics,Digital Wallet
TXN103099,14470.35,21,1.88,3215,17,Ghana,Mobile,Grocery,Bank Transfer
TXN103100,3996.23,10,1.54,806,23,South Africa,Desktop,Electronics,Card
TXN103101,19063.97,20,11.86,2762,21,United Kingdom,Mobile,Electronics,Digital Wallet
TXN103102,42170.7,7,0.0,761,22,Nigeria,Mobile,Travel,Card
TXN103103,23637.99,7,0.22,1258,28,South Africa,Mobile,Online Services,Digital Wallet
TXN103104,3906.5,23,5.92,2101,14,South Africa,Mobile,Online Services,Card
TXN103105,11630.86,13,14.11,2570,25,Kenya,Desktop,Grocery,Card
TXN103106,2223.55,12,14.25,2072,21,Kenya,Mobile,Travel,Bank Transfer
TXN103107,14362.71,2,6.75,999,28,Nigeria,Mobile,Travel,Card
TXN103108,12715.84,3,14.1,3507,26,Nigeria,Mobile,Healthcare,Card
TXN103109,1249.11,19,8.84,132,19,United Kingdom,Mobile,Healthcare,Mobile Money
TXN103110,2535.68,14,45.23,1113,22,United States,Mobile,Healthcare,Card
TXN103111,6104.99,14,2.13,1139,23,Nigeria,Mobile,Travel,Digital Wallet
TXN103112,5997.75,20,11.02,796,23,Ghana,Mobile,Online Services,Card
TXN103113,2417.58,12,8.11,3100,21,South Africa,Mobile,Travel,Digital Wallet
TXN103114,11955.88,8,2.6,401,26,South Africa,Mobile,Electronics,Card
TXN103115,10419.91,9,16.64,708,25,Ghana,Mobile,Healthcare,Bank Transfer
TXN103116,6672.37,11,3.87,2673,28,Nigeria,Mobile,Healthcare,Card
TXN103117,3805.52,13,5.77,2023,22,Kenya,Desktop,Online Services,Bank Transfer
TXN103118,23125.87,0,5.64,231,12,South Africa,Mobile,Online Services,Card
TXN103119,42421.35,13,3.36,1655,29,Kenya,Mobile,Clothing,Card
TXN103120,4996.23,13,6.76,118,20,South Africa,Desktop,Electronics,Card
TXN103121,4393.29,7,7.69,2514,30,Nigeria,Tablet,Travel,Card
TXN103122,13242.78,15,16.36,2197,22,United States,Mobile,Healthcare,Card
TXN103123,5664.48,13,17.38,2233,26,South Africa,Mobile,Travel,Mobile Money
TXN103124,7048.73,0,2.07,2026,33,Ghana,Mobile,Clothing,Card
TXN103125,16977.65,15,10.78,428,29,United States,Tablet,Restaurant,Card
TXN103126,1200.68,17,27.18,1753,27,United Kingdom,Mobile,Fuel,Digital Wallet
TXN103127,30281.81,6,1.38,217,24,United Kingdom,Tablet,Grocery,Bank Transfer
TXN103128,8713.95,14,7.68,1105,30,Ghana,Mobile,Healthcare,Digital Wallet
TXN103129,5369.59,23,16.65,681,26,Nigeria,Mobile,Travel,Digital Wallet
TXN103130,7411.33,16,11.35,1584,18,Nigeria,Desktop,Fuel,Card
TXN103131,7804.29,18,1.27,1533,17,Nigeria,Desktop,Travel,Digital Wallet
TXN103132,1434.83,22,6.06,616,16,Nigeria,Desktop,Electronics,Card
TXN103133,36132.15,12,8.49,259,24,Ghana,Desktop,Travel,Digital Wallet
TXN103134,8444.96,8,65.8,3582,26,Nigeria,Desktop,Travel,Bank Transfer
TXN103135,12619.55,23,2.36,1183,13,United States,Mobile,Grocery,Bank Transfer
TXN103136,20984.72,23,48.49,84,15,Ghana,Mobile,Fuel,Mobile Money
TXN103137,2918.54,14,5.66,300,25,Nigeria,Mobile,Electronics,Digital Wallet
TXN103138,13009.98,2,2.68,1153,29,Nigeria,Mobile,Fuel,Bank Transfer
TXN103139,6200.34,23,6.42,3170,24,Nigeria,Mobile,Restaurant,Card
TXN103140,18897.23,0,11.42,3400,23,United Kingdom,Mobile,Travel,Card
TXN103141,965.62,15,2.88,999,21,Nigeria,Mobile,Travel,Mobile Money
TXN103142,7338.62,7,4.13,1582,28,Ghana,Mobile,Restaurant,Card
TXN103143,4434.54,22,23.13,1407,21,Ghana,Tablet,Clothing,Mobile Money
TXN103144,12484.75,12,83.01,1205,28,Ghana,Mobile,Fuel,Bank Transfer
TXN103145,12965.46,7,4.6,2407,26,Nigeria,Mobile,Healthcare,Card
TXN103146,3993.3,16,1.93,145,17,Nigeria,Mobile,Restaurant,Bank Transfer
TXN103147,3975.18,21,18.91,3643,22,Nigeria,Mobile,Restaurant,Mobile Money
TXN103148,7254.19,22,11.01,352,24,Nigeria,Mobile,Healthcare,Digital Wallet
TXN103149,3305.55,13,1.27,2640,23,South Africa,Mobile,Electronics,Card
TXN103150,18806.99,20,35.2,1625,29,Nigeria,Mobile,Online Services,Digital Wallet
TXN103151,5601.52,20,0.98,2306,27,Nigeria,Desktop,Restaurant,Digital Wallet
TXN103152,442.75,6,11.78,389,26,Nigeria,Desktop,Electronics,Mobile Money
TXN103153,5570.15,14,6.62,3106,24,Kenya,Mobile,Online Services,Digital Wallet
TXN103154,2868.25,15,9.76,57,28,Nigeria,Desktop,Restaurant,Bank Transfer
TXN103155,1585.61,18,2.88,3465,23,Nigeria,Mobile,Fuel,Card
TXN103156,2350.95,5,13.98,3563,26,Kenya,Desktop,Travel,Bank Transfer
TXN103157,9039.95,22,38.54,1284,27,Nigeria,Mobile,Travel,Mobile Money
TXN103158,30596.5,0,7.36,1448,20,Nigeria,Mobile,Online Services,Digital Wallet
TXN103159,11083.19,11,8.88,2946,24,Nigeria,Desktop,Clothing,Bank Transfer
TXN103160,4418.24,17,3.29,1765,23,United States,Mobile,Online Services,Mobile Money
TXN103161,12783.42,15,26.69,1897,27,Nigeria,Mobile,Fuel,Mobile Money
TXN103162,5120.0,11,42.56,1324,25,Nigeria,Mobile,Restaurant,Card
TXN103163,4045.66,19,18.52,1904,15,United States,Desktop,Grocery,Card
TXN103164,2554.57,12,9.39,3405,28,Nigeria,Mobile,Restaurant,Mobile Money
TXN103165,1405.53,7,37.7,3484,24,Ghana,Mobile,Online Services,Card
TXN103166,5486.67,21,2.0,2105,30,Nigeria,Desktop,Healthcare,Card
TXN103167,9490.57,0,7.81,1572,26,Nigeria,Desktop,Fuel,Bank Transfer
TXN103168,7356.77,20,9.26,773,24,Ghana,Mobile,Grocery,Mobile Money
TXN103169,5345.62,6,8.13,3300,26,United States,Mobile,Fuel,Bank Transfer
TXN103170,3147.15,14,19.46,3183,32,Nigeria,Mobile,Fuel,Digital Wallet
TXN103171,14887.04,21,13.32,1141,34,Ghana,Mobile,Online Services,Card
TXN103172,2170.84,12,1.63,3491,12,Ghana,Desktop,Restaurant,Card
TXN103173,17606.58,12,5.1,1751,23,Nigeria,Desktop,Electronics,Bank Transfer
TXN103174,2974.36,8,4.97,1808,23,Ghana,Mobile,Travel,Mobile Money
TXN103175,3818.32,23,10.01,609,25,Nigeria,Mobile,Fuel,Bank Transfer
TXN103176,1869.1,14,4.13,2528,29,Nigeria,Mobile,Fuel,Card
TXN103177,4907.88,3,1.5,462,20,Nigeria,Mobile,Grocery,Bank Transfer
TXN103178,21489.34,12,12.72,403,22,United Kingdom,Mobile,Grocery,Mobile Money
TXN103179,13570.15,11,22.85,2512,25,Nigeria,Mobile,Restaurant,Card
TXN103180,21556.27,4,32.19,1240,23,Ghana,Mobile,Travel,Card
TXN103181,13658.84,6,43.16,1804,41,Nigeria,Mobile,Fuel,Bank Transfer
TXN103182,2687.4,7,18.23,2071,30,Nigeria,Mobile,Clothing,Card
TXN103183,5820.9,4,1.81,3491,29,Ghana,Mobile,Grocery,Card
TXN103184,3713.76,8,23.02,2295,24,South Africa,Mobile,Travel,Card
TXN103185,30655.73,13,6.13,1161,21,Nigeria,Mobile,Travel,Card
TXN103186,2448.45,11,15.71,1872,19,Nigeria,Mobile,Healthcare,Card
TXN103187,19805.16,3,9.09,1603,29,United States,Desktop,Healthcare,Card
TXN103188,19790.43,19,21.17,1960,24,Nigeria,Desktop,Fuel,Card
TXN103189,50494.53,7,6.65,977,17,Kenya,Desktop,Grocery,Mobile Money
TXN103190,5379.3,16,0.77,378,29,Kenya,Mobile,Electronics,Card
TXN103191,16519.92,7,9.77,817,19,Kenya,Mobile,Online Services,Bank Transfer
TXN103192,79352.23,20,2.25,1575,31,United States,Mobile,Electronics,Mobile Money
TXN103193,4369.3,0,40.41,55,24,Kenya,Desktop,Restaurant,Card
TXN103194,1745.79,19,8.98,1101,17,Nigeria,Desktop,Fuel,Card
TXN103195,1236.44,1,9.68,888,22,Nigeria,Desktop,Online Services,Bank Transfer
TXN103196,16526.36,3,28.54,399,21,Nigeria,Mobile,Online Services,Card
TXN103197,1232.56,23,11.76,3115,17,Nigeria,Desktop,Restaurant,Bank Transfer
TXN103198,5584.11,20,4.33,1665,25,United States,Desktop,Travel,Mobile Money
TXN103199,12547.96,0,4.21,1240,24,Nigeria,Mobile,Fuel,Card
TXN103200,9751.49,6,8.36,1577,24,Kenya,Mobile,Grocery,Bank Transfer
TXN103201,12399.91,0,24.17,913,32,South Africa,Mobile,Electronics,Digital Wallet
TXN103202,10120.21,8,19.0,1944,16,United Kingdom,Mobile,Travel,Card
TXN103203,29110.84,2,39.48,308,27,Ghana,Mobile,Fuel,Card
TXN103204,3126.54,11,0.9,2418,30,Kenya,Desktop,Electronics,Bank Transfer
TXN103205,4117.51,18,3.75,1381,27,Nigeria,Desktop,Grocery,Digital Wallet
TXN103206,3741.87,14,1.0,1732,38,South Africa,Tablet,Electronics,Card
TXN103207,18586.52,21,16.69,1687,26,Nigeria,Mobile,Clothing,Card
TXN103208,19938.32,15,1.82,1958,29,United Kingdom,Mobile,Fuel,Card
TXN103209,12723.75,9,1.26,636,24,Nigeria,Desktop,Restaurant,Card
TXN103210,26462.76,21,9.9,1078,27,Nigeria,Mobile,Online Services,Card
TXN103211,2494.79,5,6.36,2606,20,Nigeria,Mobile,Electronics,Card
TXN103212,42925.62,16,15.07,2503,37,South Africa,Desktop,Grocery,Bank Transfer
TXN103213,37169.31,20,8.01,58,23,South Africa,Mobile,Fuel,Digital Wallet
TXN103214,16909.35,21,6.65,985,25,Nigeria,Mobile,Grocery,Mobile Money
TXN103215,48136.64,23,6.65,352,20,Nigeria,Mobile,Clothing,Mobile Money
TXN103216,1545.92,16,24.66,1906,31,Nigeria,Tablet,Grocery,Card
TXN103217,4796.07,20,6.03,2390,18,Nigeria,Mobile,Clothing,Card
TXN103218,3884.29,18,4.87,613,20,Nigeria,Mobile,Travel,Bank Transfer
TXN103219,16671.89,17,4.96,1323,23,Nigeria,Tablet,Electronics,Bank Transfer
TXN103220,2835.18,10,2.63,2839,26,Kenya,Mobile,Healthcare,Bank Transfer
TXN103221,17283.29,23,23.65,2372,28,Nigeria,Mobile,Healthcare,Card
TXN103222,31905.58,6,1.9,685,25,United States,Mobile,Grocery,Bank Transfer
TXN103223,16239.52,9,28.71,815,27,Nigeria,Mobile,Restaurant,Card
TXN103224,10761.72,6,4.0,252,27,Ghana,Mobile,Electronics,Card
TXN103225,3017.33,4,27.56,2152,19,Ghana,Desktop,Fuel,Card
TXN103226,3474.3,11,18.77,2179,29,Nigeria,Mobile,Clothing,Digital Wallet
TXN103227,28271.77,15,10.47,3633,21,Nigeria,Desktop,Electronics,Card
TXN103228,17665.15,20,13.28,2962,18,Nigeria,Mobile,Healthcare,Digital Wallet
TXN103229,7792.99,17,4.73,2250,24,Nigeria,Mobile,Electronics,Digital Wallet
TXN103230,5335.25,2,10.25,1057,29,Nigeria,Mobile,Grocery,Mobile Money
TXN103231,1068.69,19,4.15,3580,29,Nigeria,Mobile,Restaurant,Digital Wallet
TXN103232,2777.06,14,6.18,1713,22,Nigeria,Mobile,Travel,Card
TXN103233,54798.55,4,17.36,2472,22,Nigeria,Mobile,Restaurant,Bank Transfer
TXN103234,2251.93,12,3.36,1679,22,Nigeria,Mobile,Online Services,Mobile Money
TXN103235,9793.56,18,21.9,862,23,Nigeria,Desktop,Clothing,Card
TXN103236,22191.04,11,5.66,1033,26,Nigeria,Mobile,Online Services,Bank Transfer
TXN103237,2310.17,22,9.12,196,20,Ghana,Mobile,Fuel,Card
TXN103238,9746.96,20,34.16,2377,21,Kenya,Desktop,Restaurant,Card
TXN103239,20700.55,4,13.72,2046,18,United States,Mobile,Restaurant,Digital Wallet
TXN103240,8205.0,5,12.45,147,27,Nigeria,Desktop,Clothing,Bank Transfer
TXN103241,142686.19,6,14.92,2589,18,Nigeria,Mobile,Fuel,Card
TXN103242,1527.52,9,30.03,2689,17,Nigeria,Tablet,Fuel,Digital Wallet
TXN103243,23358.79,15,3.43,1839,33,Nigeria,Mobile,Restaurant,Card
TXN103244,6817.16,7,11.4,3276,28,Ghana,Tablet,Travel,Digital Wallet
TXN103245,17534.4,8,6.14,2236,32,Nigeria,Mobile,Electronics,Digital Wallet
TXN103246,12598.17,3,0.14,1437,19,South Africa,Desktop,Travel,Digital Wallet
TXN103247,3892.64,20,1.61,1280,21,Kenya,Tablet,Online Services,Bank Transfer
TXN103248,10188.31,20,4.72,3139,18,United States,Mobile,Electronics,Mobile Money
TXN103249,1264.08,7,9.99,492,27,Nigeria,Desktop,Electronics,Bank Transfer
TXN103250,14812.81,6,25.59,3532,28,Nigeria,Mobile,Restaurant,Bank Transfer
TXN103251,10917.9,14,18.79,1763,34,Nigeria,Mobile,Electronics,Card
TXN103252,15346.77,20,9.67,1701,29,Nigeria,Mobile,Clothing,Card
TXN103253,23344.54,2,0.92,2181,21,United States,Mobile,Travel,Mobile Money
TXN103254,11703.23,16,4.04,1011,25,Nigeria,Mobile,Electronics,Bank Transfer
TXN103255,9396.47,10,5.48,3294,22,Ghana,Tablet,Healthcare,Bank Transfer
TXN103256,3357.43,8,11.67,2327,18,Nigeria,Desktop,Restaurant,Bank Transfer
TXN103257,3975.0,4,0.81,1066,24,Nigeria,Desktop,Restaurant,Mobile Money
TXN103258,26548.66,9,9.07,2644,31,Nigeria,Mobile,Restaurant,Mobile Money
TXN103259,34075.55,14,27.81,1909,25,Nigeria,Mobile,Grocery,Card
TXN103260,6386.17,13,14.67,626,20,Ghana,Mobile,Travel,Card
TXN103261,,3,19.14,650,30,United States,Mobile,Restaurant,Card
TXN103262,3279.3,20,13.74,2632,30,Ghana,Mobile,Fuel,Bank Transfer
TXN103263,26180.15,19,2.78,1441,20,Nigeria,Desktop,Clothing,Card
TXN103264,15762.94,1,1.4,100,24,Nigeria,Desktop,Restaurant,Mobile Money
TXN103265,56456.03,11,21.23,985,17,United Kingdom,Mobile,Grocery,Card
TXN103266,3366.66,0,14.27,1833,24,Nigeria,Mobile,Healthcare,Card
TXN103267,5552.44,23,10.27,3050,25,United Kingdom,Mobile,Healthcare,Mobile Money
TXN103268,10213.3,19,2.52,467,35,Nigeria,Mobile,Travel,Card
TXN103269,15467.39,4,11.1,1097,31,Nigeria,Mobile,Electronics,Bank Transfer
TXN103270,6531.11,5,0.38,3373,24,Nigeria,Mobile,Travel,Digital Wallet
TXN103271,3384.76,23,1.52,1955,17,United States,Mobile,Electronics,Bank Transfer
TXN103272,19563.24,10,4.49,1067,22,Nigeria,Tablet,Fuel,Mobile Money
TXN103273,16666.16,7,7.04,3472,30,Nigeria,Mobile,Electronics,Mobile Money
TXN103274,3241.29,6,1.54,3213,19,Nigeria,Desktop,Restaurant,Card
TXN103275,31427.63,3,1.53,1432,24,Ghana,Mobile,Online Services,Bank Transfer
TXN103276,26113.27,5,15.53,2391,25,Nigeria,Mobile,Clothing,Card
TXN103277,9267.76,15,10.12,1468,28,South Africa,Desktop,Clothing,Card
TXN103278,8774.44,19,9.16,514,21,United States,Mobile,Online Services,Card
TXN103279,14101.8,14,7.23,198,24,United States,Mobile,Restaurant,Bank Transfer
TXN103280,3423.08,13,45.03,2965,19,Nigeria,Mobile,Grocery,Mobile Money
TXN103281,8350.12,22,0.61,832,22,Ghana,Desktop,Electronics,Digital Wallet
TXN103282,941.63,11,2.39,275,27,Nigeria,Mobile,Online Services,Card
TXN103283,19466.6,11,12.51,2343,14,Ghana,Mobile,Clothing,Card
TXN103284,1700.21,15,1.76,878,31,United Kingdom,Mobile,Healthcare,Bank Transfer
TXN103285,36439.91,14,10.68,2320,21,Nigeria,Mobile,Travel,Mobile Money
TXN103286,5824.8,12,10.07,2055,28,United Kingdom,Desktop,Grocery,Card
TXN103287,6557.29,10,42.49,1723,26,South Africa,Desktop,Restaurant,Card
TXN103288,4325.43,16,25.79,3401,28,Nigeria,Mobile,Grocery,Bank Transfer
TXN103289,6075.14,20,34.93,1380,30,Ghana,Mobile,Fuel,Card
TXN103290,33474.24,14,1.45,559,23,Nigeria,Tablet,Fuel,Mobile Money
TXN103291,673.3,13,24.31,1648,27,Nigeria,Mobile,Clothing,Bank Transfer
TXN103292,29055.57,9,1.66,876,24,Nigeria,Desktop,Healthcare,Card
TXN103293,11361.93,11,12.03,3081,23,United States,Mobile,Online Services,Card
TXN103294,2423.52,15,15.28,2419,19,Nigeria,Mobile,Fuel,Digital Wallet
TXN103295,2764.7,14,2.1,1818,23,Kenya,Desktop,Fuel,Card
TXN103296,43321.01,9,12.02,1732,20,South Africa,Mobile,Fuel,Card
TXN103297,3147.91,3,0.65,3350,22,South Africa,Desktop,Restaurant,Mobile Money
TXN103298,2557.15,22,4.17,789,14,South Africa,Desktop,Clothing,Bank Transfer
TXN103299,25268.52,8,30.48,1433,26,Nigeria,Mobile,Electronics,Bank Transfer
TXN103300,11367.95,20,2.26,827,21,Kenya,Desktop,Fuel,Bank Transfer
TXN103301,3171.86,19,0.81,561,18,Nigeria,Mobile,Fuel,Digital Wallet
TXN103302,10063.04,8,7.04,1947,25,Ghana,Desktop,Fuel,Card
TXN103303,2905.17,20,22.81,893,22,Nigeria,Tablet,Grocery,Bank Transfer
TXN103304,24363.01,23,0.96,3482,21,Nigeria,Tablet,Online Services,Bank Transfer
TXN103305,23420.59,19,5.27,71,27,United States,Desktop,Electronics,Card
TXN103306,13794.24,10,27.6,3446,27,Nigeria,Mobile,Travel,Card
TXN103307,11633.7,10,1.51,628,16,Nigeria,Desktop,Electronics,Mobile Money
TXN103308,47154.66,6,4.46,3362,27,Nigeria,Desktop,Grocery,Bank Transfer
TXN103309,8100.54,20,18.08,335,17,Nigeria,Mobile,Travel,Digital Wallet
TXN103310,2485.24,9,9.4,838,41,Nigeria,Mobile,Healthcare,Bank Transfer
TXN103311,12701.48,3,21.43,2939,32,Ghana,Mobile,Clothing,Mobile Money
TXN103312,65254.29,4,1.42,1293,35,United States,Mobile,Online Services,Mobile Money
TXN103313,2937.28,4,30.39,708,30,Nigeria,Tablet,Healthcare,Bank Transfer
TXN103314,5645.07,10,32.78,3414,32,Nigeria,Mobile,Healthcare,Mobile Money
TXN103315,12288.83,8,2.03,760,23,Ghana,Mobile,Travel,Bank Transfer
TXN103316,7677.85,15,0.41,2518,30,Nigeria,Mobile,Grocery,Bank Transfer
TXN103317,3034.18,8,55.07,2055,23,United States,Desktop,Fuel,Bank Transfer
TXN103318,24880.95,21,7.9,962,30,Nigeria,Tablet,Restaurant,Card
TXN103319,82457.7,3,10.19,932,23,Nigeria,Mobile,Travel,Mobile Money
TXN103320,9858.92,1,11.48,162,20,Nigeria,Desktop,Clothing,Card
TXN103321,3281.09,13,18.71,2796,32,South Africa,Mobile,Travel,Bank Transfer
TXN103322,1721.65,2,20.05,2128,30,Ghana,Mobile,Online Services,Card
TXN103323,10487.88,17,2.59,2695,27,Nigeria,Desktop,Electronics,Bank Transfer
TXN103324,24437.58,20,3.24,421,28,Nigeria,Mobile,Restaurant,Digital Wallet
TXN103325,13032.06,5,25.13,2773,19,United States,Mobile,Grocery,Mobile Money
TXN103326,8083.63,10,20.55,2600,30,South Africa,Mobile,Restaurant,Bank Transfer
TXN103327,4495.03,20,11.54,537,31,Nigeria,Mobile,Electronics,Bank Transfer
TXN103328,2718.5,17,62.88,1715,23,United Kingdom,Mobile,Fuel,Bank Transfer
TXN103329,18671.46,11,15.94,2431,23,Ghana,Mobile,Healthcare,Card
TXN103330,20206.74,4,2.92,2944,29,Nigeria,Mobile,Restaurant,Card
TXN103331,1727.22,8,22.5,3050,20,Nigeria,Mobile,Fuel,Card
TXN103332,39729.09,19,6.43,1448,30,South Africa,Mobile,Fuel,Digital Wallet
TXN103333,14386.87,17,0.44,985,25,Nigeria,Mobile,Electronics,Card
TXN103334,32846.31,18,4.65,125,25,Kenya,Tablet,Online Services,Bank Transfer
TXN103335,2117.25,2,17.3,135,26,Nigeria,Mobile,Healthcare,Digital Wallet
TXN103336,2067.67,8,38.69,707,22,South Africa,Tablet,Travel,Bank Transfer
TXN103337,6981.58,3,3.88,2590,31,Nigeria,Mobile,Grocery,Card
TXN103338,13396.98,16,3.4,3343,28,Nigeria,Desktop,Electronics,Card
TXN103339,48842.73,16,9.95,885,29,Nigeria,Mobile,Fuel,Card
TXN103340,16417.1,22,20.04,1992,21,Nigeria,Desktop,Electronics,Mobile Money
TXN103341,6357.04,22,16.47,3589,28,Nigeria,Mobile,Travel,Card
TXN103342,2903.38,1,9.85,819,27,Nigeria,Mobile,Electronics,Mobile Money
TXN103343,27722.53,8,11.98,544,20,United States,Mobile,Grocery,Digital Wallet
TXN103344,3088.05,8,3.33,2975,22,Ghana,Mobile,Clothing,Card
TXN103345,41293.84,4,6.8,1114,25,Ghana,Desktop,Restaurant,Card
TXN103346,6097.39,14,3.54,3517,34,Nigeria,Tablet,Online Services,Bank Transfer
TXN103347,39758.62,14,25.89,1037,23,Nigeria,Mobile,Online Services,Card
TXN103348,15977.41,2,1.43,1347,29,Nigeria,Tablet,Electronics,Bank Transfer
TXN103349,7065.68,18,13.66,2814,28,South Africa,Mobile,Restaurant,Bank Transfer
TXN103350,4820.36,2,3.62,2379,31,Nigeria,Desktop,Online Services,Card
TXN103351,5762.3,5,7.75,3271,35,South Africa,Tablet,Restaurant,Digital Wallet
TXN103352,,3,4.27,2723,25,Nigeria,Mobile,Online Services,Card
TXN103353,8753.04,23,4.69,3142,26,United States,Mobile,Clothing,Card
TXN103354,4474.67,12,3.62,2308,21,Nigeria,Mobile,Healthcare,Digital Wallet
TXN103355,6866.22,12,16.77,1462,26,Nigeria,Mobile,Electronics,Card
TXN103356,8765.48,10,5.46,2815,23,Ghana,Desktop,Fuel,Card
TXN103357,964.17,4,15.55,3074,25,United States,Desktop,Grocery,Digital Wallet
TXN103358,12812.39,0,7.31,326,33,Ghana,Tablet,Electronics,Card
TXN103359,3042.03,8,9.51,484,24,Nigeria,Mobile,Restaurant,Card
TXN103360,2557.2,16,9.4,3158,33,Nigeria,Mobile,Travel,Bank Transfer
TXN103361,1499.15,21,44.68,971,21,United Kingdom,Mobile,Clothing,Card
TXN103362,1347.64,0,5.49,269,20,Nigeria,Tablet,Grocery,Bank Transfer
TXN103363,2089.23,2,2.79,1651,21,Nigeria,Mobile,Grocery,Bank Transfer
TXN103364,3987.74,14,29.14,3277,29,United Kingdom,Tablet,Restaurant,Bank Transfer
TXN103365,57139.97,20,2.31,3164,29,United Kingdom,Mobile,Grocery,Card
TXN103366,4789.21,22,21.58,2628,25,Kenya,Mobile,Restaurant,Digital Wallet
TXN103367,9679.35,9,1.95,2215,27,United States,Mobile,Healthcare,Card
TXN103368,12094.2,7,12.9,483,27,Nigeria,Desktop,Grocery,Bank Transfer
TXN103369,9237.86,11,1.96,3550,24,Nigeria,Mobile,Grocery,Digital Wallet
TXN103370,7499.24,21,30.78,1279,22,Kenya,Desktop,Healthcare,Card
TXN103371,2452.12,14,9.99,2520,18,Kenya,Mobile,Online Services,Card
TXN103372,34576.43,8,4.79,3307,25,South Africa,Mobile,Online Services,Card
TXN103373,49374.86,23,1.81,2104,23,United States,Mobile,Restaurant,Digital Wallet
TXN103374,1506.19,9,5.57,2534,12,Nigeria,Desktop,Clothing,Mobile Money
TXN103375,2910.18,19,14.65,724,22,,Mobile,Grocery,Digital Wallet
TXN103376,6125.34,8,5.83,739,31,Nigeria,Desktop,Electronics,Bank Transfer
TXN103377,3088.57,14,3.39,2044,27,Kenya,Mobile,Healthcare,Card
TXN103378,13439.66,22,10.34,878,30,Nigeria,Mobile,Travel,Card
TXN103379,3911.7,20,6.49,978,25,South Africa,Mobile,Healthcare,Digital Wallet
TXN103380,70619.11,20,2.18,136,27,Nigeria,Mobile,Online Services,Bank Transfer
TXN103381,26650.11,0,2.01,2521,20,Nigeria,Desktop,Healthcare,Card
TXN103382,10022.36,1,14.75,1754,26,Nigeria,Desktop,Fuel,Bank Transfer
TXN103383,22628.97,18,44.11,2113,24,Kenya,Mobile,Healthcare,Card
TXN103384,24487.07,13,3.18,626,21,Nigeria,Tablet,Restaurant,Card
TXN103385,4610.32,7,17.8,184,27,South Africa,Mobile,Grocery,Bank Transfer
TXN103386,3582.38,5,1.1,3270,23,Nigeria,Desktop,Online Services,Card
TXN103387,8761.68,11,5.77,825,20,Nigeria,Mobile,Clothing,Card
TXN103388,19180.25,14,8.48,301,18,Nigeria,Mobile,Online Services,Bank Transfer
TXN103389,9312.01,13,3.76,1600,28,Kenya,Mobile,Healthcare,Bank Transfer
TXN103390,1674.05,20,9.05,1473,21,Nigeria,Mobile,Electronics,Card
TXN103391,3630.68,0,25.71,1237,26,United States,Tablet,Healthcare,Card
TXN103392,7525.31,10,34.68,1664,24,Nigeria,Mobile,Restaurant,Digital Wallet
TXN103393,7512.58,2,1.27,1290,14,Nigeria,Mobile,Electronics,Card
TXN103394,58252.49,18,3.81,1968,29,Nigeria,Mobile,Online Services,Card
TXN103395,2026.39,17,46.44,1562,19,Nigeria,Mobile,Travel,Card
TXN103396,13434.61,19,3.78,3542,22,Ghana,Mobile,Clothing,Card
TXN103397,35922.28,1,14.16,3058,23,Ghana,Mobile,Restaurant,Bank Transfer
TXN103398,78546.79,6,3.51,151,31,South Africa,Mobile,Restaurant,Digital Wallet
TXN103399,5407.83,7,5.29,1470,24,Nigeria,Mobile,Grocery,Bank Transfer
TXN103400,13245.72,18,2.55,3636,23,Nigeria,Mobile,Electronics,Mobile Money
TXN103401,14324.98,21,23.28,1428,24,Nigeria,Mobile,Restaurant,Digital Wallet
TXN103402,9852.51,14,25.71,3427,22,Nigeria,Desktop,Electronics,Card
TXN103403,7340.45,9,4.23,1533,25,Nigeria,Desktop,Travel,Bank Transfer
TXN103404,12531.18,21,20.82,179,24,United States,Desktop,Grocery,Bank Transfer
TXN103405,644.04,0,5.32,736,37,Kenya,Tablet,Fuel,Card
TXN103406,16027.63,5,1.25,3072,22,South Africa,Desktop,Healthcare,Mobile Money
TXN103407,9192.82,12,17.03,1645,31,Nigeria,Mobile,Healthcare,Mobile Money
TXN103408,6486.8,13,10.89,1543,24,Nigeria,Mobile,Travel,Card
TXN103409,62746.76,2,3.85,2230,17,Nigeria,Tablet,Healthcare,Card
TXN103410,4126.01,10,3.5,3118,36,Nigeria,Mobile,Grocery,Card
TXN103411,5414.98,2,44.57,2628,29,Ghana,Mobile,Grocery,Card
TXN103412,59370.53,18,23.81,874,15,Nigeria,Mobile,Electronics,Card
TXN103413,3526.07,9,19.92,3449,25,United Kingdom,Tablet,Fuel,Mobile Money
TXN103414,4674.53,14,1.64,3560,24,United States,Desktop,Fuel,Card
TXN103415,6995.17,10,16.89,3303,24,Nigeria,Mobile,Online Services,Bank Transfer
TXN103416,18783.51,14,2.9,3524,19,Kenya,Tablet,Grocery,Card
TXN103417,9974.65,23,45.47,2357,28,Kenya,Tablet,Travel,Mobile Money
TXN103418,2224.69,12,0.64,2499,25,Nigeria,Mobile,Online Services,Digital Wallet
TXN103419,4759.18,4,5.21,3070,25,United States,Desktop,Travel,Mobile Money
TXN103420,4414.48,3,6.72,3566,27,Nigeria,Desktop,Fuel,Bank Transfer
TXN103421,7500.9,12,20.86,2006,19,South Africa,Mobile,Online Services,Card
TXN103422,12404.86,8,17.44,1865,21,Nigeria,Desktop,Travel,Card
TXN103423,12310.47,16,5.64,833,23,Nigeria,Mobile,Healthcare,Card
TXN103424,1371.95,1,10.0,384,27,Nigeria,Desktop,Electronics,Digital Wallet
TXN103425,23480.86,23,21.67,1635,25,United Kingdom,Tablet,Electronics,Bank Transfer
TXN103426,10431.33,4,0.22,407,24,Nigeria,Mobile,Clothing,Bank Transfer
TXN103427,32355.27,15,19.44,3225,20,Nigeria,Mobile,Fuel,Mobile Money
TXN103428,12634.65,6,35.23,2157,22,Nigeria,Tablet,Healthcare,Bank Transfer
TXN103429,24375.24,0,0.39,1610,22,Nigeria,Tablet,Fuel,Bank Transfer
TXN103430,,11,0.56,1017,21,Kenya,Mobile,Restaurant,Card
TXN103431,31139.29,20,5.07,262,23,South Africa,Tablet,Clothing,Card
TXN103432,13660.32,10,1.1,3581,25,United Kingdom,Mobile,Healthcare,Mobile Money
TXN103433,7347.27,11,7.83,183,21,South Africa,Mobile,Clothing,Mobile Money
TXN103434,78624.19,18,15.65,936,26,United States,Desktop,Grocery,Card
TXN103435,19713.07,11,10.04,3510,21,South Africa,Desktop,Fuel,Bank Transfer
TXN103436,14382.17,11,2.62,3132,16,United States,Desktop,Grocery,Card
TXN103437,2261.3,13,12.76,1650,24,Nigeria,Mobile,Clothing,Bank Transfer
TXN103438,2234.32,1,13.86,3604,31,Nigeria,Mobile,Restaurant,Card
TXN103439,10858.63,1,32.34,2448,36,United States,Tablet,Clothing,Mobile Money
TXN103440,9372.37,3,1.91,352,27,Kenya,Mobile,Electronics,Bank Transfer
TXN103441,4384.7,19,14.14,361,17,United Kingdom,Mobile,Travel,Bank Transfer
TXN103442,9329.93,22,29.09,272,29,Nigeria,Desktop,Clothing,Card
TXN103443,39680.97,15,8.36,459,23,United Kingdom,Mobile,Grocery,Bank Transfer
TXN103444,16242.76,9,5.39,1235,28,Kenya,Mobile,Restaurant,Card
TXN103445,2588.91,12,2.25,2886,30,Nigeria,Mobile,Grocery,Card
TXN103446,7248.07,1,24.19,1526,22,Nigeria,Desktop,Fuel,Card
TXN103447,3622.91,2,6.02,2453,25,Nigeria,Tablet,Electronics,Card
TXN103448,5498.88,18,31.06,110,25,United States,Mobile,Fuel,Card
TXN103449,5358.21,5,22.59,1603,23,Kenya,Mobile,Online Services,Digital Wallet
TXN103450,5025.87,18,5.67,449,22,United States,Mobile,Grocery,Card
TXN103451,,20,10.24,496,25,Nigeria,Desktop,Fuel,Bank Transfer
TXN103452,7131.99,19,0.33,3529,26,United States,Mobile,Online Services,Bank Transfer
TXN103453,4625.74,18,3.67,1110,27,Nigeria,Desktop,Grocery,Bank Transfer
TXN103454,432.92,7,14.87,3423,24,Nigeria,Mobile,Restaurant,Bank Transfer
TXN103455,63131.3,13,13.6,2030,16,Nigeria,Mobile,Fuel,Mobile Money
TXN103456,24071.16,9,5.23,1595,18,United States,Desktop,Online Services,Mobile Money
TXN103457,5561.92,2,19.84,1548,20,Nigeria,Mobile,Restaurant,Card
TXN103458,8257.02,5,3.23,3367,27,Nigeria,Desktop,Grocery,Bank Transfer
TXN103459,2510.77,14,7.42,3328,26,Nigeria,Mobile,Grocery,Card
TXN103460,44166.54,22,7.68,2906,19,Nigeria,Mobile,Clothing,Card
TXN103461,54029.67,22,5.0,2065,21,United Kingdom,Mobile,Electronics,Bank Transfer
TXN103462,9477.67,17,37.12,833,27,Nigeria,Mobile,Online Services,Digital Wallet
TXN103463,22550.91,13,14.32,1107,22,Ghana,Mobile,Clothing,Bank Transfer
TXN103464,9655.54,18,9.3,1662,30,United States,Desktop,Restaurant,Bank Transfer
TXN103465,2128.72,9,8.57,2014,18,Nigeria,Mobile,Clothing,Card
TXN103466,5367.82,14,2.08,3055,27,United Kingdom,Desktop,Clothing,Bank Transfer
TXN103467,9245.83,3,5.59,33,28,Nigeria,Mobile,Healthcare,Card
TXN103468,5143.31,22,13.41,3540,24,United States,Mobile,Online Services,Mobile Money
TXN103469,6511.64,1,31.01,3411,22,Nigeria,Mobile,Grocery,Card
TXN103470,7395.3,2,20.34,1932,21,Kenya,Desktop,Grocery,Bank Transfer
TXN103471,7473.52,6,4.29,632,22,Kenya,Mobile,Online Services,Digital Wallet
TXN103472,8537.8,22,6.83,3190,20,Nigeria,Mobile,Electronics,Digital Wallet
TXN103473,2805.66,15,1.04,2397,19,Nigeria,Mobile,Healthcare,Digital Wallet
TXN103474,3955.98,9,1.29,1428,29,Nigeria,Mobile,Healthcare,Card
TXN103475,2242.66,18,7.62,530,26,Nigeria,Mobile,Travel,Digital Wallet
TXN103476,,16,9.07,1715,28,Ghana,Mobile,Travel,Mobile Money
TXN103477,986.69,18,3.68,3335,22,United States,Mobile,Online Services,Digital Wallet
TXN103478,25683.15,4,12.35,3438,34,Ghana,Mobile,Healthcare,Digital Wallet
TXN103479,32414.12,22,14.58,2648,24,Nigeria,Desktop,Online Services,Digital Wallet
TXN103480,5989.84,19,4.26,214,17,Nigeria,Desktop,Clothing,Card
TXN103481,599.96,12,17.05,3539,20,Nigeria,Desktop,Healthcare,Card
TXN103482,5645.93,12,2.76,2633,24,Nigeria,Mobile,Electronics,Bank Transfer
TXN103483,7599.33,10,9.43,3281,28,United States,Mobile,Electronics,Bank Transfer
TXN103484,2949.53,10,19.57,3177,26,United Kingdom,Desktop,Restaurant,Card
TXN103485,4840.54,15,9.24,2970,27,Nigeria,Mobile,Grocery,Bank Transfer
TXN103486,37428.78,14,28.63,1325,29,Nigeria,Mobile,Fuel,Card
TXN103487,15755.22,16,0.72,84,29,Ghana,Tablet,Online Services,Card
TXN103488,3214.53,21,10.65,1754,26,Kenya,Tablet,Fuel,Card
TXN103489,1639.92,17,9.9,2940,31,Kenya,Desktop,Online Services,Card
TXN103490,5842.9,18,12.96,1900,27,South Africa,Tablet,Online Services,Mobile Money
TXN103491,6545.57,3,21.51,106,32,Nigeria,Desktop,Online Services,Digital Wallet
TXN103492,13309.05,21,15.53,2373,19,United States,Desktop,Restaurant,Bank Transfer
TXN103493,4744.22,21,18.74,3320,27,Nigeria,Mobile,Travel,Bank Transfer
TXN103494,13514.24,22,4.09,3378,34,Nigeria,Tablet,Electronics,Card
TXN103495,56114.75,4,5.88,1631,21,United States,Desktop,Fuel,Bank Transfer
TXN103496,18315.46,6,11.83,1701,29,Nigeria,Mobile,Travel,Mobile Money
TXN103497,7722.64,1,9.67,2823,27,Nigeria,Mobile,Grocery,Bank Transfer
TXN103498,6746.97,0,38.96,1764,27,Nigeria,Mobile,Grocery,Card
TXN103499,5672.17,11,2.48,3367,20,Ghana,Tablet,Online Services,Mobile Money
TXN103500,26387.37,9,5.19,2977,30,Nigeria,Mobile,Healthcare,Digital Wallet
TXN103501,4327.25,7,10.2,2120,22,Nigeria,Mobile,Fuel,Card
TXN103502,8477.94,0,24.3,1414,30,Nigeria,Mobile,Grocery,Card
TXN103503,8528.75,11,31.8,1281,23,United Kingdom,Tablet,Travel,Card
TXN103504,4906.01,1,4.91,2304,25,Nigeria,Mobile,Healthcare,Card
TXN103505,2053.98,9,0.83,1116,29,Kenya,Mobile,Fuel,Digital Wallet
TXN103506,11192.22,21,6.57,200,27,Nigeria,Mobile,Electronics,Digital Wallet
TXN103507,7623.54,16,6.02,3040,22,Ghana,Mobile,Fuel,Bank Transfer
TXN103508,13362.94,2,51.65,2839,32,Nigeria,Mobile,Restaurant,Mobile Money
TXN103509,4752.37,6,6.77,2927,27,Ghana,Mobile,Electronics,Bank Transfer
TXN103510,27469.22,11,4.38,2384,30,Kenya,Mobile,Electronics,Card
TXN103511,3371.88,7,5.46,1803,22,Nigeria,Mobile,Clothing,Bank Transfer
TXN103512,44893.14,19,6.07,2645,18,United Kingdom,Mobile,Electronics,Mobile Money
TXN103513,1411.44,11,20.68,3069,30,United Kingdom,Mobile,Restaurant,Mobile Money
TXN103514,12516.09,2,1.01,2111,21,Nigeria,Tablet,Clothing,Card
TXN103515,13035.49,16,4.57,856,26,Ghana,Mobile,Electronics,Bank Transfer
TXN103516,3657.16,8,40.69,1695,23,Ghana,Mobile,Clothing,Card
TXN103517,12386.89,9,1.99,159,26,Nigeria,Mobile,Fuel,Mobile Money
TXN103518,29129.85,21,16.29,1447,21,Nigeria,Mobile,Electronics,Bank Transfer
TXN103519,882.87,5,5.29,1204,19,United States,Mobile,Grocery,Card
TXN103520,13396.45,0,10.46,2732,16,Ghana,Mobile,Grocery,Mobile Money
TXN103521,669.63,21,1.26,2707,23,United States,Desktop,Electronics,Bank Transfer
TXN103522,3085.09,11,4.39,1437,25,Kenya,Mobile,Fuel,Card
TXN103523,41322.66,4,8.34,1070,29,Nigeria,Mobile,Clothing,Digital Wallet
TXN103524,4528.83,12,3.16,623,35,Nigeria,Tablet,Restaurant,Card
TXN103525,2505.19,14,9.37,1067,25,Kenya,Mobile,Grocery,Card
TXN103526,6647.94,21,2.98,2158,22,Ghana,Desktop,Clothing,Card
TXN103527,64081.2,10,12.6,3308,22,Nigeria,Mobile,Healthcare,Card
TXN103528,1297.66,7,28.17,233,21,Ghana,Mobile,Restaurant,Bank Transfer
TXN103529,2831.86,4,1.07,3480,29,United Kingdom,Mobile,Clothing,Bank Transfer
TXN103530,36222.35,1,2.93,1837,28,South Africa,Mobile,Electronics,Card
TXN103531,51932.62,11,22.33,1597,26,Nigeria,Tablet,Grocery,Card
TXN103532,7306.86,1,11.98,52,26,Nigeria,Mobile,Grocery,Card
TXN103533,2347.13,15,0.98,2691,28,United States,Mobile,Grocery,Bank Transfer
TXN103534,65896.69,20,7.99,3263,24,United Kingdom,Mobile,Electronics,Bank Transfer
TXN103535,39912.4,2,2.83,1663,18,Nigeria,Mobile,Restaurant,Card
TXN103536,15977.66,9,2.66,2221,21,United Kingdom,Desktop,Healthcare,Card
TXN103537,3596.07,18,33.89,133,18,Nigeria,Mobile,Restaurant,Card
TXN103538,7715.38,7,17.2,1435,26,Nigeria,Desktop,Online Services,Card
TXN103539,6902.51,6,14.3,1508,19,Nigeria,Desktop,Online Services,Card
TXN103540,11280.73,0,3.28,3518,22,Nigeria,Mobile,Fuel,Mobile Money
TXN103541,34578.99,11,1.51,2401,31,United Kingdom,Mobile,Grocery,Card
TXN103542,19524.34,4,24.56,1224,22,Ghana,Mobile,Online Services,Card
TXN103543,2759.0,15,0.07,605,20,Nigeria,Mobile,Fuel,Bank Transfer
TXN103544,32096.31,3,5.89,1636,25,United Kingdom,Mobile,Restaurant,Bank Transfer
TXN103545,11082.61,16,3.9,303,22,,Tablet,Online Services,Card
TXN103546,16107.91,23,10.14,481,25,Nigeria,Mobile,Online Services,Card
TXN103547,35120.52,20,3.46,2958,31,Ghana,Mobile,Grocery,Mobile Money
TXN103548,2666.23,1,4.47,154,26,Kenya,Mobile,Restaurant,Bank Transfer
TXN103549,7817.92,11,22.77,3484,24,Kenya,Mobile,Fuel,Card
TXN103550,4762.58,0,11.09,2394,33,Kenya,Mobile,Grocery,Card
TXN103551,1689.42,11,1.89,1896,21,Nigeria,Mobile,Restaurant,Card
TXN103552,11461.05,11,15.56,2184,34,Nigeria,Mobile,Clothing,Mobile Money
TXN103553,99863.2,11,2.79,1713,26,United Kingdom,Mobile,Grocery,Bank Transfer
TXN103554,1286.81,18,6.81,936,23,United Kingdom,Desktop,Online Services,Card
TXN103555,7845.69,16,12.48,3564,36,Nigeria,Tablet,Fuel,Card
TXN103556,15375.69,19,3.81,459,18,Nigeria,Mobile,Fuel,Digital Wallet
TXN103557,9164.37,23,5.82,2781,23,United Kingdom,Desktop,Fuel,Bank Transfer
TXN103558,7236.35,23,15.9,3438,24,Nigeria,Mobile,Online Services,Card
TXN103559,2210.08,10,33.35,3597,29,Nigeria,Desktop,Grocery,Bank Transfer
TXN103560,10227.0,12,9.04,3049,22,Nigeria,Mobile,Online Services,Card
TXN103561,3801.82,7,0.12,391,31,Nigeria,Desktop,Healthcare,Bank Transfer
TXN103562,906.94,9,4.96,825,22,Nigeria,Desktop,Travel,Bank Transfer
TXN103563,26758.09,7,6.1,461,16,Ghana,Desktop,Grocery,Digital Wallet
TXN103564,21128.66,19,4.97,2752,24,Nigeria,Desktop,Restaurant,Bank Transfer
TXN103565,8532.7,7,6.88,1573,20,United States,Mobile,Fuel,Card
TXN103566,10189.11,8,12.02,888,44,United States,Mobile,Clothing,Mobile Money
TXN103567,23725.79,6,1.55,1459,20,United States,Mobile,Clothing,Digital Wallet
TXN103568,10140.98,13,3.82,3091,26,United Kingdom,Mobile,Restaurant,Bank Transfer
TXN103569,20010.6,1,8.5,3478,20,Kenya,Mobile,Electronics,Card
TXN103570,6018.05,10,4.55,3253,24,Nigeria,Mobile,Fuel,Digital Wallet
TXN103571,30091.07,7,56.64,1375,38,Nigeria,Desktop,Online Services,Card
TXN103572,11167.75,12,6.78,1660,24,Nigeria,Mobile,Grocery,Card
TXN103573,9838.44,20,24.46,3315,28,Nigeria,Mobile,Fuel,Card
TXN103574,2275.46,14,27.22,605,22,Nigeria,Desktop,Clothing,Card
TXN103575,10796.27,2,21.7,1118,27,United States,Mobile,Healthcare,Mobile Money
TXN103576,3526.44,22,0.58,922,25,Nigeria,Mobile,Healthcare,Card
TXN103577,4280.04,13,35.42,299,25,Nigeria,Tablet,Restaurant,Card
TXN103578,3585.4,14,1.65,3638,26,Kenya,Desktop,Clothing,Bank Transfer
TXN103579,2789.91,1,0.42,2049,27,Nigeria,Mobile,Fuel,Bank Transfer
TXN103580,67830.78,18,6.42,1153,26,United States,Mobile,Fuel,Mobile Money
TXN103581,30679.17,11,2.6,3206,26,Nigeria,Mobile,Fuel,Card
TXN103582,55291.11,19,2.44,3232,23,Nigeria,Mobile,Fuel,Card
TXN103583,2385.36,3,4.07,3490,17,United States,Mobile,Clothing,Bank Transfer
TXN103584,8701.53,2,3.43,3422,24,Ghana,Tablet,Fuel,Card
TXN103585,2222.73,4,13.85,467,21,Nigeria,Tablet,Restaurant,Card
TXN103586,4041.23,2,2.48,1072,21,Ghana,Desktop,Travel,Mobile Money
TXN103587,3235.29,14,9.4,2302,30,South Africa,Mobile,Clothing,Card
TXN103588,27989.48,18,51.6,1671,18,Nigeria,Mobile,Clothing,Bank Transfer
TXN103589,5452.18,1,6.8,3067,24,United Kingdom,Mobile,Electronics,Bank Transfer
TXN103590,23585.31,11,12.32,2537,21,United States,Mobile,Travel,Card
TXN103591,14825.75,4,41.83,2471,32,Ghana,Mobile,Healthcare,Card
TXN103592,81116.26,21,1.78,3327,30,Kenya,Desktop,Electronics,Card
TXN103593,1845.59,16,6.51,2989,26,United Kingdom,Desktop,Restaurant,Card
TXN103594,28544.89,13,22.78,1413,33,Nigeria,Desktop,Fuel,Digital Wallet
TXN103595,25500.18,21,32.31,1483,22,United States,Mobile,Healthcare,Mobile Money
TXN103596,3061.38,9,11.03,44,27,Kenya,Desktop,Healthcare,Bank Transfer
TXN103597,22184.15,2,1.86,2637,24,Nigeria,Mobile,Fuel,Card
TXN103598,11340.61,3,27.81,1704,34,Kenya,Desktop,Online Services,Card
TXN103599,6454.44,5,2.3,1033,29,Nigeria,Mobile,Fuel,Mobile Money
TXN103600,3554.84,23,5.22,3647,17,Nigeria,Mobile,Grocery,Digital Wallet
TXN103601,3947.71,21,5.65,2491,19,South Africa,Mobile,Restaurant,Card
TXN103602,62932.13,15,7.12,1408,25,Ghana,Mobile,Travel,Digital Wallet
TXN103603,8108.62,6,18.74,1510,21,South Africa,Tablet,Online Services,Card
TXN103604,17714.34,14,19.44,1775,22,Nigeria,Mobile,Restaurant,Card
TXN103605,3674.24,20,15.26,3632,32,Nigeria,Tablet,Travel,Card
TXN103606,3715.05,19,0.27,3076,23,South Africa,Mobile,Online Services,Mobile Money
TXN103607,23908.39,10,9.98,3297,29,United States,Mobile,Electronics,Bank Transfer
TXN103608,2101.54,21,16.52,1891,25,United Kingdom,Mobile,Clothing,Mobile Money
TXN103609,5349.65,20,7.06,144,17,United Kingdom,Mobile,Restaurant,Card
TXN103610,8383.56,0,34.79,3518,26,Nigeria,Mobile,Fuel,Bank Transfer
TXN103611,9057.72,4,20.83,1405,37,United Kingdom,Mobile,Restaurant,Card
TXN103612,6774.4,12,12.2,1005,24,Nigeria,Desktop,Online Services,Card
TXN103613,12037.95,20,0.77,3176,25,Nigeria,Mobile,Clothing,Card
TXN103614,16201.45,13,12.68,1715,16,Nigeria,Mobile,Restaurant,Mobile Money
TXN103615,16892.71,8,29.11,2113,31,United Kingdom,Mobile,Fuel,Bank Transfer
TXN103616,3023.58,16,5.73,2319,23,Nigeria,Desktop,Restaurant,Card
TXN103617,6098.79,14,21.85,1716,23,Nigeria,Desktop,Online Services,Card
TXN103618,26762.66,20,4.51,92,24,Nigeria,Mobile,Healthcare,Mobile Money
TXN103619,19823.97,6,10.13,2743,31,Ghana,Mobile,Grocery,Card
TXN103620,2053.17,21,12.54,538,25,United Kingdom,Mobile,Online Services,Digital Wallet
TXN103621,11515.85,21,13.6,217,22,Nigeria,Tablet,Online Services,Digital Wallet
TXN103622,1120.77,11,25.7,2812,22,Nigeria,Mobile,Healthcare,Bank Transfer
TXN103623,8492.47,22,3.21,122,19,Nigeria,Desktop,Online Services,Bank Transfer
TXN103624,54055.52,5,3.65,34,33,Nigeria,Mobile,Grocery,Bank Transfer
TXN103625,3140.41,20,14.61,3539,26,Nigeria,Mobile,Fuel,Card
TXN103626,3518.1,15,2.34,3267,18,Nigeria,Tablet,Clothing,Card
TXN103627,17396.6,4,7.49,3547,19,Ghana,Mobile,Electronics,Card
TXN103628,1732.29,8,0.24,2102,29,Nigeria,Desktop,Restaurant,Digital Wallet
TXN103629,4303.76,13,1.82,2585,25,United Kingdom,Mobile,Healthcare,Mobile Money
TXN103630,14712.33,7,13.63,127,23,United States,Mobile,Online Services,Card
TXN103631,4297.18,13,16.51,1321,21,Nigeria,Desktop,Restaurant,Bank Transfer
TXN103632,6399.85,11,1.47,2739,29,Nigeria,Tablet,Electronics,Card
TXN103633,17054.78,9,3.1,3494,33,South Africa,Desktop,Restaurant,Mobile Money
TXN103634,12351.66,19,1.25,1817,25,Nigeria,Mobile,Electronics,Card
TXN103635,10581.03,19,6.82,1338,34,Nigeria,Mobile,Clothing,Bank Transfer
TXN103636,5772.6,20,1.62,713,31,Nigeria,Mobile,Clothing,Card
TXN103637,11731.83,12,6.9,1162,30,United States,Mobile,Healthcare,Bank Transfer
TXN103638,7160.01,18,15.81,56,28,Kenya,Mobile,Electronics,Card
TXN103639,12807.75,14,13.8,1811,31,Nigeria,Mobile,Electronics,Card
TXN103640,4929.87,7,3.95,2132,20,Nigeria,Desktop,Healthcare,Bank Transfer
TXN103641,6750.9,22,13.44,3234,27,Nigeria,Desktop,Healthcare,Bank Transfer
TXN103642,3011.04,20,31.53,3153,24,Nigeria,Desktop,Travel,Digital Wallet
TXN103643,7824.32,9,5.12,3594,29,Nigeria,Tablet,Grocery,Bank Transfer
TXN103644,3601.12,2,4.79,810,25,United Kingdom,Mobile,Fuel,Bank Transfer
TXN103645,2659.66,20,10.17,2375,29,Nigeria,Desktop,Grocery,Digital Wallet
TXN103646,10495.07,2,3.38,3500,33,Nigeria,Desktop,Online Services,Mobile Money
TXN103647,10024.02,4,12.65,1644,29,Nigeria,Tablet,Restaurant,Bank Transfer
TXN103648,17727.52,15,21.42,1071,29,Nigeria,Mobile,Restaurant,Bank Transfer
TXN103649,5265.2,16,7.38,2895,21,United States,Mobile,Electronics,Digital Wallet
TXN103650,12186.12,5,13.65,1823,31,Nigeria,Desktop,Online Services,Bank Transfer
TXN103651,14055.9,19,12.66,884,28,Nigeria,Tablet,Electronics,Mobile Money
TXN103652,12641.92,19,0.47,1672,33,Nigeria,Desktop,Healthcare,Card
TXN103653,3548.73,15,2.43,1962,32,Nigeria,Desktop,Healthcare,Mobile Money
TXN103654,9408.45,23,26.88,2056,29,United States,Mobile,Grocery,Card
TXN103655,11662.58,1,33.54,2017,25,Nigeria,Desktop,Online Services,Card
TXN103656,8161.46,19,18.19,2636,33,Nigeria,Desktop,Healthcare,Mobile Money
TXN103657,1005.78,14,30.5,1299,35,Nigeria,Desktop,Online Services,Bank Transfer
TXN103658,9513.71,17,4.39,2580,30,South Africa,Desktop,Restaurant,Card
TXN103659,74052.61,0,3.42,1142,26,Ghana,Mobile,Healthcare,Card
TXN103660,5653.11,18,5.82,2280,22,Kenya,Desktop,Healthcare,Card
TXN103661,3912.47,11,0.68,3023,28,Nigeria,Mobile,Fuel,Card
TXN103662,11770.46,7,19.92,269,25,United Kingdom,Tablet,Grocery,Card
TXN103663,,5,49.75,519,16,Nigeria,Mobile,Clothing,Card
TXN103664,26708.45,11,20.85,1066,28,Nigeria,Mobile,Grocery,Card
TXN103665,2303.38,6,9.72,2726,29,Kenya,Tablet,Grocery,Mobile Money
TXN103666,16837.78,17,4.2,1368,31,Nigeria,Mobile,Electronics,Card
TXN103667,14624.04,21,2.64,2066,31,Nigeria,Mobile,Restaurant,Card
TXN103668,,13,5.43,714,23,Nigeria,Desktop,Fuel,Digital Wallet
TXN103669,11369.47,7,13.19,3299,32,Nigeria,Mobile,Clothing,Mobile Money
TXN103670,22684.96,23,7.11,2056,8,Nigeria,Mobile,Grocery,Card
TXN103671,19386.17,19,32.63,2320,22,Ghana,Desktop,Grocery,Card
TXN103672,2583.71,21,23.11,2584,27,Nigeria,Mobile,Electronics,Bank Transfer
TXN103673,18400.96,13,1.3,3144,27,Ghana,Mobile,Online Services,Card
TXN103674,7595.5,4,1.69,3431,23,United Kingdom,Mobile,Travel,Mobile Money
TXN103675,8715.64,8,13.53,1644,25,Nigeria,Mobile,Restaurant,Card
TXN103676,8718.45,7,3.15,3530,18,Nigeria,Mobile,Restaurant,Digital Wallet
TXN103677,6972.69,1,18.79,1797,21,United Kingdom,Mobile,Restaurant,Bank Transfer
TXN103678,26681.01,15,10.74,642,28,Kenya,Desktop,Grocery,Card
TXN103679,7452.33,12,3.13,191,28,Nigeria,Mobile,Healthcare,Card
TXN103680,2645.07,6,7.82,685,28,Nigeria,Mobile,Grocery,Bank Transfer
TXN103681,5466.92,15,6.25,3036,32,Kenya,Mobile,Grocery,Card
TXN103682,9688.5,6,24.78,650,26,Ghana,Mobile,Healthcare,Card
TXN103683,27700.75,13,0.39,3536,24,Ghana,Mobile,Online Services,Card
TXN103684,14810.54,13,27.14,1286,32,Ghana,Mobile,Travel,Bank Transfer
TXN103685,3461.53,11,12.67,2188,25,South Africa,Tablet,Grocery,Bank Transfer
TXN103686,97264.56,0,16.05,1981,39,Nigeria,Mobile,Healthcare,Card
TXN103687,10559.44,0,0.03,3011,28,Kenya,Mobile,Restaurant,Bank Transfer
TXN103688,29009.85,11,11.87,1285,29,United States,Desktop,Online Services,Bank Transfer
TXN103689,6962.44,19,10.65,2005,17,Nigeria,Mobile,Healthcare,Digital Wallet
TXN103690,13812.91,20,9.25,779,22,South Africa,Mobile,Healthcare,Mobile Money
TXN103691,18759.74,14,18.49,738,27,Nigeria,Mobile,Healthcare,Digital Wallet
TXN103692,27397.16,3,9.74,2350,24,Nigeria,Tablet,Restaurant,Digital Wallet
TXN103693,23327.04,6,23.35,1651,26,United States,Tablet,Electronics,Card
TXN103694,19383.88,15,3.18,2884,31,Nigeria,Mobile,Travel,Bank Transfer
TXN103695,5913.03,2,19.68,70,19,Nigeria,Mobile,Clothing,Card
TXN103696,4574.51,6,2.37,589,16,Nigeria,Mobile,Grocery,Bank Transfer
TXN103697,11300.56,23,20.13,495,14,Nigeria,Desktop,Fuel,Card
TXN103698,20601.68,21,33.85,1130,21,Ghana,Mobile,Clothing,Bank Transfer
TXN103699,6485.21,5,4.91,1743,27,Nigeria,Mobile,Grocery,Card
TXN103700,23509.78,15,9.06,519,22,Nigeria,Desktop,Travel,Card
TXN103701,34634.89,23,12.89,146,24,Nigeria,Mobile,Travel,Card
TXN103702,3241.14,7,0.99,2511,25,Nigeria,Mobile,Healthcare,Digital Wallet
TXN103703,3508.98,22,8.18,3120,20,Ghana,Desktop,Restaurant,Card
TXN103704,7041.84,21,5.37,3071,19,Ghana,Desktop,Travel,Digital Wallet
TXN103705,11021.6,5,24.71,1624,24,Nigeria,Desktop,Online Services,Card
TXN103706,4795.5,9,25.12,225,33,Nigeria,Tablet,Online Services,Bank Transfer
TXN103707,31325.97,15,14.48,648,19,South Africa,Mobile,Fuel,Card
TXN103708,,10,12.8,1504,30,Nigeria,Mobile,Clothing,Card
TXN103709,8429.11,12,15.88,2502,24,Nigeria,Mobile,Healthcare,Digital Wallet
TXN103710,1927.71,5,5.47,3495,26,South Africa,Mobile,Clothing,Card
TXN103711,,23,6.22,1337,26,Nigeria,Mobile,Travel,Card
TXN103712,10732.26,0,9.68,63,27,Nigeria,Mobile,Healthcare,Bank Transfer
TXN103713,960.45,20,33.37,2372,23,Nigeria,Mobile,Clothing,Mobile Money
TXN103714,22306.59,18,15.45,3084,27,Nigeria,Mobile,Online Services,Digital Wallet
TXN103715,6917.75,11,9.61,1304,24,Nigeria,Mobile,Grocery,Mobile Money
TXN103716,207542.82,23,17.66,368,25,United States,Mobile,Electronics,Bank Transfer
TXN103717,81463.98,5,5.56,2695,22,Nigeria,Desktop,Fuel,Card
TXN103718,6758.46,17,15.73,3541,24,Ghana,Mobile,Online Services,Bank Transfer
TXN103719,7285.66,12,6.35,209,23,United Kingdom,Mobile,Restaurant,Bank Transfer
TXN103720,21929.36,6,3.94,651,28,Ghana,Tablet,Electronics,Card
TXN103721,44496.8,22,11.29,3329,27,Ghana,Desktop,Clothing,Bank Transfer
TXN103722,1574.94,12,13.93,1686,29,Ghana,Mobile,Restaurant,Card
TXN103723,1357.8,20,7.38,2696,26,Nigeria,Mobile,Fuel,Bank Transfer
TXN103724,4350.15,7,10.0,672,23,South Africa,Mobile,Electronics,Card
TXN103725,14512.09,20,14.21,2100,19,Nigeria,Mobile,Electronics,Card
TXN103726,13318.02,16,17.52,1710,26,United Kingdom,Mobile,Clothing,Bank Transfer
TXN103727,23618.17,8,27.11,1380,22,Ghana,Mobile,Restaurant,Card
TXN103728,2441.34,19,5.25,1207,35,United Kingdom,Mobile,Healthcare,Card
TXN103729,799.4,12,36.31,648,19,Nigeria,Mobile,Online Services,Card
TXN103730,19110.9,1,12.17,1199,26,United Kingdom,Mobile,Online Services,Card
TXN103731,3539.72,3,18.6,281,23,Nigeria,Mobile,Restaurant,Card
TXN103732,1076.55,1,14.44,331,26,Kenya,Tablet,Electronics,Mobile Money
TXN103733,9368.08,3,2.76,3171,28,Nigeria,Mobile,Restaurant,Card
TXN103734,17911.1,17,0.89,1596,26,Kenya,Mobile,Fuel,Bank Transfer
TXN103735,7172.02,4,15.55,3194,22,Ghana,Mobile,Online Services,Bank Transfer
TXN103736,5126.36,18,8.59,2240,19,Nigeria,Mobile,Restaurant,Mobile Money
TXN103737,6909.4,9,14.54,3182,28,Nigeria,Mobile,Grocery,Card
TXN103738,5593.82,17,7.77,3164,17,Nigeria,Mobile,Clothing,Digital Wallet
TXN103739,2104.75,20,4.49,641,19,Ghana,Mobile,Online Services,Digital Wallet
TXN103740,3965.23,9,4.03,3537,24,South Africa,Desktop,Clothing,Card
TXN103741,13647.07,4,15.74,1101,29,Nigeria,Mobile,Grocery,Bank Transfer
TXN103742,11177.73,16,3.89,2522,19,Nigeria,Mobile,Fuel,Card
TXN103743,9586.01,21,15.05,1973,15,Ghana,Tablet,Fuel,Card
TXN103744,2995.46,12,5.81,103,26,Nigeria,Mobile,Electronics,Card
TXN103745,6758.1,22,17.68,2903,30,United States,Mobile,Travel,Mobile Money
TXN103746,918.68,16,1.85,1757,30,Nigeria,Mobile,Online Services,Bank Transfer
TXN103747,9686.39,8,2.75,571,27,Nigeria,Mobile,Electronics,Card
TXN103748,33821.69,23,13.9,186,21,Nigeria,Mobile,Grocery,Card
TXN103749,1855.42,11,9.86,3588,22,Nigeria,Mobile,Restaurant,Bank Transfer
TXN103750,4510.09,13,2.74,1319,33,Nigeria,Mobile,Grocery,Card
TXN103751,11261.07,13,27.98,285,30,Nigeria,Mobile,Clothing,Digital Wallet
TXN103752,28363.05,7,3.87,3140,18,Nigeria,Mobile,Restaurant,Bank Transfer
TXN103753,5175.94,22,6.56,3156,23,Ghana,Desktop,Electronics,Bank Transfer
TXN103754,4055.18,4,2.71,1081,29,Ghana,Desktop,Restaurant,Bank Transfer
TXN103755,1131.25,18,5.89,966,19,Nigeria,Mobile,Clothing,Digital Wallet
TXN103756,8986.14,13,8.12,2195,29,Ghana,Tablet,Grocery,Mobile Money
TXN103757,,8,4.2,2447,21,United States,Desktop,Fuel,Card
TXN103758,10693.15,6,17.59,2286,34,United States,Desktop,Electronics,Card
TXN103759,7924.55,7,6.01,2664,29,United Kingdom,Mobile,Travel,Card
TXN103760,11182.24,13,15.69,2926,22,South Africa,Desktop,Fuel,Digital Wallet
TXN103761,8013.7,21,2.78,1921,25,Nigeria,Tablet,Healthcare,Card
TXN103762,3593.87,13,5.68,1611,24,Nigeria,Mobile,Travel,Card
TXN103763,18458.49,10,0.1,345,20,Nigeria,Desktop,Grocery,Card
TXN103764,10155.41,13,17.06,3494,29,Ghana,Desktop,Electronics,Card
TXN103765,8247.07,20,11.8,2521,22,United Kingdom,Mobile,Fuel,Bank Transfer
TXN103766,3055.3,7,20.43,1805,29,Nigeria,Mobile,Fuel,Card
TXN103767,29837.1,2,7.3,3360,21,Nigeria,Mobile,Electronics,Card
TXN103768,15751.69,22,19.3,2000,28,Ghana,Mobile,Restaurant,Card
TXN103769,4661.44,17,12.52,1251,26,Nigeria,Mobile,Fuel,Card
TXN103770,22066.7,2,0.04,1752,23,Nigeria,Mobile,Online Services,Card
TXN103771,4926.72,12,3.51,2705,26,Nigeria,Mobile,Grocery,Mobile Money
TXN103772,3707.07,11,8.17,2522,14,United States,Tablet,Restaurant,Card
TXN103773,3790.67,14,11.57,599,27,Nigeria,Mobile,Grocery,Card
TXN103774,1378.75,17,0.81,2659,27,Nigeria,Mobile,Clothing,Mobile Money
TXN103775,12984.9,4,14.65,2682,18,Nigeria,Mobile,Grocery,Digital Wallet
TXN103776,1298.36,6,9.41,2818,27,Nigeria,Desktop,Restaurant,Bank Transfer
TXN103777,2372.16,10,8.95,937,27,Nigeria,Mobile,Electronics,Card
TXN103778,1016.8,10,4.14,678,21,Nigeria,Desktop,Healthcare,Mobile Money
TXN103779,7434.82,14,10.84,1670,25,Nigeria,Mobile,Grocery,Card
TXN103780,6972.15,9,0.33,2382,24,Nigeria,Mobile,Fuel,Digital Wallet
TXN103781,5844.78,14,0.8,368,24,Ghana,Mobile,Healthcare,Digital Wallet
TXN103782,2856.7,12,15.89,558,11,Nigeria,Mobile,Electronics,Bank Transfer
TXN103783,2509.32,13,4.66,2131,23,United Kingdom,Desktop,Clothing,Card
TXN103784,12892.1,16,5.11,1165,29,Nigeria,Mobile,Travel,Card
TXN103785,4672.49,12,2.8,2761,21,Nigeria,Mobile,Healthcare,Digital Wallet
TXN103786,11118.42,9,7.08,1981,22,United Kingdom,Desktop,Travel,Mobile Money
TXN103787,3343.43,0,0.64,448,22,Nigeria,Mobile,Restaurant,Card
TXN103788,9711.47,0,4.29,2382,26,Nigeria,Mobile,Grocery,Card
TXN103789,29830.24,14,8.99,3539,26,Nigeria,Tablet,Clothing,Bank Transfer
TXN103790,14561.93,15,7.52,1709,26,United Kingdom,Mobile,Clothing,Digital Wallet
TXN103791,5364.65,11,96.18,114,30,South Africa,Desktop,Electronics,Mobile Money
TXN103792,10479.74,23,5.91,3625,30,Nigeria,Desktop,Online Services,Card
TXN103793,6369.87,5,5.87,2329,21,Kenya,Mobile,Fuel,Card
TXN103794,8167.19,5,8.4,1781,25,Nigeria,Mobile,Restaurant,Card
TXN103795,5851.12,11,2.53,155,23,United Kingdom,Mobile,Clothing,Digital Wallet
TXN103796,6875.12,14,25.08,2687,21,Nigeria,Mobile,Grocery,Card
TXN103797,10017.55,3,10.19,2057,31,United Kingdom,Desktop,Clothing,Mobile Money
TXN103798,3000.82,23,2.56,1458,26,Nigeria,Mobile,Travel,Card
TXN103799,2934.0,3,18.93,2381,17,Nigeria,Mobile,Restaurant,Card
TXN103800,2021.22,1,0.42,3129,25,Nigeria,Mobile,Electronics,Bank Transfer
TXN103801,1635.54,23,48.59,2925,19,Kenya,Mobile,Fuel,Mobile Money
TXN103802,2398.78,11,24.04,1319,21,Kenya,Desktop,Grocery,Card
TXN103803,9503.95,6,10.4,3153,27,Nigeria,Desktop,Travel,Card
TXN103804,3318.32,19,1.42,2732,13,Kenya,Desktop,Clothing,Bank Transfer
TXN103805,13542.86,8,2.91,673,26,Ghana,Desktop,Restaurant,Mobile Money
TXN103806,8389.31,8,3.93,2935,21,South Africa,Mobile,Restaurant,Bank Transfer
TXN103807,1131.72,7,3.31,2588,25,Nigeria,Mobile,Grocery,Card
TXN103808,15599.21,13,8.26,2284,24,Nigeria,Mobile,Electronics,Bank Transfer
TXN103809,18229.54,0,34.71,603,18,Nigeria,Tablet,Travel,Digital Wallet
TXN103810,2999.31,22,7.05,2952,22,Nigeria,Mobile,Online Services,Digital Wallet
TXN103811,12334.94,20,13.0,2588,34,Kenya,Tablet,Electronics,Bank Transfer
TXN103812,3440.95,22,14.0,2051,20,Kenya,Desktop,Fuel,Digital Wallet
TXN103813,8934.45,11,24.63,1697,29,Kenya,Desktop,Fuel,Card
TXN103814,2288.16,1,0.41,2278,26,Nigeria,Mobile,Grocery,Bank Transfer
TXN103815,1348.7,12,6.22,2900,27,Kenya,Mobile,Grocery,Mobile Money
TXN103816,5525.8,3,18.43,1337,23,Nigeria,Mobile,Travel,Card
TXN103817,7160.04,19,20.24,3458,27,United States,Mobile,Restaurant,Digital Wallet
TXN103818,5444.28,17,31.46,3148,28,Nigeria,Tablet,Healthcare,Card
TXN103819,2479.89,18,14.56,3097,27,Ghana,Desktop,Restaurant,Card
TXN103820,5432.21,15,3.37,166,31,South Africa,Desktop,Travel,Card
TXN103821,10607.27,13,8.45,159,23,United Kingdom,Mobile,Electronics,Card
TXN103822,7747.36,7,0.39,1248,25,Nigeria,Mobile,Fuel,Bank Transfer
TXN103823,9725.45,11,12.49,1047,21,Nigeria,Desktop,Travel,Card
TXN103824,4145.94,8,9.7,3465,31,Nigeria,Mobile,Online Services,Card
TXN103825,26152.97,5,13.19,461,33,Nigeria,Desktop,Healthcare,Mobile Money
TXN103826,2499.45,17,31.94,3170,25,Kenya,Desktop,Restaurant,Card
TXN103827,13194.57,1,13.95,3559,34,United States,Mobile,Healthcare,Mobile Money
TXN103828,26420.38,22,4.64,2617,20,Nigeria,Mobile,Electronics,Card
TXN103829,13107.08,7,2.66,2412,25,Ghana,Desktop,Clothing,Bank Transfer
TXN103830,6617.52,23,23.14,2603,34,United Kingdom,Mobile,Electronics,Card
TXN103831,4777.64,13,2.59,2635,24,Nigeria,Mobile,Fuel,Bank Transfer
TXN103832,22835.87,5,2.12,938,22,Nigeria,Mobile,Healthcare,Mobile Money
TXN103833,1952.81,9,2.78,3117,30,United Kingdom,Mobile,Restaurant,Digital Wallet
TXN103834,3071.36,7,8.53,2043,31,United Kingdom,Desktop,Grocery,Card
TXN103835,5444.94,16,1.59,3557,23,Nigeria,Mobile,Electronics,Bank Transfer
TXN103836,27935.51,11,33.39,2587,18,Nigeria,Desktop,Fuel,Bank Transfer
TXN103837,11846.26,16,40.67,238,24,Nigeria,Mobile,Healthcare,Digital Wallet
TXN103838,3077.75,12,43.7,3259,22,Ghana,Tablet,Healthcare,Mobile Money
TXN103839,5941.35,18,0.48,3438,25,Nigeria,Tablet,Electronics,Card
TXN103840,4383.82,11,35.07,2014,28,Nigeria,Desktop,Healthcare,Bank Transfer
TXN103841,3984.67,15,71.5,3342,26,South Africa,Mobile,Grocery,Card
TXN103842,21566.35,4,34.26,87,23,South Africa,Mobile,Restaurant,Mobile Money
TXN103843,2055.46,15,13.34,2037,29,United Kingdom,Mobile,Clothing,Mobile Money
TXN103844,40488.81,5,14.5,2893,20,Nigeria,Mobile,Clothing,Digital Wallet
TXN103845,18550.09,10,1.56,3406,24,Nigeria,Mobile,Fuel,Bank Transfer
TXN103846,24121.57,16,24.89,1398,24,United Kingdom,Desktop,Travel,Bank Transfer
TXN103847,5100.33,22,0.74,1067,23,Kenya,Mobile,Clothing,Card
TXN103848,6974.8,13,4.59,1412,22,South Africa,Mobile,Clothing,Bank Transfer
TXN103849,1933.04,5,56.73,406,27,United States,Mobile,Electronics,Card
TXN103850,4795.04,22,6.58,2320,28,United Kingdom,Tablet,Travel,Mobile Money
TXN103851,13275.23,10,1.69,1022,30,Nigeria,Mobile,Clothing,Card
TXN103852,29615.79,11,41.8,3246,25,Nigeria,Mobile,Electronics,Card
TXN103853,2678.05,12,49.73,2968,20,Ghana,Tablet,Travel,Mobile Money
TXN103854,5622.29,3,2.48,444,27,Ghana,Mobile,Electronics,Digital Wallet
TXN103855,6965.33,6,24.01,423,24,Nigeria,Desktop,Healthcare,Bank Transfer
TXN103856,2006.63,1,5.94,758,22,South Africa,Mobile,Grocery,Mobile Money
TXN103857,14637.61,5,5.76,387,15,Nigeria,Mobile,Restaurant,Mobile Money
TXN103858,3928.49,5,3.66,1629,29,South Africa,Mobile,Restaurant,Card
TXN103859,6664.9,17,0.55,1211,30,,Desktop,Restaurant,Card
TXN103860,5156.69,19,3.74,2751,31,Nigeria,Mobile,Clothing,Digital Wallet
TXN103861,3679.98,7,0.66,2095,18,United Kingdom,Mobile,Restaurant,Digital Wallet
TXN103862,8046.2,7,30.98,2805,24,Nigeria,Mobile,Restaurant,Card
TXN103863,6531.49,7,13.01,2638,31,Nigeria,Mobile,Healthcare,Card
TXN103864,5586.69,7,26.12,1621,15,Nigeria,Mobile,Travel,Digital Wallet
TXN103865,3910.96,0,15.16,3448,21,United Kingdom,Tablet,Fuel,Mobile Money
TXN103866,11153.68,1,1.69,3159,27,United Kingdom,Tablet,Travel,Card
TXN103867,42345.49,11,33.88,184,25,United States,Mobile,Online Services,Card
TXN103868,9319.71,14,27.62,1620,29,United Kingdom,Mobile,Travel,Digital Wallet
TXN103869,21941.13,3,5.13,3588,34,South Africa,Mobile,Clothing,Card
TXN103870,2017.83,2,1.42,1584,24,Nigeria,Tablet,Fuel,Card
TXN103871,9487.79,13,14.62,516,22,Nigeria,Mobile,Online Services,Bank Transfer
TXN103872,2704.39,21,15.64,2228,21,Nigeria,Mobile,Online Services,Card
TXN103873,1850.25,22,27.26,1412,26,Ghana,Desktop,Restaurant,Card
TXN103874,3868.53,7,0.65,2445,35,South Africa,Mobile,Clothing,Card
TXN103875,26686.13,12,1.83,1100,30,Nigeria,Mobile,Fuel,Card
TXN103876,20952.55,22,10.94,2284,31,Nigeria,Mobile,Fuel,Mobile Money
TXN103877,10332.04,18,11.58,2527,28,Nigeria,Mobile,Clothing,Bank Transfer
TXN103878,1749.87,21,0.41,1536,24,Nigeria,Desktop,Healthcare,Card
TXN103879,6658.97,4,6.07,1905,26,Kenya,Mobile,Clothing,Card
TXN103880,10956.63,12,10.53,953,24,Ghana,Mobile,Clothing,Card
TXN103881,9657.95,19,16.07,2774,25,South Africa,Mobile,Clothing,Card
TXN103882,1282.04,0,4.56,2647,37,Nigeria,Desktop,Clothing,Mobile Money
TXN103883,3326.52,15,7.94,2220,32,United States,Desktop,Healthcare,Card
TXN103884,7600.14,22,20.19,3501,27,Nigeria,Mobile,Online Services,Bank Transfer
TXN103885,13853.47,23,36.92,3198,18,Nigeria,Mobile,Restaurant,Mobile Money
TXN103886,901.33,1,3.14,1100,23,Kenya,Mobile,Travel,Card
TXN103887,6890.34,6,3.5,220,26,Nigeria,Mobile,Online Services,Card
TXN103888,9349.23,5,33.72,169,41,Nigeria,Mobile,Electronics,Digital Wallet
TXN103889,18951.0,4,6.05,644,23,Nigeria,Mobile,Fuel,Digital Wallet
TXN103890,16201.48,3,15.21,3332,22,Ghana,Tablet,Electronics,Digital Wallet
TXN103891,14509.68,1,11.37,3441,29,United Kingdom,Mobile,Healthcare,Bank Transfer
TXN103892,3641.17,9,4.04,3002,24,Ghana,Mobile,Electronics,Digital Wallet
TXN103893,1202.31,21,12.72,1544,24,Ghana,Desktop,Fuel,Mobile Money
TXN103894,5469.53,4,12.79,3150,29,Nigeria,Mobile,Grocery,Card
TXN103895,22062.44,17,10.77,653,36,Nigeria,Mobile,Travel,Bank Transfer
TXN103896,32645.25,9,1.26,3554,16,Nigeria,Mobile,Restaurant,Card
TXN103897,16490.65,22,64.0,1369,24,United Kingdom,Mobile,Clothing,Bank Transfer
TXN103898,12448.32,21,6.14,1375,22,Nigeria,Tablet,Electronics,Card
TXN103899,11844.75,14,12.2,116,36,United States,Mobile,Fuel,Card
TXN103900,4646.55,8,26.03,1947,26,Nigeria,Mobile,Travel,Card
TXN103901,7114.85,10,6.6,3575,29,Kenya,Tablet,Restaurant,Card
TXN103902,43004.91,20,17.84,311,24,United States,Mobile,Electronics,Bank Transfer
TXN103903,3157.2,16,42.83,2841,24,Nigeria,Mobile,Travel,Bank Transfer
TXN103904,40732.39,20,5.34,1127,28,South Africa,Mobile,Fuel,Card
TXN103905,5872.12,8,6.24,482,34,Nigeria,Tablet,Online Services,Mobile Money
TXN103906,30498.48,22,28.32,76,26,,Mobile,Healthcare,Bank Transfer
TXN103907,1984.62,15,2.09,1641,16,Nigeria,Mobile,Restaurant,Bank Transfer
TXN103908,14558.12,5,0.35,3197,24,United Kingdom,Mobile,Fuel,Card
TXN103909,3878.6,21,28.75,3015,27,Nigeria,Tablet,Online Services,Mobile Money
TXN103910,1967.92,10,20.68,2108,20,Nigeria,Desktop,Healthcare,Bank Transfer
TXN103911,10082.27,22,43.16,2611,27,United States,Mobile,Travel,Digital Wallet
TXN103912,22236.09,16,0.72,2094,13,Nigeria,Desktop,Clothing,Card
TXN103913,3480.94,3,2.04,3313,22,Nigeria,Desktop,Travel,Card
TXN103914,1809.82,14,1.34,1713,15,United States,Desktop,Travel,Card
TXN103915,7392.01,0,13.8,1288,22,Nigeria,Desktop,Healthcare,Card
TXN103916,7424.68,21,11.18,421,35,Nigeria,Mobile,Grocery,Card
TXN103917,14021.11,19,5.34,3084,25,United Kingdom,Mobile,Clothing,Digital Wallet
TXN103918,20943.73,0,0.71,383,18,Nigeria,Desktop,Online Services,Bank Transfer
TXN103919,7635.66,8,12.25,334,24,Nigeria,Mobile,Travel,Card
TXN103920,51818.54,11,10.13,1652,16,Nigeria,Mobile,Healthcare,Mobile Money
TXN103921,10139.91,3,1.44,1603,20,Kenya,Mobile,Clothing,Card
TXN103922,5730.59,21,28.75,1593,26,Nigeria,Desktop,Travel,Card
TXN103923,1617.17,12,2.66,1642,24,Nigeria,Desktop,Fuel,Bank Transfer
TXN103924,6231.3,6,16.33,1978,29,Nigeria,Mobile,Clothing,Bank Transfer
TXN103925,5788.41,7,25.96,2586,23,Nigeria,Desktop,Restaurant,Bank Transfer
TXN103926,21169.25,12,10.4,741,26,Kenya,Desktop,Fuel,Card
TXN103927,12867.8,10,3.4,1448,22,Nigeria,Tablet,Healthcare,Card
TXN103928,2491.48,8,4.44,3532,20,Ghana,Mobile,Electronics,Digital Wallet
TXN103929,9626.3,23,26.03,2762,22,Nigeria,Mobile,Grocery,Digital Wallet
TXN103930,15859.61,15,4.25,815,22,Nigeria,Desktop,Electronics,Card
TXN103931,37347.88,9,16.45,886,34,Nigeria,Mobile,Travel,Bank Transfer
TXN103932,19682.87,10,55.46,206,29,Nigeria,Mobile,Travel,Card
TXN103933,17341.31,11,103.25,1459,30,Nigeria,Mobile,Restaurant,Card
TXN103934,8604.89,13,9.15,2378,16,Ghana,Desktop,Travel,Mobile Money
TXN103935,11947.91,18,21.02,2522,32,Kenya,Mobile,Online Services,Bank Transfer
TXN103936,28268.54,11,55.57,3228,26,Nigeria,Mobile,Clothing,Mobile Money
TXN103937,2137.14,17,5.63,3450,21,Ghana,Mobile,Healthcare,Bank Transfer
TXN103938,5713.35,20,3.49,2098,28,United States,Mobile,Online Services,Bank Transfer
TXN103939,3742.21,16,1.46,3093,31,Nigeria,Tablet,Electronics,Card
TXN103940,11838.98,2,1.82,740,18,Nigeria,Mobile,Fuel,Mobile Money
TXN103941,27728.67,0,23.05,2778,37,South Africa,Mobile,Travel,Digital Wallet
TXN103942,4460.54,18,10.66,1897,28,Nigeria,Mobile,Restaurant,Bank Transfer
TXN103943,742.26,3,24.83,3521,18,South Africa,Mobile,Healthcare,Card
TXN103944,5365.68,22,18.7,181,34,United States,Tablet,Grocery,Digital Wallet
TXN103945,20200.72,15,13.44,3261,22,Nigeria,Tablet,Online Services,Card
TXN103946,13872.03,11,11.28,2936,25,United Kingdom,Mobile,Electronics,Card
TXN103947,12433.95,20,0.59,3581,32,Nigeria,Mobile,Restaurant,Card
TXN103948,6124.22,20,24.69,1496,28,Nigeria,Mobile,Restaurant,Card
TXN103949,2255.14,12,6.49,125,25,Nigeria,Mobile,Healthcare,Card
TXN103950,13565.63,16,9.85,3453,16,Nigeria,Mobile,Electronics,Bank Transfer
TXN103951,3518.25,7,0.27,1128,21,Nigeria,Mobile,Restaurant,Bank Transfer
TXN103952,71976.63,12,33.0,2955,28,Nigeria,Desktop,Healthcare,Bank Transfer
TXN103953,14335.69,19,27.96,669,25,Kenya,Desktop,Fuel,Bank Transfer
TXN103954,4533.96,4,9.4,3460,26,Nigeria,Mobile,Fuel,Bank Transfer
TXN103955,4396.72,17,10.33,1186,25,Nigeria,Desktop,Healthcare,Mobile Money
TXN103956,7383.89,14,14.65,2477,27,Nigeria,Desktop,Grocery,Digital Wallet
TXN103957,6377.29,11,3.69,3240,22,Nigeria,Mobile,Healthcare,Card
TXN103958,24756.26,16,3.01,2323,21,Nigeria,Tablet,Healthcare,Card
TXN103959,9763.6,14,13.45,3392,22,South Africa,Desktop,Grocery,Card
TXN103960,3898.58,1,1.32,141,28,Nigeria,Mobile,Travel,Card
TXN103961,53660.94,5,7.26,1223,19,Ghana,Tablet,Clothing,Digital Wallet
TXN103962,8512.65,16,8.15,1652,28,Nigeria,Mobile,Travel,Card
TXN103963,17480.47,15,5.76,1663,15,Kenya,Mobile,Clothing,Bank Transfer
TXN103964,4410.63,16,2.46,3341,23,Nigeria,Mobile,Electronics,Card
TXN103965,,19,5.27,3438,13,Nigeria,Desktop,Restaurant,Bank Transfer
TXN103966,11060.22,8,4.94,1191,25,Kenya,Mobile,Travel,Card
TXN103967,1224.58,4,8.3,1647,27,Nigeria,Mobile,Restaurant,Mobile Money
TXN103968,60795.75,22,13.48,1289,22,United Kingdom,Mobile,Travel,Digital Wallet
TXN103969,29455.75,0,41.39,1701,19,Kenya,Mobile,Travel,Card
TXN103970,5446.92,5,1.87,2871,16,Nigeria,Desktop,Grocery,Card
TXN103971,2691.17,23,24.76,3104,31,United Kingdom,Mobile,Healthcare,Card
TXN103972,11470.82,13,4.01,1624,31,United Kingdom,Mobile,Clothing,Bank Transfer
TXN103973,8836.96,16,10.74,2193,25,Nigeria,Desktop,Electronics,Card
TXN103974,11564.19,18,9.5,1525,34,Nigeria,Desktop,Fuel,Mobile Money
TXN103975,9814.12,0,9.77,3232,28,Ghana,Desktop,Restaurant,Card
TXN103976,13443.37,0,15.42,3011,24,Nigeria,Mobile,Travel,Card
TXN103977,34451.43,12,5.77,3584,24,Nigeria,Mobile,Healthcare,Bank Transfer
TXN103978,14301.26,13,4.61,3502,22,Ghana,Desktop,Restaurant,Card
TXN103979,2836.55,5,22.99,1254,22,Ghana,Mobile,Grocery,Bank Transfer
TXN103980,31652.2,5,2.98,321,33,Kenya,Desktop,Fuel,Card
TXN103981,41798.45,0,2.39,2419,26,Kenya,Mobile,Electronics,Mobile Money
TXN103982,189483.41,13,0.19,1044,25,Nigeria,Mobile,Clothing,Bank Transfer
TXN103983,2634.65,2,2.84,1663,26,Nigeria,Mobile,Clothing,Bank Transfer
TXN103984,10330.77,22,8.77,1269,26,Ghana,Mobile,Travel,Card
TXN103985,1010.2,9,9.28,1689,27,Nigeria,Mobile,Fuel,Card
TXN103986,14088.99,18,3.52,614,30,South Africa,Mobile,Electronics,Bank Transfer
TXN103987,4683.49,18,0.9,3467,29,Nigeria,Desktop,Clothing,Card
TXN103988,55461.58,18,16.38,1943,19,Nigeria,Mobile,Electronics,Card
TXN103989,3734.56,22,17.02,2056,22,Ghana,Mobile,Restaurant,Bank Transfer
TXN103990,1496.4,3,73.63,1522,26,Nigeria,Mobile,Grocery,Card
TXN103991,5058.05,19,27.63,3519,27,Nigeria,Mobile,Electronics,Mobile Money
TXN103992,1123.85,18,31.25,56,29,Nigeria,Mobile,Electronics,Digital Wallet
TXN103993,17173.1,9,19.21,1730,22,Nigeria,Desktop,Fuel,Card
TXN103994,1027.53,1,11.47,484,19,Nigeria,Mobile,Healthcare,Digital Wallet
TXN103995,8336.99,3,1.65,947,15,Nigeria,Mobile,Healthcare,Digital Wallet
TXN103996,1014.54,23,11.68,2657,27,Ghana,Mobile,Clothing,Card
TXN103997,5882.29,5,0.69,43,28,United Kingdom,Desktop,Online Services,Card
TXN103998,41914.12,6,25.99,2175,26,Nigeria,Mobile,Travel,Bank Transfer
TXN103999,11621.92,15,7.89,308,33,Nigeria,Mobile,Fuel,Bank Transfer
TXN104000,3416.96,6,14.35,1993,18,Kenya,Mobile,Travel,Card
TXN104001,7854.14,17,0.64,519,30,United Kingdom,Mobile,Online Services,Card
TXN104002,,19,9.17,1014,25,Nigeria,Mobile,Online Services,Card
TXN104003,12999.03,21,4.3,990,23,Nigeria,Mobile,Fuel,Bank Transfer
TXN104004,2065.53,18,4.03,1812,22,Nigeria,Mobile,Online Services,Card
TXN104005,14655.45,8,5.92,2701,22,Nigeria,Mobile,Restaurant,Mobile Money
TXN104006,542.19,19,0.01,2284,27,Ghana,Mobile,Healthcare,Digital Wallet
TXN104007,4316.13,9,7.54,1917,18,United States,Mobile,Clothing,Mobile Money
TXN104008,4972.74,12,8.0,1899,28,Kenya,Mobile,Clothing,Card
TXN104009,15265.14,17,23.86,3334,20,United States,Mobile,Grocery,Card
TXN104010,8288.55,15,7.14,1626,24,Nigeria,Mobile,Travel,Bank Transfer
TXN104011,1987.11,21,5.42,2674,18,United Kingdom,Desktop,Clothing,Digital Wallet
TXN104012,3026.03,16,62.99,2772,22,Nigeria,Mobile,Online Services,Mobile Money
TXN104013,9884.07,21,10.16,1292,30,Nigeria,Mobile,Restaurant,Bank Transfer
TXN104014,7487.07,12,7.68,279,26,Kenya,Desktop,Fuel,Card
TXN104015,4540.88,11,8.22,1636,25,Nigeria,Mobile,Grocery,Mobile Money
TXN104016,5009.87,9,19.88,769,25,Nigeria,Mobile,Healthcare,Mobile Money
TXN104017,16255.2,0,5.0,335,21,Kenya,Mobile,Travel,Digital Wallet
TXN104018,4828.58,7,5.92,3564,24,Nigeria,Mobile,Healthcare,Bank Transfer
TXN104019,7419.81,20,16.92,1836,41,Ghana,Mobile,Travel,Bank Transfer
TXN104020,70964.61,21,0.91,1966,32,Nigeria,Mobile,Healthcare,Bank Transfer
TXN104021,1951.43,17,24.04,1855,25,South Africa,Mobile,Travel,Digital Wallet
TXN104022,1271.76,1,6.75,3337,25,Nigeria,Tablet,Grocery,Bank Transfer
TXN104023,17740.22,15,10.45,3392,23,Nigeria,Desktop,Fuel,Card
TXN104024,4110.73,11,17.0,3140,14,Nigeria,Tablet,Fuel,Bank Transfer
TXN104025,5894.43,8,3.71,3075,17,South Africa,Mobile,Restaurant,Digital Wallet
TXN104026,3710.21,2,26.52,2795,24,Ghana,Desktop,Fuel,Bank Transfer
TXN104027,6249.14,21,46.49,212,20,Nigeria,Desktop,Restaurant,Bank Transfer
TXN104028,40076.21,20,8.18,2722,26,Nigeria,Tablet,Healthcare,Mobile Money
TXN104029,18072.17,3,33.16,59,24,Nigeria,Mobile,Clothing,Bank Transfer
TXN104030,19191.51,1,0.01,1441,20,Ghana,Desktop,Clothing,Card
TXN104031,1966.03,7,26.96,796,37,Nigeria,Mobile,Travel,Mobile Money
TXN104032,2562.78,9,4.47,3244,32,Nigeria,Mobile,Online Services,Card
TXN104033,473.86,15,4.48,644,35,Kenya,Mobile,Electronics,Digital Wallet
TXN104034,3606.95,22,3.11,3520,23,United Kingdom,Tablet,Clothing,Digital Wallet
TXN104035,21093.14,10,4.58,1034,28,Nigeria,Mobile,Restaurant,Card
TXN104036,13588.06,17,2.88,2151,25,Nigeria,Mobile,Travel,Digital Wallet
TXN104037,6493.04,21,28.36,3156,23,Ghana,Tablet,Restaurant,Card
TXN104038,7924.38,13,27.51,3039,26,Ghana,Mobile,Travel,Bank Transfer
TXN104039,4068.85,7,1.29,53,28,,Desktop,Grocery,Card
TXN104040,9944.34,22,1.85,3123,29,Nigeria,Desktop,Clothing,Card
TXN104041,17428.78,14,23.77,2505,28,Nigeria,Mobile,Online Services,Digital Wallet
TXN104042,1610.2,16,6.11,1085,29,Ghana,Mobile,Grocery,Digital Wallet
TXN104043,10934.17,20,2.23,2940,24,Ghana,Mobile,Clothing,Bank Transfer
TXN104044,20587.41,17,8.58,2416,12,Nigeria,Tablet,Online Services,Card
TXN104045,5350.26,5,6.47,2000,27,Nigeria,Desktop,Online Services,Bank Transfer
TXN104046,16329.04,22,2.97,2034,23,Nigeria,Mobile,Online Services,Digital Wallet
TXN104047,135219.47,13,15.31,1568,25,United Kingdom,Mobile,Restaurant,Card
TXN104048,7300.2,22,11.97,2589,24,Nigeria,Mobile,Restaurant,Card
TXN104049,12007.74,2,1.26,3171,25,Nigeria,Desktop,Electronics,Mobile Money
TXN104050,3873.61,6,31.15,701,20,South Africa,Mobile,Restaurant,Digital Wallet
TXN104051,9713.3,14,9.81,3189,28,United Kingdom,Mobile,Healthcare,Card
TXN104052,12839.37,20,3.46,2954,25,Kenya,Desktop,Travel,Mobile Money
TXN104053,9846.21,23,2.77,600,32,Nigeria,Mobile,Electronics,Bank Transfer
TXN104054,2922.82,15,1.75,793,22,United Kingdom,Mobile,Travel,Card
TXN104055,9960.29,15,6.63,1272,30,South Africa,Desktop,Electronics,Mobile Money
TXN104056,34968.26,7,1.75,742,33,Kenya,Mobile,Travel,Mobile Money
TXN104057,12690.84,6,6.45,2666,22,Nigeria,Mobile,Electronics,Card
TXN104058,21204.89,5,1.93,796,29,Nigeria,Desktop,Clothing,Bank Transfer
TXN104059,6393.19,1,12.83,1812,38,Kenya,Mobile,Online Services,Mobile Money
TXN104060,,21,18.46,1323,21,United States,Mobile,Clothing,Card
TXN104061,10713.58,12,9.57,2896,21,South Africa,Desktop,Electronics,Bank Transfer
TXN104062,3130.94,11,13.68,1704,33,United Kingdom,Mobile,Grocery,Card
TXN104063,11142.49,14,33.44,2155,26,Nigeria,Desktop,Fuel,Card
TXN104064,3005.81,8,12.21,2087,21,Nigeria,Mobile,Healthcare,Card
TXN104065,4303.22,1,5.43,1521,28,Kenya,Mobile,Electronics,Bank Transfer
TXN104066,9792.07,16,7.16,1389,24,Kenya,Mobile,Grocery,Card
TXN104067,10907.92,4,23.64,665,22,Kenya,Mobile,Online Services,Card
TXN104068,2467.02,10,1.68,1239,20,United States,Desktop,Travel,Card
TXN104069,23248.26,21,4.73,3647,27,Nigeria,Mobile,Electronics,Mobile Money
TXN104070,14357.19,18,10.33,3222,16,Nigeria,Mobile,Grocery,Bank Transfer
TXN104071,4004.89,23,13.54,2669,26,United Kingdom,Desktop,Online Services,Card
TXN104072,1741.35,6,17.3,2795,24,Nigeria,Mobile,Electronics,Digital Wallet
TXN104073,7010.02,1,4.6,2642,19,Kenya,Desktop,Clothing,Mobile Money
TXN104074,5187.75,15,1.89,1721,37,United Kingdom,Mobile,Clothing,Bank Transfer
TXN104075,9073.75,11,37.17,1327,25,Nigeria,Mobile,Electronics,Bank Transfer
TXN104076,5635.74,22,0.95,2487,13,United Kingdom,Mobile,Electronics,Card
TXN104077,1088.49,14,1.21,387,23,Nigeria,Mobile,Restaurant,Digital Wallet
TXN104078,5495.33,0,8.2,1700,29,South Africa,Mobile,Online Services,Card
TXN104079,5969.28,12,20.53,2175,18,Nigeria,Mobile,Fuel,Bank Transfer
TXN104080,15270.24,22,17.87,1036,23,Kenya,Mobile,Clothing,Bank Transfer
TXN104081,4031.12,5,33.31,270,25,Kenya,Desktop,Travel,Digital Wallet
TXN104082,43419.97,12,1.83,2634,25,Nigeria,Mobile,Electronics,Card
TXN104083,1197.94,17,5.65,2788,24,Kenya,Desktop,Restaurant,Bank Transfer
TXN104084,30066.52,2,3.98,1856,15,United States,Mobile,Fuel,Mobile Money
TXN104085,6474.85,0,23.67,3215,23,South Africa,Mobile,Online Services,Card
TXN104086,19140.94,14,8.04,3588,35,United States,Mobile,Healthcare,Card
TXN104087,8776.22,12,0.33,1294,22,Nigeria,Mobile,Electronics,Card
TXN104088,25325.21,4,14.77,185,23,Nigeria,Tablet,Clothing,Card
TXN104089,5500.74,12,5.91,381,21,Nigeria,Desktop,Grocery,Card
TXN104090,2701.01,21,9.09,73,14,United States,Mobile,Healthcare,Bank Transfer
TXN104091,33540.34,4,26.91,2669,20,Nigeria,Mobile,Online Services,Mobile Money
TXN104092,7233.8,18,3.56,3413,28,Nigeria,Tablet,Grocery,Digital Wallet
TXN104093,10112.81,20,3.3,167,28,Nigeria,Desktop,Clothing,Card
TXN104094,27854.56,23,3.67,1997,33,Nigeria,Mobile,Healthcare,Card
TXN104095,2887.21,17,4.95,2513,19,United States,Mobile,Travel,Digital Wallet
TXN104096,14698.36,20,1.36,783,23,Nigeria,Mobile,Healthcare,Mobile Money
TXN104097,4492.23,21,14.34,172,20,United States,Desktop,Online Services,Bank Transfer
TXN104098,7099.86,9,2.79,3101,25,Nigeria,Desktop,Restaurant,Card
TXN104099,8710.45,23,31.27,1876,23,United Kingdom,Mobile,Electronics,Digital Wallet
TXN104100,1807.64,7,2.92,3400,28,Nigeria,Mobile,Healthcare,Card
TXN104101,3718.82,14,3.54,2339,21,Nigeria,Tablet,Electronics,Card
TXN104102,31290.6,20,4.23,2589,28,Nigeria,Desktop,Fuel,Mobile Money
TXN104103,19657.05,19,17.56,2750,26,Nigeria,Mobile,Electronics,Bank Transfer
TXN104104,7611.08,22,6.7,91,22,Nigeria,Mobile,Restaurant,Card
TXN104105,10333.26,21,20.53,1620,34,Nigeria,Mobile,Restaurant,Bank Transfer
TXN104106,6037.57,3,18.44,1476,30,Nigeria,Mobile,Clothing,Mobile Money
TXN104107,31463.5,1,31.82,1449,28,Nigeria,Mobile,Restaurant,Mobile Money
TXN104108,6631.91,23,16.96,2049,20,Ghana,Mobile,Electronics,Card
TXN104109,10217.35,5,0.64,2108,26,Nigeria,Tablet,Healthcare,Card
TXN104110,25489.71,2,21.79,3431,27,Kenya,Desktop,Online Services,Bank Transfer
TXN104111,3724.28,6,33.38,3026,19,United States,Mobile,Fuel,Digital Wallet
TXN104112,38514.47,9,60.79,2879,26,Nigeria,Desktop,Electronics,Card
TXN104113,1753.8,22,1.61,1222,31,Nigeria,Desktop,Restaurant,Card
TXN104114,41342.33,5,11.4,2343,17,Nigeria,Mobile,Restaurant,Card
TXN104115,5582.12,15,2.67,2385,25,Nigeria,Desktop,Fuel,Card
TXN104116,6356.93,1,3.65,2536,23,Kenya,Mobile,Clothing,Digital Wallet
TXN104117,1224.14,23,16.43,3286,30,Nigeria,Desktop,Grocery,Card
TXN104118,5142.04,16,45.62,363,22,Nigeria,Mobile,Restaurant,Mobile Money
TXN104119,2864.63,12,10.84,2592,20,Nigeria,Mobile,Grocery,Card
TXN104120,4413.19,0,22.81,2518,30,United Kingdom,Mobile,Travel,Card
TXN104121,7063.45,5,0.11,2750,29,Ghana,Mobile,Fuel,Digital Wallet
TXN104122,21116.11,4,0.45,2468,22,United States,Mobile,Grocery,Bank Transfer
TXN104123,9972.67,12,10.9,1825,24,United Kingdom,Tablet,Healthcare,Bank Transfer
TXN104124,11022.31,22,5.91,3012,33,Nigeria,Mobile,Restaurant,Mobile Money
TXN104125,2709.39,17,26.46,2637,16,Nigeria,Mobile,Electronics,Card
TXN104126,3358.49,11,4.31,283,19,Nigeria,Mobile,Electronics,Bank Transfer
TXN104127,48958.34,6,6.79,3436,31,Nigeria,Desktop,Healthcare,Card
TXN104128,3884.69,14,9.01,1453,17,Nigeria,Mobile,Restaurant,Mobile Money
TXN104129,42455.35,2,3.83,3267,20,Nigeria,Mobile,Clothing,Bank Transfer
TXN104130,6354.63,15,28.7,3361,22,Nigeria,Desktop,Online Services,Card
TXN104131,8121.64,0,7.5,1057,30,Nigeria,Tablet,Restaurant,Digital Wallet
TXN104132,,15,6.62,1941,27,United Kingdom,Desktop,Restaurant,Bank Transfer
TXN104133,28908.54,23,22.75,2196,23,United States,Mobile,Online Services,Bank Transfer
TXN104134,7253.12,11,4.49,1025,29,Nigeria,Mobile,Clothing,Card
TXN104135,5495.9,18,20.41,499,23,Nigeria,Desktop,Clothing,Digital Wallet
TXN104136,7662.39,7,1.57,1523,27,Nigeria,Tablet,Travel,Digital Wallet
TXN104137,11361.18,22,2.42,2862,24,United Kingdom,Tablet,Travel,Bank Transfer
TXN104138,19757.8,11,36.15,3594,25,United States,Mobile,Travel,Card
TXN104139,8137.43,14,22.18,1917,26,Nigeria,Desktop,Clothing,Card
TXN104140,15046.28,1,5.89,1553,27,Nigeria,Mobile,Grocery,Card
TXN104141,41704.31,16,12.21,1123,26,Nigeria,Mobile,Restaurant,Bank Transfer
TXN104142,11864.54,6,34.37,723,15,Nigeria,Mobile,Fuel,Card
TXN104143,11066.22,12,2.86,2942,29,Kenya,Tablet,Healthcare,Digital Wallet
TXN104144,1774.17,0,0.73,2853,26,Nigeria,Mobile,Travel,Card
TXN104145,583.63,5,9.25,1423,20,United States,Mobile,Healthcare,Mobile Money
TXN104146,11948.68,12,1.85,2074,28,Nigeria,Tablet,Healthcare,Card
TXN104147,7370.02,10,2.49,210,31,South Africa,Mobile,Fuel,Card
TXN104148,4842.65,9,26.66,3106,17,Nigeria,Mobile,Grocery,Bank Transfer
TXN104149,10337.47,15,0.09,1250,20,Nigeria,Desktop,Restaurant,Mobile Money
TXN104150,7628.12,23,20.37,76,23,Kenya,Desktop,Healthcare,Mobile Money
TXN104151,25028.75,22,8.73,663,22,United States,Mobile,Online Services,Card
TXN104152,8831.77,19,9.83,1193,22,Kenya,Tablet,Online Services,Card
TXN104153,3839.42,16,13.37,1718,25,South Africa,Mobile,Online Services,Digital Wallet
TXN104154,21810.92,16,6.78,1593,31,South Africa,Tablet,Fuel,Mobile Money
TXN104155,6521.56,3,1.47,1480,24,Nigeria,Desktop,Grocery,Mobile Money
TXN104156,13719.0,4,1.3,618,22,South Africa,Mobile,Online Services,Card
TXN104157,5027.05,22,16.85,1907,28,South Africa,Desktop,Electronics,Mobile Money
TXN104158,4230.91,13,3.0,2387,30,Nigeria,Mobile,Electronics,Card
TXN104159,8814.63,19,0.34,2351,27,Nigeria,Mobile,Online Services,Card
TXN104160,8207.71,9,46.71,1592,29,South Africa,Tablet,Fuel,Card
TXN104161,13092.92,13,47.18,869,16,United Kingdom,Mobile,Restaurant,Card
TXN104162,6194.11,0,5.7,1443,17,Nigeria,Mobile,Grocery,Card
TXN104163,1291.6,10,0.31,2536,24,South Africa,Mobile,Grocery,Card
TXN104164,5256.53,22,15.59,762,28,United Kingdom,Mobile,Online Services,Bank Transfer
TXN104165,17922.61,17,21.34,2438,23,Nigeria,Desktop,Clothing,Mobile Money
TXN104166,6018.68,15,1.6,1047,19,Kenya,Tablet,Fuel,Digital Wallet
TXN104167,6333.55,17,1.75,3170,28,Nigeria,Mobile,Travel,Card
TXN104168,21728.42,7,20.73,2739,27,Nigeria,Mobile,Fuel,Card
TXN104169,3975.98,9,30.6,2776,28,Ghana,Mobile,Restaurant,Bank Transfer
TXN104170,1732.29,9,18.77,1484,30,United Kingdom,Mobile,Grocery,Card
TXN104171,6900.64,4,2.69,2962,26,Nigeria,Mobile,Travel,Card
TXN104172,4993.17,9,6.36,787,30,United Kingdom,Mobile,Online Services,Bank Transfer
TXN104173,3083.29,17,11.02,3133,24,Nigeria,Mobile,Healthcare,Bank Transfer
TXN104174,6799.62,20,2.1,2032,22,United Kingdom,Mobile,Restaurant,Mobile Money
TXN104175,13246.73,23,2.84,650,25,United Kingdom,Tablet,Grocery,Digital Wallet
TXN104176,8028.17,5,3.99,1918,18,United Kingdom,Desktop,Online Services,Mobile Money
TXN104177,11014.65,2,8.55,3614,31,South Africa,Desktop,Electronics,Card
TXN104178,49682.48,7,8.58,211,19,United Kingdom,Mobile,Grocery,Mobile Money
TXN104179,5750.95,8,20.2,2763,21,Nigeria,Desktop,Electronics,Bank Transfer
TXN104180,10703.74,4,16.78,2758,21,Nigeria,Tablet,Online Services,Bank Transfer
TXN104181,4869.7,1,29.4,2325,16,Nigeria,Tablet,Electronics,Digital Wallet
TXN104182,3476.01,1,21.47,2697,17,South Africa,Mobile,Clothing,Mobile Money
TXN104183,4514.69,6,3.51,1350,28,Nigeria,Mobile,Healthcare,Bank Transfer
TXN104184,5020.28,16,4.83,1829,15,Nigeria,Mobile,Healthcare,Card
TXN104185,11608.3,9,8.33,2107,22,United Kingdom,Mobile,Online Services,Digital Wallet
TXN104186,84886.96,11,0.17,1355,23,Kenya,Tablet,Online Services,Mobile Money
TXN104187,3959.83,1,28.11,1529,27,United Kingdom,Mobile,Clothing,Card
TXN104188,5342.1,9,0.54,2950,24,Nigeria,Mobile,Healthcare,Card
TXN104189,7607.4,19,4.67,977,19,Nigeria,Mobile,Travel,Card
TXN104190,12037.7,0,10.1,1405,19,Nigeria,Mobile,Restaurant,Card
TXN104191,10546.52,3,8.75,1014,18,Nigeria,Tablet,Healthcare,Bank Transfer
TXN104192,29263.49,12,12.75,3583,30,Nigeria,Mobile,Travel,Card
TXN104193,715.95,11,9.0,2394,26,Nigeria,Mobile,Fuel,Digital Wallet
TXN104194,744.77,10,3.12,2814,30,Nigeria,Mobile,Clothing,Mobile Money
TXN104195,4935.07,9,2.69,1450,26,Ghana,Mobile,Travel,Card
TXN104196,24277.38,14,28.53,3190,29,Nigeria,Desktop,Healthcare,Card
TXN104197,1693.16,4,3.68,3335,20,Nigeria,Desktop,Restaurant,Card
TXN104198,400.36,16,3.96,2245,31,Kenya,Mobile,Restaurant,Card
TXN104199,14345.33,4,6.39,2820,24,Kenya,Tablet,Grocery,Card
TXN104200,10338.78,1,1.8,155,34,United Kingdom,Mobile,Healthcare,Bank Transfer
TXN104201,2723.82,8,8.49,2650,24,Nigeria,Desktop,Travel,Digital Wallet
TXN104202,3024.38,5,13.12,149,25,United States,Tablet,Clothing,Digital Wallet
TXN104203,3072.53,17,18.5,1481,22,United States,Desktop,Grocery,Mobile Money
TXN104204,9050.14,13,14.91,1038,33,Ghana,Mobile,Travel,Bank Transfer
TXN104205,4331.57,18,1.92,1243,29,Nigeria,Mobile,Online Services,Digital Wallet
TXN104206,13280.66,13,7.31,1481,19,Nigeria,Desktop,Restaurant,Bank Transfer
TXN104207,466.55,7,0.47,2637,28,Kenya,Tablet,Clothing,Card
TXN104208,3439.73,16,0.22,3303,29,Ghana,Mobile,Healthcare,Bank Transfer
TXN104209,2627.92,2,6.96,3160,25,United States,Mobile,Healthcare,Digital Wallet
TXN104210,6270.8,9,3.5,726,22,Ghana,Mobile,Online Services,Card
TXN104211,4731.29,16,13.8,2300,25,United States,Desktop,Travel,Card
TXN104212,17994.9,10,15.46,1545,29,United Kingdom,Mobile,Healthcare,Card
TXN104213,1262.27,7,27.09,1064,26,United States,Desktop,Healthcare,Card
TXN104214,8480.22,0,17.16,2870,24,Nigeria,Desktop,Healthcare,Card
TXN104215,14162.27,12,0.59,1565,27,Nigeria,Mobile,Restaurant,Card
TXN104216,51877.86,20,5.58,843,25,South Africa,Mobile,Restaurant,Digital Wallet
TXN104217,5005.21,3,3.83,339,26,South Africa,Desktop,Online Services,Digital Wallet
TXN104218,11208.85,6,5.86,1041,25,Nigeria,Mobile,Travel,Digital Wallet
TXN104219,1334.27,13,2.09,2826,33,South Africa,Mobile,Travel,Card
TXN104220,741.03,4,1.23,1087,27,Ghana,Mobile,Healthcare,Card
TXN104221,18859.54,23,8.83,1048,30,Nigeria,Mobile,Clothing,Card
TXN104222,8058.15,10,15.29,3441,20,Nigeria,Mobile,Grocery,Digital Wallet
TXN104223,26331.28,16,14.52,2558,26,United States,Desktop,Restaurant,Card
TXN104224,2052.06,4,7.19,2651,24,Nigeria,Desktop,Grocery,Bank Transfer
TXN104225,13628.28,19,8.86,854,22,South Africa,Tablet,Grocery,Card
TXN104226,52513.09,2,8.72,2074,20,Nigeria,Mobile,Healthcare,Card
TXN104227,12328.95,4,14.12,1146,31,Kenya,Mobile,Restaurant,Card
TXN104228,10684.84,14,0.59,657,30,United States,Mobile,Travel,Mobile Money
TXN104229,8172.71,18,14.85,1186,11,Nigeria,Mobile,Restaurant,Card
TXN104230,1684.32,15,10.47,2921,29,Nigeria,Mobile,Online Services,Card
TXN104231,31431.72,7,2.65,1018,27,Ghana,Mobile,Grocery,Card
TXN104232,4399.04,12,0.6,2496,23,United States,Mobile,Healthcare,Bank Transfer
TXN104233,13419.76,15,1.38,1521,22,Nigeria,Mobile,Healthcare,Bank Transfer
TXN104234,1697.59,2,8.93,1858,23,Nigeria,Mobile,Clothing,Digital Wallet
TXN104235,2491.25,0,17.05,3545,32,Nigeria,Mobile,Restaurant,Card
TXN104236,34033.05,8,4.89,2107,24,Nigeria,Mobile,Fuel,Card
TXN104237,5725.57,8,5.72,2022,33,Nigeria,Desktop,Clothing,Bank Transfer
TXN104238,34657.71,21,32.64,2375,24,United States,Mobile,Travel,Bank Transfer
TXN104239,7493.34,16,2.87,1114,23,Nigeria,Mobile,Healthcare,Mobile Money
TXN104240,1284.47,23,1.31,2535,21,Ghana,Mobile,Healthcare,Digital Wallet
TXN104241,19772.9,1,5.05,2381,23,United Kingdom,Mobile,Travel,Mobile Money
TXN104242,4492.24,8,16.44,3035,25,Nigeria,Desktop,Online Services,Card
TXN104243,16296.23,23,11.8,369,28,Kenya,Mobile,Clothing,Card
TXN104244,8309.97,18,6.45,2525,27,,Desktop,Fuel,Digital Wallet
TXN104245,1731.74,12,40.14,1889,25,Nigeria,Mobile,Clothing,Card
TXN104246,9549.98,4,15.94,1355,24,Nigeria,Mobile,Restaurant,Mobile Money
TXN104247,72854.76,8,0.77,2958,28,Nigeria,Tablet,Travel,Digital Wallet
TXN104248,13266.36,12,16.38,2617,22,Nigeria,Desktop,Clothing,Bank Transfer
TXN104249,7650.16,0,0.29,2562,19,Nigeria,Mobile,Electronics,Bank Transfer
TXN104250,23750.13,14,12.61,106,21,United States,Desktop,Restaurant,Bank Transfer
TXN104251,10003.28,3,2.84,1686,21,Nigeria,Mobile,Healthcare,Card
TXN104252,9991.94,3,14.31,2592,28,United Kingdom,Mobile,Restaurant,Bank Transfer
TXN104253,2719.97,19,4.45,1602,26,Nigeria,Desktop,Electronics,Card
TXN104254,10237.86,9,24.76,3021,17,United States,Tablet,Fuel,Card
TXN104255,22821.16,5,4.93,2736,22,South Africa,Mobile,Healthcare,Bank Transfer
TXN104256,3511.99,23,11.6,121,26,South Africa,Desktop,Travel,Bank Transfer
TXN104257,33674.49,11,4.04,1904,30,,Mobile,Clothing,Mobile Money
TXN104258,,19,29.9,495,17,Nigeria,Mobile,Clothing,Digital Wallet
TXN104259,3335.01,15,18.22,2543,26,Ghana,Desktop,Travel,Card
TXN104260,21974.37,2,3.35,3141,21,South Africa,Mobile,Fuel,Mobile Money
TXN104261,6082.71,13,35.66,2767,36,United Kingdom,Mobile,Healthcare,Card
TXN104262,17318.23,0,5.3,1382,29,Nigeria,Mobile,Electronics,Bank Transfer
TXN104263,6052.59,9,12.66,1338,16,United Kingdom,Desktop,Electronics,Digital Wallet
TXN104264,7632.52,14,16.3,976,21,United States,Mobile,Healthcare,Card
TXN104265,13273.97,6,0.28,583,22,Ghana,Mobile,Fuel,Bank Transfer
TXN104266,10838.9,3,38.32,3167,20,Nigeria,Mobile,Electronics,Bank Transfer
TXN104267,1101.54,13,5.07,2070,18,,Tablet,Healthcare,Mobile Money
TXN104268,2640.59,23,2.53,2186,31,Nigeria,Desktop,Restaurant,Bank Transfer
TXN104269,20525.23,15,22.82,3516,15,United Kingdom,Desktop,Healthcare,Mobile Money
TXN104270,7100.09,13,14.56,121,31,United Kingdom,Desktop,Fuel,Card
TXN104271,4799.51,2,1.09,1032,19,Nigeria,Mobile,Clothing,Mobile Money
TXN104272,2082.71,16,1.49,397,21,Ghana,Mobile,Grocery,Bank Transfer
TXN104273,2752.5,20,15.07,849,26,Nigeria,Mobile,Restaurant,Bank Transfer
TXN104274,1072.99,13,0.93,452,19,United States,Mobile,Healthcare,Card
TXN104275,7322.59,17,29.89,601,23,Nigeria,Mobile,Restaurant,Card
TXN104276,4454.02,2,16.24,2939,17,Nigeria,Desktop,Clothing,Card
TXN104277,3082.24,21,4.9,1293,24,United Kingdom,Mobile,Travel,Card
TXN104278,7569.46,18,5.41,464,21,Nigeria,Mobile,Fuel,Card
TXN104279,11660.6,2,8.47,2289,31,Kenya,Mobile,Fuel,Mobile Money
TXN104280,65722.59,11,5.37,1453,26,Nigeria,Mobile,Online Services,Digital Wallet
TXN104281,1786.68,21,18.36,1663,28,Ghana,Mobile,Clothing,Mobile Money
TXN104282,25832.3,4,44.14,2603,24,Ghana,Desktop,Travel,Mobile Money
TXN104283,21441.89,9,10.54,1783,28,Nigeria,Mobile,Clothing,Card
TXN104284,3717.87,8,7.09,497,26,United States,Mobile,Restaurant,Bank Transfer
TXN104285,9929.21,0,3.02,1223,18,Nigeria,Desktop,Fuel,Digital Wallet
TXN104286,5127.47,12,12.72,1872,22,Nigeria,Mobile,Online Services,Mobile Money
TXN104287,9756.5,2,13.88,821,24,Nigeria,Desktop,Fuel,Card
TXN104288,36648.62,18,13.87,2952,27,Ghana,Mobile,Electronics,Bank Transfer
TXN104289,14847.79,10,0.33,2287,17,Nigeria,Desktop,Restaurant,Card
TXN104290,13475.23,15,27.53,2333,24,Nigeria,Mobile,Healthcare,Card
TXN104291,5269.5,5,4.95,1736,30,United States,Mobile,Restaurant,Card
TXN104292,1837.1,23,16.36,102,33,Nigeria,Mobile,Grocery,Digital Wallet
TXN104293,6578.3,2,17.12,176,22,Nigeria,Mobile,Restaurant,Bank Transfer
TXN104294,27081.56,18,12.62,3441,22,Nigeria,Desktop,Restaurant,Card
TXN104295,1759.58,5,6.03,346,25,Nigeria,Mobile,Restaurant,Bank Transfer
TXN104296,2821.18,7,11.25,635,21,Nigeria,Mobile,Healthcare,Mobile Money
TXN104297,9193.64,21,0.49,604,25,Nigeria,Mobile,Online Services,Card
TXN104298,3027.05,12,17.22,1207,21,Nigeria,Mobile,Grocery,Bank Transfer
TXN104299,3668.27,11,1.26,3356,31,Nigeria,Mobile,Travel,Card
TXN104300,5304.98,9,6.07,3452,31,Nigeria,Mobile,Online Services,Bank Transfer
TXN104301,2068.09,2,1.31,2624,22,,Mobile,Online Services,Card
TXN104302,3059.11,3,21.77,2912,21,Ghana,Mobile,Fuel,Digital Wallet
TXN104303,16373.64,0,9.59,341,31,Nigeria,Tablet,Fuel,Card
TXN104304,2192.13,12,14.09,2885,20,United States,Mobile,Fuel,Card
TXN104305,1639.47,23,13.77,794,24,United Kingdom,Mobile,Fuel,Card
TXN104306,4315.53,3,22.11,2211,33,United States,Mobile,Fuel,Bank Transfer
TXN104307,16847.47,21,1.71,3025,20,Nigeria,Desktop,Grocery,Mobile Money
TXN104308,6654.7,10,12.94,3230,29,Kenya,Mobile,Electronics,Card
TXN104309,5091.96,18,10.27,465,25,Nigeria,Mobile,Travel,Card
TXN104310,8470.62,10,0.38,3381,17,United Kingdom,Mobile,Fuel,Mobile Money
TXN104311,1414.16,11,2.7,387,25,Nigeria,Mobile,Healthcare,Mobile Money
TXN104312,13289.18,10,3.74,3007,26,Nigeria,Mobile,Online Services,Mobile Money
TXN104313,11889.79,5,0.9,2960,26,Nigeria,Desktop,Online Services,Bank Transfer
TXN104314,5381.33,11,5.26,2329,23,Ghana,Mobile,Grocery,Mobile Money
TXN104315,22157.35,8,0.33,164,21,Ghana,Mobile,Electronics,Card
TXN104316,2624.13,9,9.67,552,21,Nigeria,Desktop,Fuel,Bank Transfer
TXN104317,25031.97,2,2.85,833,22,Nigeria,Mobile,Healthcare,Mobile Money
TXN104318,9456.84,2,4.06,2737,18,United States,Mobile,Electronics,Card
TXN104319,5787.45,19,28.96,2396,20,United Kingdom,Mobile,Clothing,Card
TXN104320,7943.64,22,8.39,109,19,Ghana,Tablet,Fuel,Mobile Money
TXN104321,7278.9,15,3.76,3292,26,Ghana,Mobile,Clothing,Bank Transfer
TXN104322,27454.43,2,10.95,1506,23,Nigeria,Mobile,Online Services,Bank Transfer
TXN104323,2760.92,9,2.7,3445,21,Nigeria,Mobile,Online Services,Card
TXN104324,3780.01,23,0.93,3131,26,Nigeria,Mobile,Restaurant,Card
TXN104325,22840.78,10,0.25,2491,19,Nigeria,Mobile,Travel,Card
TXN104326,4466.97,7,36.32,2070,20,South Africa,Desktop,Grocery,Digital Wallet
TXN104327,19941.0,5,15.47,397,24,Nigeria,Mobile,Restaurant,Digital Wallet
TXN104328,44330.84,19,19.31,1036,30,Nigeria,Desktop,Travel,Card
TXN104329,5421.92,10,47.51,1022,42,Nigeria,Mobile,Online Services,Card
TXN104330,16016.3,20,32.19,625,29,Nigeria,Tablet,Clothing,Card
TXN104331,2556.28,11,16.02,3603,31,South Africa,Tablet,Grocery,Card
TXN104332,17235.62,15,14.21,1926,23,Nigeria,Mobile,Electronics,Card
TXN104333,9891.43,17,4.93,3095,20,Nigeria,Mobile,Electronics,Card
TXN104334,13004.34,12,1.32,2778,25,Kenya,Desktop,Restaurant,Mobile Money
TXN104335,4248.95,21,10.23,1074,24,,Mobile,Restaurant,Mobile Money
TXN104336,1539.04,2,10.3,2626,20,Nigeria,Mobile,Grocery,Card
TXN104337,,14,36.5,2323,25,Ghana,Tablet,Electronics,Bank Transfer
TXN104338,1029.26,21,7.01,2360,24,Nigeria,Mobile,Fuel,Bank Transfer
TXN104339,5899.66,20,14.09,2691,22,Ghana,Mobile,Fuel,Card
TXN104340,20768.28,13,10.27,3008,32,South Africa,Desktop,Restaurant,Mobile Money
TXN104341,9817.26,17,2.33,2883,29,Nigeria,Mobile,Healthcare,Card
TXN104342,56859.73,13,10.76,2309,25,Nigeria,Mobile,Electronics,Card
TXN104343,22586.53,4,9.32,2393,28,United States,Mobile,Clothing,Card
TXN104344,4213.72,20,8.17,2915,22,Nigeria,Mobile,Restaurant,Digital Wallet
TXN104345,8327.46,13,8.64,1853,28,United States,Tablet,Online Services,Bank Transfer
TXN104346,7728.18,7,2.15,3437,27,Nigeria,Tablet,Fuel,Card
TXN104347,1665.4,22,7.47,2041,27,Kenya,Mobile,Travel,Mobile Money
TXN104348,3164.03,14,11.17,2029,18,Kenya,Desktop,Healthcare,Card
TXN104349,4625.03,14,8.07,440,24,United Kingdom,Mobile,Restaurant,Digital Wallet
TXN104350,1057.62,18,8.05,2322,23,Nigeria,Desktop,Clothing,Bank Transfer
TXN104351,8497.21,19,0.97,416,27,Nigeria,Mobile,Grocery,Bank Transfer
TXN104352,6316.55,5,2.54,2766,30,Nigeria,Mobile,Fuel,Mobile Money
TXN104353,1520.97,18,4.65,1778,26,United States,Mobile,Electronics,Bank Transfer
TXN104354,12139.41,7,6.52,2435,29,Nigeria,Mobile,Fuel,Digital Wallet
TXN104355,16578.68,5,10.81,1051,26,United States,Mobile,Healthcare,Mobile Money
TXN104356,10168.34,19,23.88,2691,21,Nigeria,Mobile,Online Services,Card
TXN104357,5860.16,22,2.08,2875,19,Nigeria,Tablet,Grocery,Card
TXN104358,14638.97,14,0.18,2099,28,Nigeria,Tablet,Fuel,Card
TXN104359,15998.02,2,7.16,48,22,Ghana,Desktop,Restaurant,Card
TXN104360,11019.3,9,6.79,3388,24,United Kingdom,Mobile,Travel,Card
TXN104361,3552.43,14,9.63,305,28,Nigeria,Mobile,Grocery,Card
TXN104362,10685.05,23,21.49,688,26,United States,Mobile,Fuel,Card
TXN104363,26781.88,15,19.46,2975,29,Nigeria,Mobile,Travel,Mobile Money
TXN104364,4462.08,16,1.26,581,28,Kenya,Mobile,Restaurant,Mobile Money
TXN104365,66034.94,18,32.62,708,21,South Africa,Mobile,Fuel,Card
TXN104366,4790.4,10,1.4,632,23,Nigeria,Mobile,Travel,Card
TXN104367,8369.98,15,12.08,3173,36,Nigeria,Desktop,Travel,Card
TXN104368,4136.12,4,13.39,394,23,Nigeria,Desktop,Clothing,Digital Wallet
TXN104369,10130.14,4,13.67,2003,25,Nigeria,Mobile,Fuel,Bank Transfer
TXN104370,1419.1,13,3.7,824,18,United Kingdom,Mobile,Grocery,Digital Wallet
TXN104371,4693.61,17,4.81,1388,25,United States,Mobile,Restaurant,Digital Wallet
TXN104372,2718.62,7,9.55,2729,22,South Africa,Mobile,Clothing,Digital Wallet
TXN104373,9277.42,4,2.67,1804,24,Kenya,Mobile,Travel,Card
TXN104374,21904.5,6,0.25,619,27,Nigeria,Desktop,Clothing,Bank Transfer
TXN104375,15459.92,15,9.91,228,35,Nigeria,Mobile,Clothing,Digital Wallet
TXN104376,756.23,22,7.51,2094,25,South Africa,Mobile,Travel,Card
TXN104377,62446.76,13,12.83,247,31,Ghana,Mobile,Restaurant,Bank Transfer
TXN104378,10886.51,4,1.9,770,21,Kenya,Mobile,Fuel,Card
TXN104379,3727.53,23,22.06,679,26,South Africa,Mobile,Healthcare,Card
TXN104380,9481.79,8,1.9,2224,37,Nigeria,Mobile,Electronics,Digital Wallet
TXN104381,9664.26,3,26.63,3311,25,Nigeria,Mobile,Clothing,Bank Transfer
TXN104382,4159.5,3,7.16,699,15,South Africa,Desktop,Grocery,Mobile Money
TXN104383,9876.53,15,9.58,1467,22,Nigeria,Mobile,Travel,Bank Transfer
TXN104384,4413.96,23,27.23,694,20,United Kingdom,Mobile,Electronics,Bank Transfer
TXN104385,5408.02,16,4.28,885,23,Nigeria,Desktop,Healthcare,Mobile Money
TXN104386,4079.46,14,2.41,2407,24,Nigeria,Mobile,Clothing,Digital Wallet
TXN104387,1933.97,3,7.08,924,27,Nigeria,Mobile,Healthcare,Digital Wallet
TXN104388,9375.32,5,3.36,1923,28,South Africa,Mobile,Travel,Mobile Money
TXN104389,14549.32,15,9.01,3453,22,Ghana,Desktop,Travel,Bank Transfer
TXN104390,13560.05,3,3.86,1216,21,Nigeria,Mobile,Clothing,Card
TXN104391,18396.68,5,23.98,1872,32,Nigeria,Mobile,Fuel,Card
TXN104392,11207.52,4,11.22,2178,17,Nigeria,Mobile,Online Services,Card
TXN104393,4756.53,15,0.0,356,19,Nigeria,Desktop,Online Services,Card
TXN104394,18763.41,15,19.65,2404,24,Nigeria,Mobile,Grocery,Card
TXN104395,2084.91,9,4.81,3256,22,Nigeria,Mobile,Travel,Card
TXN104396,3292.26,8,4.63,2087,24,Nigeria,Desktop,Travel,Card
TXN104397,3089.61,3,5.8,2430,33,Nigeria,Mobile,Clothing,Bank Transfer
TXN104398,23862.32,13,11.94,212,21,Nigeria,Mobile,Electronics,Card
TXN104399,20801.67,3,7.0,484,31,Nigeria,Desktop,Travel,Mobile Money
TXN104400,13191.2,11,11.89,1699,21,Nigeria,Mobile,Fuel,Card
TXN104401,23669.2,23,1.9,35,22,Nigeria,Desktop,Travel,Bank Transfer
TXN104402,3363.43,9,42.14,3434,22,United States,Mobile,Clothing,Digital Wallet
TXN104403,11482.68,3,15.69,1386,30,Nigeria,Mobile,Online Services,Card
TXN104404,7149.7,17,3.46,3359,23,Ghana,Mobile,Travel,Digital Wallet
TXN104405,18899.34,12,15.46,240,27,Nigeria,Mobile,Fuel,Bank Transfer
TXN104406,7221.2,12,10.27,80,22,United Kingdom,Mobile,Clothing,Card
TXN104407,5514.06,13,1.39,1498,23,United States,Desktop,Grocery,Card
TXN104408,13917.59,17,2.36,1039,19,Nigeria,Mobile,Clothing,Digital Wallet
TXN104409,19461.03,0,0.51,406,24,United Kingdom,Desktop,Fuel,Bank Transfer
TXN104410,4153.28,20,19.88,2717,17,Nigeria,Mobile,Online Services,Card
TXN104411,7622.99,15,9.63,3587,24,Nigeria,Desktop,Electronics,Digital Wallet
TXN104412,2811.74,14,4.57,2847,28,Nigeria,Mobile,Travel,Mobile Money
TXN104413,666.43,21,1.62,1104,36,Nigeria,Mobile,Grocery,Mobile Money
TXN104414,9901.68,4,7.94,183,25,Nigeria,Mobile,Healthcare,Digital Wallet
TXN104415,14896.85,5,8.94,611,23,Nigeria,Mobile,Travel,Mobile Money
TXN104416,10530.88,5,14.53,817,26,Nigeria,Mobile,Travel,Card
TXN104417,1153.36,2,42.05,820,24,Kenya,Mobile,Fuel,Bank Transfer
TXN104418,5705.3,15,6.85,3411,17,Nigeria,Tablet,Healthcare,Mobile Money
TXN104419,881.52,11,6.25,3500,27,Nigeria,Desktop,Online Services,Card
TXN104420,31878.95,3,5.54,2211,24,Nigeria,Desktop,Clothing,Card
TXN104421,2735.16,0,21.05,2297,17,Nigeria,Mobile,Travel,Card
TXN104422,28435.78,3,2.04,192,33,Nigeria,Desktop,Online Services,Card
TXN104423,20865.86,0,5.06,1000,24,Nigeria,Mobile,Grocery,Card
TXN104424,3292.52,20,15.49,677,30,Nigeria,Mobile,Fuel,Mobile Money
TXN104425,2610.29,7,0.19,2646,25,Nigeria,Mobile,Online Services,Mobile Money
TXN104426,11503.08,23,4.1,1555,28,United Kingdom,Mobile,Online Services,Card
TXN104427,3483.09,4,12.31,975,24,Nigeria,Mobile,Online Services,Mobile Money
TXN104428,8977.57,1,2.47,718,24,Nigeria,Mobile,Fuel,Bank Transfer
TXN104429,4999.9,11,4.33,2192,27,Nigeria,Mobile,Restaurant,Card
TXN104430,1364.91,21,7.99,1552,19,United States,Desktop,Online Services,Card
TXN104431,870.9,16,6.58,1525,29,Ghana,Tablet,Travel,Card
TXN104432,10164.78,6,1.34,2077,20,Nigeria,Mobile,Online Services,Mobile Money
TXN104433,4621.35,10,33.41,1202,26,Nigeria,Mobile,Clothing,Card
TXN104434,4660.65,3,0.54,3342,33,Nigeria,Desktop,Electronics,Card
TXN104435,16250.25,4,16.62,152,27,Nigeria,Mobile,Travel,Card
TXN104436,26198.1,5,0.89,833,23,Ghana,Tablet,Online Services,Digital Wallet
TXN104437,6170.01,10,7.56,2916,21,Ghana,Desktop,Online Services,Mobile Money
TXN104438,5764.08,0,2.31,1122,19,Nigeria,Mobile,Clothing,Bank Transfer
TXN104439,13361.64,9,1.83,2903,25,Nigeria,Mobile,Healthcare,Digital Wallet
TXN104440,2086.13,19,1.61,92,21,South Africa,Tablet,Travel,Card
TXN104441,10128.95,23,7.23,762,20,Ghana,Tablet,Restaurant,Bank Transfer
TXN104442,14071.21,20,8.7,3117,17,United Kingdom,Mobile,Restaurant,Card
TXN104443,15998.18,10,1.72,3491,25,Nigeria,Mobile,Grocery,Card
TXN104444,1168.23,23,46.59,2667,36,Kenya,Mobile,Restaurant,Mobile Money
TXN104445,3784.41,16,3.58,1687,19,Nigeria,Mobile,Fuel,Mobile Money
TXN104446,3366.86,7,7.37,977,21,Nigeria,Tablet,Fuel,Card
TXN104447,8954.28,12,2.92,3359,22,Kenya,Desktop,Healthcare,Card
TXN104448,13104.94,19,8.17,2294,28,United Kingdom,Mobile,Clothing,Card
TXN104449,36196.24,17,16.93,508,28,Nigeria,Mobile,Restaurant,Mobile Money
TXN104450,4939.57,21,8.84,1167,18,South Africa,Desktop,Clothing,Card
TXN104451,4926.71,15,4.04,2026,20,Kenya,Mobile,Travel,Bank Transfer
TXN104452,25582.71,1,3.43,1433,25,Nigeria,Mobile,Grocery,Digital Wallet
TXN104453,10900.64,4,17.07,1006,29,United Kingdom,Mobile,Online Services,Card
TXN104454,28786.2,17,1.51,266,15,Nigeria,Mobile,Online Services,Digital Wallet
TXN104455,10815.42,2,5.54,2553,26,Ghana,Desktop,Online Services,Card
TXN104456,2547.54,21,1.97,1984,25,Nigeria,Desktop,Healthcare,Bank Transfer
TXN104457,2136.39,16,3.58,627,23,Nigeria,Mobile,Grocery,Mobile Money
TXN104458,1717.26,15,1.99,1732,36,United Kingdom,Mobile,Online Services,Card
TXN104459,15709.99,5,26.14,2206,15,Nigeria,Mobile,Restaurant,Card
TXN104460,26598.15,18,15.8,2587,31,Nigeria,Mobile,Fuel,Digital Wallet
TXN104461,51501.29,6,9.88,194,29,United Kingdom,Desktop,Online Services,Card
TXN104462,18828.09,17,3.05,2354,30,United Kingdom,Mobile,Online Services,Bank Transfer
TXN104463,25921.77,13,8.57,2334,20,Nigeria,Tablet,Electronics,Card
TXN104464,4536.83,5,8.83,3233,26,Nigeria,Desktop,Fuel,Bank Transfer
TXN104465,2549.33,7,10.71,3069,26,Kenya,Mobile,Restaurant,Bank Transfer
TXN104466,18959.86,14,0.74,599,26,Nigeria,Mobile,Online Services,Bank Transfer
TXN104467,12304.01,14,43.3,3358,20,Nigeria,Mobile,Electronics,Card
TXN104468,9022.21,14,7.52,170,31,Nigeria,Mobile,Restaurant,Bank Transfer
TXN104469,11936.68,15,31.33,715,27,Ghana,Mobile,Clothing,Card
TXN104470,11194.59,0,0.12,716,23,Nigeria,Mobile,Clothing,Card
TXN104471,29255.32,10,3.41,3310,27,Ghana,Tablet,Online Services,Bank Transfer
TXN104472,29583.9,4,1.32,2793,20,Kenya,Mobile,Online Services,Bank Transfer
TXN104473,13963.76,4,17.62,3100,21,Nigeria,Desktop,Healthcare,Card
TXN104474,18878.95,20,4.63,3620,27,Nigeria,Mobile,Healthcare,Bank Transfer
TXN104475,13548.93,5,22.03,2068,12,Nigeria,Mobile,Electronics,Bank Transfer
TXN104476,5109.36,1,21.43,1104,32,Nigeria,Mobile,Grocery,Card
TXN104477,17267.21,5,13.22,1556,26,Nigeria,Mobile,Healthcare,Bank Transfer
TXN104478,2009.23,13,13.15,1312,27,Ghana,Mobile,Electronics,Digital Wallet
TXN104479,23246.07,10,14.45,2255,27,Nigeria,Mobile,Travel,Bank Transfer
TXN104480,2454.01,3,13.44,951,31,Kenya,Mobile,Grocery,Mobile Money
TXN104481,10783.83,23,5.87,2620,22,Kenya,Mobile,Electronics,Card
TXN104482,3480.2,8,13.78,3457,25,Nigeria,Desktop,Fuel,Mobile Money
TXN104483,14092.37,23,27.32,1371,16,Nigeria,Desktop,Healthcare,Bank Transfer
TXN104484,7832.8,2,4.85,1719,31,United Kingdom,Desktop,Fuel,Bank Transfer
TXN104485,1644.59,15,34.78,3040,27,South Africa,Mobile,Travel,Digital Wallet
TXN104486,12341.21,10,0.16,393,17,United States,Tablet,Travel,Card
TXN104487,4546.35,3,5.15,1108,21,Nigeria,Tablet,Healthcare,Card
TXN104488,19558.14,0,1.7,3257,26,,Desktop,Fuel,Card
TXN104489,8113.83,20,1.62,1097,26,Nigeria,Mobile,Healthcare,Mobile Money
TXN104490,12033.15,21,20.28,2670,21,Nigeria,Mobile,Online Services,Mobile Money
TXN104491,3110.16,15,30.07,2060,24,Nigeria,Desktop,Fuel,Card
TXN104492,4494.76,18,18.05,2619,25,Nigeria,Desktop,Restaurant,Card
TXN104493,5122.31,15,45.07,2399,30,Ghana,Desktop,Online Services,Bank Transfer
TXN104494,19085.85,10,2.93,2725,30,Nigeria,Mobile,Healthcare,Card
TXN104495,43363.66,7,1.82,2091,27,United Kingdom,Mobile,Electronics,Card
TXN104496,3622.17,22,8.83,1410,33,Ghana,Mobile,Fuel,Card
TXN104497,23785.9,0,21.2,1536,26,United Kingdom,Desktop,Clothing,Bank Transfer
TXN104498,925.49,20,0.49,647,23,Nigeria,Mobile,Fuel,Bank Transfer
TXN104499,2454.82,8,65.02,388,29,Ghana,Mobile,Online Services,Card
TXN104500,3106.41,11,11.06,1371,30,Nigeria,Desktop,Restaurant,Bank Transfer
TXN104501,2095.38,21,46.33,3176,27,Nigeria,Mobile,Online Services,Digital Wallet
TXN104502,1663.06,7,5.45,2012,31,,Mobile,Online Services,Card
TXN104503,12246.54,16,7.35,1644,29,Nigeria,Desktop,Fuel,Bank Transfer
TXN104504,6541.57,9,16.75,223,31,Nigeria,Mobile,Grocery,Bank Transfer
TXN104505,11841.97,6,18.88,392,29,Kenya,Mobile,Fuel,Digital Wallet
TXN104506,16162.88,18,3.18,1149,26,Nigeria,Desktop,Fuel,Bank Transfer
TXN104507,10568.33,5,31.88,1093,27,Nigeria,Desktop,Fuel,Bank Transfer
TXN104508,15642.76,20,24.25,2845,33,Nigeria,Desktop,Clothing,Mobile Money
TXN104509,7558.8,23,0.22,2474,18,Nigeria,Mobile,Travel,Card
TXN104510,2472.55,23,1.65,136,32,Kenya,Mobile,Grocery,Bank Transfer
TXN104511,23337.44,18,8.22,3118,25,Nigeria,Desktop,Fuel,Bank Transfer
TXN104512,4495.75,17,7.42,556,24,Ghana,Mobile,Fuel,Card
TXN104513,3179.26,14,14.79,1982,20,Ghana,Mobile,Restaurant,Card
TXN104514,6782.37,1,1.13,3088,16,South Africa,Mobile,Online Services,Card
TXN104515,3252.53,13,12.42,813,29,United Kingdom,Mobile,Travel,Card
TXN104516,5337.8,20,11.5,3600,25,Nigeria,Mobile,Online Services,Mobile Money
TXN104517,11430.65,9,3.19,2602,37,Nigeria,Mobile,Travel,Digital Wallet
TXN104518,11479.77,15,9.38,1812,25,Nigeria,Mobile,Travel,Card
TXN104519,3301.62,6,3.02,1779,24,Nigeria,Tablet,Clothing,Card
TXN104520,4975.57,7,1.91,1096,27,Nigeria,Mobile,Restaurant,Digital Wallet
TXN104521,23726.15,9,10.22,2703,25,South Africa,Mobile,Restaurant,Bank Transfer
TXN104522,13311.72,14,45.52,1895,24,South Africa,Mobile,Online Services,Digital Wallet
TXN104523,64541.59,7,3.24,2427,22,Nigeria,Mobile,Healthcare,Card
TXN104524,26373.85,12,5.27,3131,18,Nigeria,Tablet,Fuel,Mobile Money
TXN104525,25445.47,11,3.56,1494,26,Nigeria,Desktop,Clothing,Mobile Money
TXN104526,2022.58,7,3.72,1035,21,United Kingdom,Desktop,Restaurant,Card
TXN104527,17393.65,14,6.21,2619,31,United Kingdom,Desktop,Travel,Card
TXN104528,7683.98,11,14.52,3556,20,Nigeria,Tablet,Travel,Card
TXN104529,4670.48,10,0.47,1664,20,Ghana,Mobile,Online Services,Card
TXN104530,9585.58,18,37.79,3039,29,Nigeria,Mobile,Healthcare,Digital Wallet
TXN104531,20852.13,13,0.57,123,30,Nigeria,Mobile,Travel,Card
TXN104532,13370.84,17,25.57,3396,29,Nigeria,Mobile,Restaurant,Mobile Money
TXN104533,3366.15,12,26.97,2073,27,Ghana,Desktop,Electronics,Mobile Money
TXN104534,17025.35,3,8.92,2976,13,Nigeria,Mobile,Grocery,Card
TXN104535,4283.01,16,1.77,118,18,Nigeria,Mobile,Electronics,Bank Transfer
TXN104536,10063.63,18,9.99,1983,22,Nigeria,Mobile,Clothing,Card
TXN104537,5982.84,8,11.89,2580,25,Nigeria,Mobile,Electronics,Card
TXN104538,6510.25,22,23.4,2844,28,Kenya,Mobile,Healthcare,Digital Wallet
TXN104539,17435.14,6,9.61,2071,23,Nigeria,Desktop,Healthcare,Card
TXN104540,2863.52,0,6.35,2291,29,United Kingdom,Mobile,Fuel,Card
TXN104541,56681.04,6,21.86,1475,19,Nigeria,Tablet,Healthcare,Mobile Money
TXN104542,1311.48,6,47.53,555,23,Nigeria,Desktop,Online Services,Bank Transfer
TXN104543,4457.45,19,12.43,2269,20,Nigeria,Mobile,Electronics,Bank Transfer
TXN104544,11733.6,6,24.89,1860,23,Nigeria,Mobile,Fuel,Digital Wallet
TXN104545,14534.99,7,10.96,2771,20,Nigeria,Desktop,Online Services,Card
TXN104546,7328.49,15,14.05,2719,27,Nigeria,Desktop,Clothing,Mobile Money
TXN104547,7651.14,2,13.98,3325,19,United Kingdom,Mobile,Electronics,Digital Wallet
TXN104548,12216.59,12,14.64,584,26,Kenya,Mobile,Grocery,Card
TXN104549,6431.29,9,4.65,2464,20,United Kingdom,Mobile,Restaurant,Bank Transfer
TXN104550,32636.33,17,10.29,710,21,Nigeria,Mobile,Fuel,Card
TXN104551,18757.5,6,10.82,2853,25,Nigeria,Tablet,Clothing,Card
TXN104552,19396.04,20,4.54,1527,30,Nigeria,Mobile,Electronics,Card
TXN104553,3083.57,20,5.17,1661,22,Kenya,Mobile,Travel,Bank Transfer
TXN104554,,4,17.24,232,21,United States,Mobile,Travel,Digital Wallet
TXN104555,6000.12,22,10.49,3087,26,United Kingdom,Desktop,Clothing,Bank Transfer
TXN104556,2964.31,23,1.94,476,33,Nigeria,Desktop,Travel,Digital Wallet
TXN104557,11616.3,21,21.82,2977,21,Nigeria,Mobile,Grocery,Card
TXN104558,4733.19,6,25.76,3169,21,Nigeria,Mobile,Fuel,Card
TXN104559,15605.89,21,7.53,1145,27,Nigeria,Mobile,Electronics,Digital Wallet
TXN104560,2778.89,16,2.81,807,27,,Mobile,Grocery,Digital Wallet
TXN104561,45208.51,3,35.39,2255,23,Nigeria,Tablet,Grocery,Card
TXN104562,3306.57,23,25.67,1716,26,Nigeria,Mobile,Restaurant,Bank Transfer
TXN104563,10090.02,22,3.36,858,26,Nigeria,Mobile,Electronics,Card
TXN104564,17887.53,15,1.21,588,23,Nigeria,Mobile,Clothing,Bank Transfer
TXN104565,4579.57,18,6.97,3104,27,South Africa,Mobile,Travel,Digital Wallet
TXN104566,19005.21,9,13.54,2052,27,Nigeria,Mobile,Fuel,Mobile Money
TXN104567,2370.41,2,2.31,132,24,Nigeria,Mobile,Restaurant,Card
TXN104568,34617.61,2,8.64,1326,29,Ghana,Mobile,Grocery,Card
TXN104569,8218.55,16,6.65,1587,33,Ghana,Desktop,Travel,Card
TXN104570,4463.05,9,26.55,145,26,Nigeria,Mobile,Electronics,Mobile Money
TXN104571,6007.83,16,6.74,888,28,United Kingdom,Mobile,Grocery,Bank Transfer
TXN104572,18195.31,21,9.16,2541,22,Nigeria,Mobile,Grocery,Digital Wallet
TXN104573,4516.74,16,37.29,133,22,Nigeria,Mobile,Electronics,Mobile Money
TXN104574,3830.09,20,4.27,2336,23,Nigeria,Mobile,Clothing,Card
TXN104575,6492.89,3,4.09,1361,21,Nigeria,Mobile,Restaurant,Mobile Money
TXN104576,2497.48,20,19.29,3468,23,Ghana,Mobile,Healthcare,Bank Transfer
TXN104577,50038.3,22,3.9,958,26,Nigeria,Mobile,Electronics,Card
TXN104578,4599.05,5,21.4,2887,17,Nigeria,Mobile,Travel,Card
TXN104579,18613.02,11,1.2,2719,29,United Kingdom,Mobile,Travel,Digital Wallet
TXN104580,9991.3,21,1.42,836,19,Nigeria,Desktop,Healthcare,Bank Transfer
TXN104581,3027.42,19,27.79,3100,27,Kenya,Mobile,Grocery,Mobile Money
TXN104582,8054.98,16,9.34,3403,22,Nigeria,Mobile,Fuel,Bank Transfer
TXN104583,17747.55,16,15.22,589,25,Nigeria,Mobile,Online Services,Card
TXN104584,6712.58,9,3.06,2104,22,Nigeria,Mobile,Restaurant,Mobile Money
TXN104585,26718.54,6,2.18,2585,20,South Africa,Desktop,Clothing,Mobile Money
TXN104586,22505.51,15,21.62,556,28,South Africa,Mobile,Clothing,Card
TXN104587,20310.94,12,5.33,2852,33,Nigeria,Mobile,Healthcare,Card
TXN104588,5117.1,2,7.28,3466,21,Nigeria,Mobile,Healthcare,Bank Transfer
TXN104589,2752.2,1,0.34,982,26,United States,Mobile,Online Services,Card
TXN104590,4387.05,15,5.85,327,23,United Kingdom,Mobile,Travel,Mobile Money
TXN104591,9860.0,5,17.66,806,22,Nigeria,Mobile,Clothing,Card
TXN104592,13985.64,5,20.66,390,27,Nigeria,Mobile,Fuel,Mobile Money
TXN104593,923.74,12,14.4,533,23,United Kingdom,Mobile,Travel,Bank Transfer
TXN104594,8037.61,6,14.14,2006,22,Nigeria,Tablet,Healthcare,Card
TXN104595,9490.9,4,8.47,2665,21,,Mobile,Restaurant,Card
TXN104596,6139.24,23,9.27,2107,26,Nigeria,Mobile,Healthcare,Card
TXN104597,29474.3,6,16.29,1492,23,South Africa,Desktop,Online Services,Card
TXN104598,12354.55,1,3.41,3441,32,Nigeria,Desktop,Grocery,Mobile Money
TXN104599,30037.2,16,3.16,2203,26,Ghana,Mobile,Healthcare,Card
TXN104600,6529.2,12,35.93,625,28,Ghana,Desktop,Fuel,Bank Transfer
TXN104601,20691.48,20,0.34,1619,25,United Kingdom,Mobile,Travel,Bank Transfer
TXN104602,41567.19,20,1.8,1419,24,Kenya,Mobile,Restaurant,Card
TXN104603,30082.34,15,10.14,1905,23,United Kingdom,Desktop,Online Services,Bank Transfer
TXN104604,2718.56,19,16.07,3544,30,United Kingdom,Desktop,Travel,Mobile Money
TXN104605,6287.53,1,9.26,292,33,Nigeria,Mobile,Electronics,Card
TXN104606,5737.82,4,5.26,3013,32,Nigeria,Mobile,Travel,Bank Transfer
TXN104607,13216.94,17,45.79,2949,24,Ghana,Desktop,Restaurant,Card
TXN104608,16096.44,6,14.6,3323,27,United Kingdom,Mobile,Clothing,Card
TXN104609,3502.06,10,21.36,1893,28,Nigeria,Tablet,Travel,Card
TXN104610,8671.86,10,0.49,31,21,Ghana,Mobile,Grocery,Card
TXN104611,1075.0,21,3.23,1963,20,Nigeria,Mobile,Restaurant,Mobile Money
TXN104612,34267.24,16,5.62,423,23,Nigeria,Mobile,Healthcare,Bank Transfer
TXN104613,4854.33,15,2.42,335,25,Kenya,Mobile,Clothing,Card
TXN104614,8568.64,12,0.91,1199,28,Kenya,Mobile,Restaurant,Bank Transfer
TXN104615,5945.26,21,3.06,559,23,Ghana,Mobile,Travel,Bank Transfer
TXN104616,25489.65,4,9.15,557,23,United Kingdom,Mobile,Electronics,Card
TXN104617,474.61,19,14.28,3409,23,Nigeria,Desktop,Electronics,Mobile Money
TXN104618,7969.6,15,17.85,994,21,Nigeria,Mobile,Healthcare,Card
TXN104619,7289.43,21,0.53,700,15,United Kingdom,Mobile,Fuel,Digital Wallet
TXN104620,5148.0,21,6.7,3441,24,Nigeria,Mobile,Grocery,Card
TXN104621,45534.54,15,1.56,2429,26,Nigeria,Mobile,Online Services,Bank Transfer
TXN104622,3336.48,15,6.77,2887,29,South Africa,Mobile,Online Services,Digital Wallet
TXN104623,17532.23,13,6.83,2286,25,United Kingdom,Tablet,Fuel,Mobile Money
TXN104624,11570.95,5,8.27,987,34,Kenya,Desktop,Grocery,Card
TXN104625,28610.22,1,26.8,2282,19,South Africa,Desktop,Clothing,Bank Transfer
TXN104626,4158.09,13,19.62,2702,27,Nigeria,Mobile,Electronics,Card
TXN104627,3893.37,15,12.15,1743,28,Nigeria,Desktop,Travel,Bank Transfer
TXN104628,24247.53,22,26.0,750,25,United Kingdom,Mobile,Healthcare,Mobile Money
TXN104629,12398.38,19,13.62,665,25,Ghana,Mobile,Fuel,Bank Transfer
TXN104630,1728.59,12,20.5,1068,18,Nigeria,Mobile,Restaurant,Card
TXN104631,4725.34,14,9.96,2935,28,Nigeria,Mobile,Fuel,Bank Transfer
TXN104632,11924.88,11,8.94,3529,25,Kenya,Mobile,Healthcare,Card
TXN104633,18727.8,8,15.45,2553,26,Nigeria,Mobile,Restaurant,Card
TXN104634,4108.32,17,0.24,2375,26,Kenya,Mobile,Electronics,Bank Transfer
TXN104635,439.55,20,14.07,586,24,Nigeria,Mobile,Healthcare,Bank Transfer
TXN104636,13673.61,13,32.71,1147,26,Nigeria,Desktop,Fuel,Bank Transfer
TXN104637,2391.51,19,15.02,2184,32,Kenya,Tablet,Electronics,Card
TXN104638,1077.78,3,0.45,3520,19,Nigeria,Desktop,Restaurant,Digital Wallet
TXN104639,477.08,7,5.7,3379,28,Nigeria,Mobile,Clothing,Bank Transfer
TXN104640,18287.64,7,19.9,157,23,United Kingdom,Mobile,Restaurant,Card
TXN104641,9215.27,21,38.22,2023,19,Kenya,Mobile,Grocery,Digital Wallet
TXN104642,6466.2,21,5.55,2536,27,Nigeria,Mobile,Fuel,Digital Wallet
TXN104643,32500.94,15,22.08,67,16,Nigeria,Tablet,Travel,Card
TXN104644,15326.29,23,23.92,1662,26,Nigeria,Mobile,Fuel,Bank Transfer
TXN104645,40794.4,9,1.58,227,24,Ghana,Desktop,Electronics,Bank Transfer
TXN104646,,20,22.43,2434,20,Nigeria,Desktop,Online Services,Card
TXN104647,7827.9,16,4.7,2084,29,Nigeria,Mobile,Fuel,Card
TXN104648,1608.87,0,10.79,3433,17,,Tablet,Electronics,Bank Transfer
TXN104649,6442.15,17,9.29,548,28,Nigeria,Mobile,Clothing,Card
TXN104650,6319.43,9,13.05,2271,21,Nigeria,Mobile,Grocery,Mobile Money
TXN104651,15163.0,20,16.19,2393,20,Nigeria,Desktop,Fuel,Card
TXN104652,8480.83,3,6.98,1054,22,United States,Mobile,Restaurant,Digital Wallet
TXN104653,15114.46,0,26.3,1115,25,United States,Mobile,Grocery,Mobile Money
TXN104654,16373.84,3,19.9,2420,25,Nigeria,Mobile,Grocery,Mobile Money
TXN104655,69907.53,3,18.47,2678,23,South Africa,Desktop,Clothing,Card
TXN104656,5911.79,3,7.36,1071,16,Kenya,Mobile,Clothing,Mobile Money
TXN104657,3162.05,16,0.46,649,27,Nigeria,Tablet,Online Services,Card
TXN104658,10363.9,8,8.13,1424,26,Nigeria,Mobile,Restaurant,Bank Transfer
TXN104659,3632.66,18,27.45,2899,20,Nigeria,Mobile,Online Services,Card
TXN104660,35666.27,12,2.54,1624,29,Ghana,Mobile,Restaurant,Mobile Money
TXN104661,6104.5,3,48.61,1752,21,Ghana,Mobile,Travel,Card
TXN104662,4602.82,4,19.78,264,29,United States,Mobile,Grocery,Bank Transfer
TXN104663,5057.79,12,14.85,3170,32,South Africa,Desktop,Restaurant,Mobile Money
TXN104664,16620.92,22,13.57,476,23,United Kingdom,Desktop,Clothing,Bank Transfer
TXN104665,6920.57,15,10.61,639,28,United Kingdom,Desktop,Travel,Card
TXN104666,4265.58,21,15.3,37,24,South Africa,Mobile,Online Services,Card
TXN104667,42845.33,4,6.58,491,26,Nigeria,Mobile,Travel,Bank Transfer
TXN104668,3442.08,7,22.39,1029,26,Nigeria,Mobile,Clothing,Card
TXN104669,8396.47,15,14.3,1364,24,Ghana,Mobile,Healthcare,Card
TXN104670,15557.63,0,17.7,163,29,Kenya,Desktop,Restaurant,Card
TXN104671,1585.52,22,18.87,2462,18,Nigeria,Mobile,Healthcare,Mobile Money
TXN104672,13098.6,5,1.16,85,23,United Kingdom,Desktop,Clothing,Card
TXN104673,2821.13,10,0.69,1022,27,United States,Mobile,Restaurant,Digital Wallet
TXN104674,18449.32,15,19.37,1413,20,Ghana,Mobile,Clothing,Card
TXN104675,3094.4,4,3.6,2024,30,Nigeria,Desktop,Clothing,Mobile Money
TXN104676,16200.04,15,10.47,3215,26,United Kingdom,Tablet,Electronics,Card
TXN104677,24485.42,6,7.04,1141,22,Nigeria,Tablet,Restaurant,Digital Wallet
TXN104678,19176.42,18,0.27,2215,24,Nigeria,Desktop,Grocery,Card
TXN104679,10418.27,0,0.49,3209,24,United Kingdom,Desktop,Electronics,Card
TXN104680,6429.8,8,21.06,1553,23,South Africa,Tablet,Electronics,Card
TXN104681,4553.18,17,11.23,2612,23,Nigeria,Desktop,Electronics,Card
TXN104682,35278.7,12,8.9,173,26,United Kingdom,Tablet,Electronics,Bank Transfer
TXN104683,4025.9,14,34.66,2946,29,Nigeria,Mobile,Grocery,Mobile Money
TXN104684,2872.49,2,2.28,2733,25,Ghana,Tablet,Electronics,Card
TXN104685,15762.18,23,3.58,2133,27,Ghana,Mobile,Online Services,Mobile Money
TXN104686,3655.04,9,16.96,649,18,Nigeria,Mobile,Healthcare,Mobile Money
TXN104687,3133.6,8,17.91,1916,23,Nigeria,Mobile,Grocery,Digital Wallet
TXN104688,1912.94,12,6.23,1059,31,United States,Desktop,Online Services,Card
TXN104689,4999.48,15,36.19,2619,19,Nigeria,Mobile,Healthcare,Card
TXN104690,7459.81,2,33.42,2524,33,Nigeria,Tablet,Grocery,Card
TXN104691,10332.94,21,0.15,2050,22,Nigeria,Mobile,Online Services,Card
TXN104692,20979.61,22,2.27,1438,24,Nigeria,Mobile,Electronics,Bank Transfer
TXN104693,13723.95,14,20.59,3408,19,United Kingdom,Mobile,Healthcare,Bank Transfer
TXN104694,6695.08,16,4.9,2951,36,Nigeria,Mobile,Travel,Card
TXN104695,6646.23,13,1.2,668,20,Ghana,Mobile,Grocery,Bank Transfer
TXN104696,13496.12,6,18.45,3403,31,Nigeria,Desktop,Healthcare,Card
TXN104697,28928.14,19,7.27,1686,31,South Africa,Mobile,Electronics,Card
TXN104698,9194.07,15,8.14,3506,27,Ghana,Mobile,Fuel,Card
TXN104699,5068.85,20,2.47,2688,24,Nigeria,Mobile,Fuel,Bank Transfer
TXN104700,3002.3,7,12.98,866,23,United States,Desktop,Clothing,Bank Transfer
TXN104701,1909.88,3,9.62,1615,20,Nigeria,Mobile,Healthcare,Mobile Money
TXN104702,15776.39,19,2.78,809,22,Ghana,Mobile,Clothing,Digital Wallet
TXN104703,14443.19,23,4.99,866,29,United States,Mobile,Restaurant,Mobile Money
TXN104704,14434.31,14,10.9,2587,18,Kenya,Desktop,Fuel,Card
TXN104705,7124.83,4,31.06,3174,31,South Africa,Mobile,Grocery,Card
TXN104706,33088.29,12,30.37,2889,23,Nigeria,Mobile,Fuel,Digital Wallet
TXN104707,4993.45,5,4.07,2641,21,Nigeria,Desktop,Grocery,Mobile Money
TXN104708,21062.92,4,15.96,294,20,Nigeria,Tablet,Healthcare,Mobile Money
TXN104709,7795.15,16,17.93,3328,31,United States,Mobile,Online Services,Mobile Money
TXN104710,4410.08,6,19.85,1246,30,United States,Mobile,Clothing,Card
TXN104711,14654.9,5,10.15,1427,23,Nigeria,Mobile,Grocery,Mobile Money
TXN104712,12205.43,1,0.13,2087,32,Nigeria,Tablet,Healthcare,Card
TXN104713,11579.28,10,17.21,331,31,Nigeria,Mobile,Fuel,Card
TXN104714,8789.2,6,1.35,3460,25,Nigeria,Mobile,Grocery,Card
TXN104715,7801.78,21,1.49,2007,32,Nigeria,Mobile,Healthcare,Bank Transfer
TXN104716,88289.11,20,11.17,834,24,South Africa,Tablet,Clothing,Bank Transfer
TXN104717,26482.96,7,49.27,1105,22,United Kingdom,Desktop,Electronics,Bank Transfer
TXN104718,16694.37,4,3.33,1805,17,South Africa,Desktop,Online Services,Bank Transfer
TXN104719,9061.58,17,12.46,128,28,Ghana,Mobile,Clothing,Card
TXN104720,22184.68,21,4.34,2670,22,South Africa,Mobile,Travel,Card
TXN104721,13602.31,15,27.48,3114,17,South Africa,Mobile,Fuel,Bank Transfer
TXN104722,8318.23,13,10.8,1443,22,Nigeria,Mobile,Fuel,Mobile Money
TXN104723,5981.55,11,2.79,2007,23,Nigeria,Desktop,Clothing,Bank Transfer
TXN104724,7473.23,16,3.65,386,26,Nigeria,Mobile,Online Services,Bank Transfer
TXN104725,340.21,4,6.8,1693,20,Kenya,Mobile,Clothing,Bank Transfer
TXN104726,10002.61,13,1.56,3005,18,United States,Tablet,Online Services,Card
TXN104727,4971.73,5,0.98,40,26,Ghana,Mobile,Fuel,Card
TXN104728,39841.72,14,13.68,110,25,United States,Desktop,Electronics,Card
TXN104729,8261.36,6,6.27,3362,14,Nigeria,Desktop,Clothing,Bank Transfer
TXN104730,2467.69,13,15.55,2083,25,South Africa,Tablet,Clothing,Bank Transfer
TXN104731,7708.82,17,1.4,3559,27,United Kingdom,Desktop,Healthcare,Card
TXN104732,2846.6,0,11.3,2450,27,Ghana,Desktop,Electronics,Bank Transfer
TXN104733,13009.14,5,7.03,2558,24,United States,Mobile,Fuel,Digital Wallet
TXN104734,10839.45,2,0.72,251,22,Ghana,Mobile,Healthcare,Card
TXN104735,21117.13,4,9.44,1970,32,Nigeria,Tablet,Clothing,Digital Wallet
TXN104736,3674.3,11,1.04,3182,22,Nigeria,Mobile,Electronics,Digital Wallet
TXN104737,8383.39,10,21.1,1976,28,Ghana,Desktop,Travel,Mobile Money
TXN104738,2069.33,12,11.99,544,20,United Kingdom,Mobile,Electronics,Mobile Money
TXN104739,16342.02,15,9.77,3161,18,Nigeria,Mobile,Grocery,Card
TXN104740,13614.23,17,1.72,250,22,Ghana,Mobile,Grocery,Card
TXN104741,13303.8,16,4.07,2426,24,South Africa,Mobile,Healthcare,Digital Wallet
TXN104742,8116.21,16,8.15,257,24,Nigeria,Tablet,Online Services,Card
TXN104743,12268.29,10,12.04,2367,22,,Desktop,Electronics,Card
TXN104744,40309.37,19,2.43,322,18,Nigeria,Mobile,Clothing,Card
TXN104745,6093.06,9,0.11,2887,15,Nigeria,Desktop,Restaurant,Mobile Money
TXN104746,9308.15,15,5.07,3294,20,Nigeria,Mobile,Fuel,Card
TXN104747,2734.96,1,7.91,985,24,Nigeria,Desktop,Fuel,Card
TXN104748,3400.71,16,2.45,1527,25,Nigeria,Desktop,Restaurant,Mobile Money
TXN104749,8935.73,21,8.13,1310,18,Ghana,Mobile,Healthcare,Bank Transfer
TXN104750,24438.95,19,4.96,2008,26,Kenya,Mobile,Healthcare,Bank Transfer
TXN104751,6271.18,9,7.29,1559,25,Kenya,Mobile,Travel,Card
TXN104752,6400.19,12,5.12,417,25,Nigeria,Tablet,Travel,Card
TXN104753,5394.39,11,11.88,2692,25,United States,Desktop,Restaurant,Card
TXN104754,4746.88,14,0.53,3499,29,United Kingdom,Desktop,Restaurant,Bank Transfer
TXN104755,10883.15,6,2.25,2443,27,United States,Desktop,Electronics,Mobile Money
TXN104756,1813.01,21,6.8,2735,23,Nigeria,Mobile,Restaurant,Mobile Money
TXN104757,29171.27,20,5.29,2367,11,United Kingdom,Desktop,Grocery,Card
TXN104758,4165.44,12,5.96,3410,20,South Africa,Mobile,Travel,Digital Wallet
TXN104759,16678.96,11,19.54,3379,32,Nigeria,Mobile,Fuel,Card
TXN104760,2275.61,11,26.09,3565,21,Nigeria,Desktop,Online Services,Card
TXN104761,15816.99,1,3.43,218,13,Kenya,Mobile,Fuel,Mobile Money
TXN104762,15866.17,4,21.72,947,30,Nigeria,Mobile,Travel,Card
TXN104763,11898.91,1,7.37,1231,25,Nigeria,Mobile,Fuel,Mobile Money
TXN104764,2997.61,22,3.84,3629,25,Nigeria,Mobile,Grocery,Card
TXN104765,10399.87,19,50.77,953,18,Kenya,Tablet,Travel,Card
TXN104766,2482.31,12,20.9,3065,21,United States,Tablet,Healthcare,Bank Transfer
TXN104767,6293.27,2,61.91,2452,27,Ghana,Mobile,Restaurant,Card
TXN104768,22683.95,10,2.21,1651,21,Kenya,Mobile,Travel,Card
TXN104769,17974.37,15,1.86,789,31,Nigeria,Desktop,Grocery,Bank Transfer
TXN104770,8227.05,0,8.4,1507,20,Kenya,Mobile,Travel,Card
TXN104771,3057.01,18,12.21,2294,30,Nigeria,Mobile,Online Services,Mobile Money
TXN104772,15453.45,10,2.25,1095,27,United Kingdom,Desktop,Online Services,Mobile Money
TXN104773,8261.66,8,23.63,223,15,Nigeria,Desktop,Online Services,Bank Transfer
TXN104774,796.07,13,9.11,1380,24,Nigeria,Mobile,Fuel,Card
TXN104775,17723.2,8,6.35,1426,27,Nigeria,Desktop,Online Services,Bank Transfer
TXN104776,7909.08,6,11.06,1518,23,United Kingdom,Mobile,Restaurant,Mobile Money
TXN104777,26969.21,15,12.09,192,23,United States,Mobile,Online Services,Card
TXN104778,2710.07,2,0.52,305,23,Nigeria,Desktop,Online Services,Card
TXN104779,338.08,18,109.67,393,21,Nigeria,Mobile,Electronics,Mobile Money
TXN104780,,3,5.43,1695,31,Kenya,Mobile,Online Services,Card
TXN104781,10846.13,6,0.76,2852,25,United Kingdom,Desktop,Restaurant,Bank Transfer
TXN104782,1494.17,22,22.95,2557,26,Nigeria,Tablet,Healthcare,Card
TXN104783,3045.74,11,59.57,2766,27,Nigeria,Mobile,Online Services,Mobile Money
TXN104784,127416.66,17,20.34,2032,23,Nigeria,Tablet,Travel,Card
TXN104785,5969.33,4,22.92,489,27,Ghana,Mobile,Healthcare,Digital Wallet
TXN104786,16830.68,22,11.8,3366,27,Nigeria,Mobile,Online Services,Card
TXN104787,4227.39,22,30.66,2616,21,Nigeria,Mobile,Clothing,Digital Wallet
TXN104788,1001.94,21,0.44,3051,32,Nigeria,Mobile,Travel,Card
TXN104789,6834.52,9,17.47,3487,27,Kenya,Mobile,Fuel,Bank Transfer
TXN104790,6212.98,11,13.33,2162,23,United States,Tablet,Online Services,Mobile Money
TXN104791,5432.32,7,0.61,1761,28,United States,Mobile,Online Services,Card
TXN104792,7225.41,18,9.42,1369,20,Kenya,Mobile,Travel,Card
TXN104793,10554.09,14,8.68,2320,31,United Kingdom,Desktop,Grocery,Digital Wallet
TXN104794,6973.57,0,14.11,3570,22,Nigeria,Mobile,Clothing,Card
TXN104795,2289.28,2,0.97,2957,16,Ghana,Desktop,Grocery,Mobile Money
TXN104796,13176.43,17,19.63,1395,18,Nigeria,Mobile,Online Services,Card
TXN104797,1153.58,17,1.8,3278,17,Kenya,Mobile,Grocery,Bank Transfer
TXN104798,1042.78,1,6.51,3231,26,United States,Desktop,Restaurant,Card
TXN104799,16969.63,4,25.57,686,28,United Kingdom,Mobile,Healthcare,Mobile Money
TXN104800,13453.85,0,9.87,1136,20,Nigeria,Mobile,Electronics,Card
TXN104801,7651.1,9,5.73,1413,21,South Africa,Mobile,Healthcare,Bank Transfer
TXN104802,2007.31,19,0.59,2165,27,United States,Mobile,Travel,Card
TXN104803,3992.17,9,13.39,3633,22,Nigeria,Desktop,Healthcare,Bank Transfer
TXN104804,6230.76,4,51.7,771,18,South Africa,Mobile,Clothing,Card
TXN104805,1642.72,17,29.14,2025,17,Nigeria,Mobile,Travel,Card
TXN104806,3869.85,20,15.16,3062,33,United Kingdom,Mobile,Grocery,Bank Transfer
TXN104807,15558.0,14,1.34,2548,27,Nigeria,Mobile,Healthcare,Card
TXN104808,33769.23,19,3.28,1551,23,Nigeria,Tablet,Fuel,Digital Wallet
TXN104809,5327.12,7,2.48,3608,21,Kenya,Tablet,Electronics,Mobile Money
TXN104810,17265.89,16,5.27,3455,27,Nigeria,Mobile,Grocery,Bank Transfer
TXN104811,1195.05,11,3.22,2493,26,Nigeria,Mobile,Travel,Card
TXN104812,15669.18,20,3.36,3152,22,Ghana,Mobile,Restaurant,Bank Transfer
TXN104813,3626.6,11,11.51,1653,25,United Kingdom,Mobile,Travel,Card
TXN104814,11018.66,0,4.61,711,21,Nigeria,Mobile,Healthcare,Mobile Money
TXN104815,6324.89,3,13.57,3164,22,United Kingdom,Mobile,Grocery,Card
TXN104816,30345.82,7,35.45,1142,17,South Africa,Desktop,Clothing,Card
TXN104817,3379.77,0,12.21,1754,24,Ghana,Mobile,Fuel,Card
TXN104818,15178.06,14,16.72,3291,24,Ghana,Tablet,Clothing,Digital Wallet
TXN104819,6127.2,17,16.71,928,15,Nigeria,Mobile,Clothing,Mobile Money
TXN104820,6916.7,0,4.82,630,25,Nigeria,Desktop,Fuel,Card
TXN104821,6742.23,10,0.18,3449,21,Nigeria,Tablet,Clothing,Digital Wallet
TXN104822,3478.4,22,0.68,1897,16,Nigeria,Mobile,Healthcare,Card
TXN104823,7989.64,1,3.98,3639,26,Nigeria,Tablet,Clothing,Mobile Money
TXN104824,7611.01,0,14.04,1229,22,Nigeria,Mobile,Online Services,Bank Transfer
TXN104825,10313.82,11,28.46,3465,27,Kenya,Tablet,Electronics,Mobile Money
TXN104826,8817.6,15,38.27,2853,21,Ghana,Tablet,Electronics,Card
TXN104827,17997.62,21,0.31,2978,25,United States,Mobile,Restaurant,Card
TXN104828,20404.46,21,55.37,512,14,Nigeria,Desktop,Healthcare,Bank Transfer
TXN104829,2833.81,9,4.67,2040,20,Nigeria,Mobile,Healthcare,Card
TXN104830,19317.61,17,22.21,1172,27,Nigeria,Mobile,Clothing,Card
TXN104831,2474.18,14,2.39,198,26,Nigeria,Mobile,Grocery,Mobile Money
TXN104832,14586.56,16,0.78,2051,23,South Africa,Mobile,Grocery,Bank Transfer
TXN104833,15059.12,9,5.7,2224,24,Nigeria,Mobile,Travel,Card
TXN104834,1198.33,2,23.5,3538,29,Nigeria,Mobile,Clothing,Card
TXN104835,8892.64,20,2.99,468,12,Nigeria,Desktop,Fuel,Card
TXN104836,5072.07,15,2.01,2965,24,Nigeria,Mobile,Fuel,Mobile Money
TXN104837,3794.22,5,28.87,3290,21,Nigeria,Tablet,Grocery,Mobile Money
TXN104838,31283.7,2,33.43,189,28,Nigeria,Mobile,Online Services,Mobile Money
TXN104839,4214.65,8,0.15,843,28,Nigeria,Mobile,Restaurant,Mobile Money
TXN104840,3617.81,10,15.6,2479,28,Nigeria,Desktop,Grocery,Mobile Money
TXN104841,8740.26,20,4.44,615,24,Nigeria,Desktop,Online Services,Card
TXN104842,16084.15,12,5.63,893,13,South Africa,Desktop,Online Services,Card
TXN104843,7032.88,17,7.6,1071,19,Nigeria,Mobile,Restaurant,Mobile Money
TXN104844,26013.49,21,6.68,169,28,Nigeria,Mobile,Clothing,Card
TXN104845,13780.03,23,8.68,1168,25,Nigeria,Mobile,Travel,Digital Wallet
TXN104846,917.62,21,10.48,357,21,Nigeria,Mobile,Healthcare,Digital Wallet
TXN104847,4772.06,3,7.52,254,21,Nigeria,Mobile,Travel,Bank Transfer
TXN104848,4620.04,21,14.51,587,26,Nigeria,Mobile,Healthcare,Card
TXN104849,13086.82,23,15.22,2516,14,Nigeria,Mobile,Electronics,Bank Transfer
TXN104850,587.09,7,6.97,1603,26,Nigeria,Desktop,Clothing,Mobile Money
TXN104851,103674.32,12,1.84,1771,31,South Africa,Desktop,Grocery,Mobile Money
TXN104852,13780.72,9,12.28,415,26,United Kingdom,Mobile,Fuel,Card
TXN104853,9403.87,1,17.79,550,20,Nigeria,Mobile,Travel,Mobile Money
TXN104854,26411.84,7,12.2,1306,22,Nigeria,Mobile,Healthcare,Bank Transfer
TXN104855,84427.97,5,10.64,2697,25,Ghana,Mobile,Online Services,Card
TXN104856,19355.79,15,3.13,1151,30,South Africa,Desktop,Restaurant,Card
TXN104857,20927.37,17,12.43,2864,25,United States,Desktop,Online Services,Bank Transfer
TXN104858,9234.39,16,4.89,3172,25,Nigeria,Desktop,Restaurant,Card
TXN104859,7033.74,5,30.24,2628,25,Nigeria,Mobile,Grocery,Card
TXN104860,5035.18,12,12.73,1863,30,South Africa,Tablet,Grocery,Card
TXN104861,3547.11,22,3.91,476,26,United Kingdom,Mobile,Clothing,Digital Wallet
TXN104862,4076.47,13,7.68,3191,25,Nigeria,Desktop,Grocery,Card
TXN104863,2099.48,20,22.5,3531,31,Kenya,Mobile,Grocery,Card
TXN104864,7511.03,9,4.9,1272,26,Nigeria,Mobile,Grocery,Card
TXN104865,1503.17,23,8.94,136,31,Nigeria,Mobile,Fuel,Mobile Money
TXN104866,9807.64,10,13.66,1529,20,Nigeria,Mobile,Travel,Mobile Money
TXN104867,7813.98,12,16.85,2993,27,Nigeria,Mobile,Healthcare,Mobile Money
TXN104868,9385.63,11,2.29,1507,22,South Africa,Tablet,Clothing,Bank Transfer
TXN104869,4807.19,8,9.99,933,24,South Africa,Mobile,Fuel,Bank Transfer
TXN104870,175757.48,3,29.19,1661,29,United Kingdom,Mobile,Fuel,Card
TXN104871,31574.84,6,41.44,2621,28,Nigeria,Desktop,Grocery,Bank Transfer
TXN104872,2334.28,23,12.81,1179,22,Nigeria,Mobile,Fuel,Card
TXN104873,10227.83,21,49.37,1200,32,Nigeria,Mobile,Healthcare,Bank Transfer
TXN104874,4411.61,1,10.15,2357,22,Nigeria,Tablet,Healthcare,Card
TXN104875,2938.11,6,7.01,53,20,Kenya,Mobile,Grocery,Digital Wallet
TXN104876,2121.6,8,9.62,981,19,Nigeria,Mobile,Online Services,Bank Transfer
TXN104877,12484.17,4,1.48,1774,21,Nigeria,Desktop,Online Services,Bank Transfer
TXN104878,4099.5,14,6.16,2069,24,Nigeria,Mobile,Fuel,Bank Transfer
TXN104879,21329.07,17,7.36,149,29,Nigeria,Desktop,Restaurant,Mobile Money
TXN104880,21889.93,3,22.66,1705,30,Ghana,Mobile,Travel,Bank Transfer
TXN104881,32013.55,18,17.06,1350,28,Nigeria,Mobile,Grocery,Card
TXN104882,3455.12,19,11.04,884,33,South Africa,Mobile,Travel,Card
TXN104883,13034.64,6,5.12,1045,23,Kenya,Tablet,Clothing,Card
TXN104884,15251.82,7,2.48,3021,18,Nigeria,Desktop,Clothing,Card
TXN104885,5043.33,16,5.13,3183,26,Nigeria,Mobile,Online Services,Card
TXN104886,3745.19,12,13.67,477,25,Kenya,Mobile,Electronics,Digital Wallet
TXN104887,40518.77,23,3.66,1965,37,Nigeria,Mobile,Fuel,Mobile Money
TXN104888,10173.04,20,6.68,1773,15,South Africa,Mobile,Healthcare,Card
TXN104889,15305.5,22,5.87,1025,26,Nigeria,Desktop,Fuel,Card
TXN104890,3561.45,10,17.41,1972,19,Nigeria,Tablet,Healthcare,Bank Transfer
TXN104891,2393.99,0,25.83,3571,22,United States,Desktop,Restaurant,Card
TXN104892,4585.02,1,14.42,1476,17,Ghana,Mobile,Healthcare,Mobile Money
TXN104893,7157.95,16,5.02,3646,23,Nigeria,Mobile,Electronics,Card
TXN104894,2795.54,4,6.81,3125,18,Nigeria,Mobile,Healthcare,Digital Wallet
TXN104895,8023.7,5,1.86,1114,29,Nigeria,Mobile,Travel,Card
TXN104896,1497.41,23,2.21,1754,21,Ghana,Mobile,Restaurant,Card
TXN104897,2643.75,6,2.15,2161,23,Nigeria,Desktop,Online Services,Digital Wallet
TXN104898,15849.79,20,1.68,2302,24,Nigeria,Mobile,Grocery,Card
TXN104899,14820.85,14,2.38,215,27,United States,Mobile,Online Services,Card
TXN104900,5475.96,18,2.72,2452,25,Nigeria,Mobile,Online Services,Card
TXN104901,2928.47,15,1.42,101,27,Nigeria,Tablet,Restaurant,Bank Transfer
TXN104902,2900.38,12,12.27,103,23,Ghana,Desktop,Restaurant,Card
TXN104903,5578.82,4,55.75,1950,21,Nigeria,Mobile,Healthcare,Digital Wallet
TXN104904,15436.94,2,25.36,1394,23,Nigeria,Desktop,Clothing,Digital Wallet
TXN104905,20501.34,2,0.56,2230,24,Nigeria,Mobile,Electronics,Mobile Money
TXN104906,4931.84,18,6.6,2173,16,United Kingdom,Mobile,Clothing,Card
TXN104907,2556.79,13,23.53,2522,26,Nigeria,Mobile,Clothing,Digital Wallet
TXN104908,10591.89,15,1.74,3211,24,Nigeria,Mobile,Electronics,Mobile Money
TXN104909,3556.26,21,22.58,1511,22,Kenya,Mobile,Clothing,Card
TXN104910,4825.88,16,10.78,2905,32,Nigeria,Desktop,Restaurant,Card
TXN104911,30493.72,3,32.14,3152,29,South Africa,Mobile,Travel,Bank Transfer
TXN104912,18529.43,12,25.05,2454,22,Nigeria,Mobile,Grocery,Mobile Money
TXN104913,9489.81,7,13.56,794,22,Kenya,Mobile,Fuel,Card
TXN104914,2271.24,18,12.87,1126,20,South Africa,Desktop,Grocery,Bank Transfer
TXN104915,10010.57,4,2.88,241,24,United Kingdom,Desktop,Fuel,Digital Wallet
TXN104916,23450.74,1,1.49,3533,21,Nigeria,Mobile,Fuel,Card
TXN104917,5565.63,14,6.44,753,15,United Kingdom,Mobile,Clothing,Card
TXN104918,31291.89,1,2.48,3269,25,Nigeria,Mobile,Electronics,Digital Wallet
TXN104919,29517.7,10,1.3,2852,23,Kenya,Mobile,Restaurant,Card
TXN104920,42776.02,12,4.32,2408,24,Nigeria,Mobile,Clothing,Digital Wallet
TXN104921,10995.52,22,23.64,1795,25,Nigeria,Mobile,Restaurant,Mobile Money
TXN104922,14579.79,9,0.21,780,32,Nigeria,Desktop,Restaurant,Card
TXN104923,33329.14,2,4.15,1547,23,Nigeria,Mobile,Fuel,Card
TXN104924,12675.09,4,6.62,3244,18,Nigeria,Desktop,Fuel,Card
TXN104925,4908.71,2,8.57,1498,30,Ghana,Desktop,Online Services,Card
TXN104926,5174.29,5,2.4,2901,22,Nigeria,Mobile,Fuel,Mobile Money
TXN104927,10286.16,12,39.96,423,34,South Africa,Mobile,Grocery,Bank Transfer
TXN104928,2229.29,9,10.38,541,21,Nigeria,Mobile,Travel,Mobile Money
TXN104929,7021.56,18,8.86,715,21,Nigeria,Desktop,Healthcare,Bank Transfer
TXN104930,24259.1,7,0.11,2698,20,Nigeria,Mobile,Healthcare,Bank Transfer
TXN104931,905.73,17,7.98,1768,31,Nigeria,Mobile,Travel,Digital Wallet
TXN104932,37589.58,2,21.82,1750,18,Nigeria,Mobile,Electronics,Mobile Money
TXN104933,24893.8,23,2.98,1856,26,United States,Mobile,Travel,Digital Wallet
TXN104934,5116.55,23,5.19,3429,26,Nigeria,Mobile,Clothing,Card
TXN104935,13952.18,16,0.25,2681,25,Kenya,Mobile,Grocery,Mobile Money
TXN104936,8128.63,7,45.23,1312,33,Nigeria,Mobile,Grocery,Bank Transfer
TXN104937,27722.24,9,0.83,1887,28,United Kingdom,Desktop,Restaurant,Digital Wallet
TXN104938,21648.32,1,27.42,3538,21,Nigeria,Mobile,Clothing,Bank Transfer
TXN104939,1998.05,11,4.5,2795,31,United Kingdom,Mobile,Clothing,Card
TXN104940,14577.91,22,10.63,2426,32,Nigeria,Mobile,Restaurant,Card
TXN104941,6597.01,5,13.65,2592,24,Nigeria,Mobile,Online Services,Card
TXN104942,8802.87,1,1.82,3550,23,Nigeria,Mobile,Online Services,Card
TXN104943,3912.09,20,7.04,2476,25,Nigeria,Mobile,Restaurant,Bank Transfer
TXN104944,46543.24,22,4.72,2291,25,Nigeria,Desktop,Grocery,Digital Wallet
TXN104945,22926.8,23,0.7,3647,29,Nigeria,Mobile,Healthcare,Card
TXN104946,3866.98,2,21.49,2639,31,South Africa,Mobile,Fuel,Card
TXN104947,2133.22,16,0.55,1342,16,Nigeria,Mobile,Clothing,Digital Wallet
TXN104948,5510.04,6,12.71,1894,26,Nigeria,Mobile,Travel,Card
TXN104949,12512.74,20,4.52,3360,19,Nigeria,Mobile,Travel,Digital Wallet
TXN104950,10303.16,4,2.56,2335,26,Kenya,Mobile,Fuel,Card
TXN104951,28371.29,22,13.2,1441,30,Nigeria,Mobile,Fuel,Card
TXN104952,17852.87,0,10.25,1837,14,Ghana,Mobile,Grocery,Card
TXN104953,21366.28,7,4.54,2771,23,Nigeria,Mobile,Travel,Digital Wallet
TXN104954,11235.74,11,8.63,1598,28,Nigeria,Mobile,Travel,Digital Wallet
TXN104955,2019.69,13,3.39,3366,17,Nigeria,Desktop,Fuel,Mobile Money
TXN104956,6662.84,15,23.91,3414,27,United States,Desktop,Clothing,Card
TXN104957,23390.61,9,4.52,1093,28,Nigeria,Mobile,Healthcare,Digital Wallet
TXN104958,7696.16,14,3.37,1027,28,Nigeria,Desktop,Clothing,Digital Wallet
TXN104959,13401.08,20,16.72,2897,23,Kenya,Mobile,Electronics,Card
TXN104960,5891.42,23,0.21,2287,30,Nigeria,Tablet,Clothing,Bank Transfer
TXN104961,2893.4,14,3.74,2349,34,Ghana,Mobile,Electronics,Digital Wallet
TXN104962,7162.8,9,5.65,3237,34,United States,Mobile,Healthcare,Card
TXN104963,11037.43,20,25.67,628,29,United States,Mobile,Online Services,Card
TXN104964,4206.19,6,36.06,1113,21,Nigeria,Mobile,Clothing,Digital Wallet
TXN104965,6401.51,2,15.13,3611,35,Nigeria,Mobile,Restaurant,Bank Transfer
TXN104966,3166.99,1,8.14,3616,28,United Kingdom,Mobile,Clothing,Digital Wallet
TXN104967,24816.03,5,12.28,3116,32,Nigeria,Mobile,Electronics,Bank Transfer
TXN104968,6036.29,20,6.41,3100,26,Nigeria,Tablet,Travel,Card
TXN104969,34639.69,8,4.26,2332,29,Nigeria,Tablet,Clothing,Bank Transfer
TXN104970,37374.65,9,36.12,2814,18,Nigeria,Desktop,Travel,Mobile Money
TXN104971,7472.27,3,1.47,751,23,United States,Mobile,Travel,Card
TXN104972,2955.88,2,5.1,2612,22,South Africa,Desktop,Clothing,Card
TXN104973,1006.37,8,27.52,3336,25,Nigeria,Desktop,Clothing,Card
TXN104974,1859.31,23,15.41,1184,18,United Kingdom,Tablet,Restaurant,Bank Transfer
TXN104975,2051.17,21,0.35,1738,14,Nigeria,Mobile,Online Services,Digital Wallet
TXN104976,32159.71,16,0.28,3101,27,United Kingdom,Mobile,Healthcare,Bank Transfer
TXN104977,9098.13,13,8.72,46,29,Nigeria,Mobile,Electronics,Bank Transfer
TXN104978,11963.37,9,7.95,2959,33,Nigeria,Tablet,Clothing,Card
TXN104979,879.7,12,7.02,3031,29,Nigeria,Mobile,Travel,Bank Transfer
TXN104980,2445.57,11,4.32,2903,33,Nigeria,Mobile,Travel,Bank Transfer
TXN104981,19674.52,0,51.78,1021,27,Nigeria,Mobile,Clothing,Mobile Money
TXN104982,10794.31,21,3.81,907,29,Nigeria,Mobile,Electronics,Digital Wallet
TXN104983,6993.91,18,8.08,2262,22,United States,Tablet,Online Services,Bank Transfer
TXN104984,14254.71,18,6.23,3492,31,United Kingdom,Mobile,Travel,Digital Wallet
TXN104985,41597.6,5,2.24,1476,36,Ghana,Mobile,Online Services,Mobile Money
TXN104986,6496.1,12,2.72,1495,24,United Kingdom,Tablet,Online Services,Card
TXN104987,8685.15,18,30.06,1708,31,United States,Mobile,Restaurant,Bank Transfer
TXN104988,9824.13,12,23.45,3113,23,Kenya,Desktop,Travel,Digital Wallet
TXN104989,88619.72,21,2.66,1573,20,Nigeria,Mobile,Electronics,Digital Wallet
TXN104990,992.91,20,25.02,109,23,United Kingdom,Desktop,Grocery,Card
TXN104991,16046.13,3,2.82,2886,32,Ghana,Mobile,Healthcare,Mobile Money
TXN104992,7224.24,23,11.82,2379,22,Nigeria,Mobile,Restaurant,Card
TXN104993,14282.23,1,1.02,3317,25,Nigeria,Mobile,Restaurant,Card
TXN104994,4199.11,14,25.48,1301,28,Nigeria,Tablet,Grocery,Digital Wallet
TXN104995,7715.87,11,0.63,1594,21,United States,Mobile,Restaurant,Digital Wallet
TXN104996,16504.87,6,9.71,1325,23,Kenya,Mobile,Restaurant,Bank Transfer
TXN104997,182209.1,19,18.15,2210,20,United Kingdom,Desktop,Restaurant,Card
TXN104998,18179.25,17,1.49,1058,31,South Africa,Mobile,Healthcare,Mobile Money
TXN104999,3470.09,22,6.22,2833,28,Nigeria,Mobile,Healthcare,Bank Transfer
TXN101034,4998.1,17,3.33,2033,26,Nigeria,Mobile,Grocery,Mobile Money
TXN100250,2296.44,2,10.07,1174,21,Nigeria,Desktop,Online Services,Digital Wallet
TXN102578,10728.26,4,4.27,1212,26,Kenya,Mobile,Healthcare,Card
TXN103525,2505.19,14,9.37,1067,25,Kenya,Mobile,Grocery,Card
TXN103533,2347.13,15,0.98,2691,28,United States,Mobile,Grocery,Bank Transfer
TXN100353,6905.42,23,33.01,2588,18,United Kingdom,Mobile,Healthcare,Card
TXN103740,3965.23,9,4.03,3537,24,South Africa,Desktop,Clothing,Card
TXN103930,15859.61,15,4.25,815,22,Nigeria,Desktop,Electronics,Card
TXN104233,13419.76,15,1.38,1521,22,Nigeria,Mobile,Healthcare,Bank Transfer
TXN102320,12575.44,17,26.75,1965,20,Nigeria,Desktop,Healthcare,Mobile Money
TXN104267,1101.54,13,5.07,2070,18,,Tablet,Healthcare,Mobile Money
TXN100298,18267.2,10,11.49,1626,19,United Kingdom,Mobile,Grocery,Card
TXN104091,33540.34,4,26.91,2669,20,Nigeria,Mobile,Online Services,Mobile Money
TXN102492,4948.69,22,11.45,419,32,United Kingdom,Mobile,Travel,Bank Transfer
TXN102914,16082.83,11,8.2,2644,28,United States,Mobile,Healthcare,Bank Transfer
TXN104279,11660.6,2,8.47,2289,31,Kenya,Mobile,Fuel,Mobile Money
TXN103529,2831.86,4,1.07,3480,29,United Kingdom,Mobile,Clothing,Bank Transfer
TXN100199,2583.83,3,10.26,849,27,Nigeria,Desktop,Electronics,Bank Transfer
TXN103776,1298.36,6,9.41,2818,27,Nigeria,Desktop,Restaurant,Bank Transfer
TXN102902,4583.27,7,22.14,793,18,Nigeria,Mobile,Restaurant,Bank Transfer
